Algorithm,Model,Dataset,Parameters,MSE,MAE,R-Squared,Adj-R-Squared
KNN,Model 1,Holdout Set,"n_neighbors = 5, weights = distance",0.029696,0.114523,0.029873,0.013418
KNN,Model 1,Training Set,"n_neighbors = 5, weights = distance",0.000000,0.000000,1.000000,1.000000
KNN,Model 2,Holdout Set,"n_neighbors = 5, weights = distance",0.030859,0.117781,-0.008120,-0.025220
KNN,Model 2,Training Set,"n_neighbors = 5, weights = distance",0.000000,0.000000,1.000000,1.000000
KNN,Model 3,Holdout Set,"n_neighbors = 5, weights = distance",0.005525,0.053265,0.381300,0.370660
KNN,Model 3,Training Set,"n_neighbors = 5, weights = distance",0.000000,0.000000,1.000000,1.000000
KNN,Model 4,Holdout Set,"n_neighbors = 5, weights = distance",0.005521,0.054001,0.381797,0.371165
KNN,Model 4,Training Set,"n_neighbors = 5, weights = distance",0.000000,0.000000,1.000000,1.000000
Lasso,Model 1,Holdout Set,alpha = 0.005,0.024767,0.113275,0.190885,0.177161
Lasso,Model 1,Training Set,alpha = 0.005,0.028350,0.092908,0.262260,0.260575
Lasso,Model 2,Holdout Set,alpha = 0.005,0.024588,0.109375,0.196741,0.183116
Lasso,Model 2,Training Set,alpha = 0.005,0.029110,0.094516,0.249317,0.247551
Lasso,Model 3,Holdout Set,alpha = 0.005,0.003085,0.033568,0.654540,0.648599
Lasso,Model 3,Training Set,alpha = 0.005,0.002383,0.030652,0.673278,0.672522
Lasso,Model 4,Holdout Set,alpha = 0.005,0.003086,0.033546,0.654484,0.648543
Lasso,Model 4,Training Set,alpha = 0.005,0.002409,0.030853,0.672510,0.671730
OLS,Model 1,Holdout Set,fit_intercept = False,0.064104,0.205312,-1.094204,-1.129726
OLS,Model 1,Holdout Set,fit_intercept = True,0.062447,0.197011,-1.040063,-1.074666
OLS,Model 1,Training Set,fit_intercept = False,0.028434,0.096009,0.260052,0.258361
OLS,Model 1,Training Set,fit_intercept = True,0.027439,0.091613,0.285970,0.284339
OLS,Model 2,Holdout Set,fit_intercept = False,0.035809,0.146125,-0.169848,-0.189691
OLS,Model 2,Holdout Set,fit_intercept = True,0.043579,0.168375,-0.423686,-0.447835
OLS,Model 2,Training Set,fit_intercept = False,0.028709,0.096216,0.259667,0.257925
OLS,Model 2,Training Set,fit_intercept = True,0.027820,0.092315,0.282597,0.280909
OLS,Model 3,Holdout Set,fit_intercept = False,0.003080,0.035069,0.655114,0.649183
OLS,Model 3,Holdout Set,fit_intercept = True,0.013490,0.105828,-0.510572,-0.536549
OLS,Model 3,Training Set,fit_intercept = False,0.013962,0.109883,-0.914001,-0.918426
OLS,Model 3,Training Set,fit_intercept = True,0.002184,0.029442,0.700633,0.699941
OLS,Model 4,Holdout Set,fit_intercept = False,0.013075,0.102787,-0.464142,-0.489321
OLS,Model 4,Holdout Set,fit_intercept = True,0.003066,0.035741,0.656653,0.650748
OLS,Model 4,Training Set,fit_intercept = False,0.014064,0.110248,-0.911976,-0.916529
OLS,Model 4,Training Set,fit_intercept = True,0.002206,0.029644,0.700034,0.699319
RF,Model 1,Holdout Set,"max_depth = 10, max_features = 1.0, min_samples_leaf = 10, n_estimators = 100",0.019432,0.094826,0.365184,0.354906
RF,Model 1,Holdout Set,"max_depth = 10, max_features = 1.0, min_samples_leaf = 10, n_estimators = 300",0.019250,0.094480,0.371116,0.360935
RF,Model 1,Holdout Set,"max_depth = 10, max_features = 1.0, min_samples_leaf = 10, n_estimators = 500",0.019220,0.094389,0.372116,0.361951
RF,Model 1,Holdout Set,"max_depth = 10, max_features = 1.0, min_samples_leaf = 20, n_estimators = 100",0.019425,0.094502,0.365419,0.355145
RF,Model 1,Holdout Set,"max_depth = 10, max_features = 1.0, min_samples_leaf = 20, n_estimators = 300",0.019375,0.094452,0.367034,0.356786
RF,Model 1,Holdout Set,"max_depth = 10, max_features = 1.0, min_samples_leaf = 20, n_estimators = 500",0.019309,0.094351,0.369183,0.358970
RF,Model 1,Holdout Set,"max_depth = 10, max_features = 1.0, min_samples_leaf = 5, n_estimators = 100",0.020228,0.095159,0.339188,0.328489
RF,Model 1,Holdout Set,"max_depth = 10, max_features = 1.0, min_samples_leaf = 5, n_estimators = 300",0.019857,0.094822,0.351295,0.340793
RF,Model 1,Holdout Set,"max_depth = 10, max_features = 1.0, min_samples_leaf = 5, n_estimators = 500",0.019895,0.095062,0.350068,0.339545
RF,Model 1,Holdout Set,"max_depth = 10, max_features = log2, min_samples_leaf = 10, n_estimators = 100",0.020620,0.093305,0.326367,0.315461
RF,Model 1,Holdout Set,"max_depth = 10, max_features = log2, min_samples_leaf = 10, n_estimators = 300",0.020609,0.093593,0.326726,0.315826
RF,Model 1,Holdout Set,"max_depth = 10, max_features = log2, min_samples_leaf = 10, n_estimators = 500",0.020376,0.093213,0.334327,0.323550
RF,Model 1,Holdout Set,"max_depth = 10, max_features = log2, min_samples_leaf = 20, n_estimators = 100",0.021020,0.094189,0.313315,0.302197
RF,Model 1,Holdout Set,"max_depth = 10, max_features = log2, min_samples_leaf = 20, n_estimators = 300",0.020968,0.093980,0.315015,0.303924
RF,Model 1,Holdout Set,"max_depth = 10, max_features = log2, min_samples_leaf = 20, n_estimators = 500",0.020737,0.093501,0.322557,0.311589
RF,Model 1,Holdout Set,"max_depth = 10, max_features = log2, min_samples_leaf = 5, n_estimators = 100",0.020657,0.093997,0.325161,0.314235
RF,Model 1,Holdout Set,"max_depth = 10, max_features = log2, min_samples_leaf = 5, n_estimators = 300",0.020694,0.094212,0.323947,0.313001
RF,Model 1,Holdout Set,"max_depth = 10, max_features = log2, min_samples_leaf = 5, n_estimators = 500",0.020567,0.093771,0.328117,0.317239
RF,Model 1,Holdout Set,"max_depth = 10, max_features = sqrt, min_samples_leaf = 10, n_estimators = 100",0.019307,0.091995,0.369252,0.359040
RF,Model 1,Holdout Set,"max_depth = 10, max_features = sqrt, min_samples_leaf = 10, n_estimators = 300",0.019282,0.091319,0.370089,0.359890
RF,Model 1,Holdout Set,"max_depth = 10, max_features = sqrt, min_samples_leaf = 10, n_estimators = 500",0.019357,0.091694,0.367620,0.357382
RF,Model 1,Holdout Set,"max_depth = 10, max_features = sqrt, min_samples_leaf = 20, n_estimators = 100",0.019970,0.092408,0.347601,0.337039
RF,Model 1,Holdout Set,"max_depth = 10, max_features = sqrt, min_samples_leaf = 20, n_estimators = 300",0.019766,0.092207,0.354260,0.343806
RF,Model 1,Holdout Set,"max_depth = 10, max_features = sqrt, min_samples_leaf = 20, n_estimators = 500",0.019716,0.092315,0.355915,0.345487
RF,Model 1,Holdout Set,"max_depth = 10, max_features = sqrt, min_samples_leaf = 5, n_estimators = 100",0.019761,0.092991,0.354448,0.343997
RF,Model 1,Holdout Set,"max_depth = 10, max_features = sqrt, min_samples_leaf = 5, n_estimators = 300",0.019184,0.091545,0.373297,0.363151
RF,Model 1,Holdout Set,"max_depth = 10, max_features = sqrt, min_samples_leaf = 5, n_estimators = 500",0.019266,0.091791,0.370599,0.360408
RF,Model 1,Holdout Set,"max_depth = 15, max_features = 1.0, min_samples_leaf = 10, n_estimators = 100",0.018986,0.092997,0.379761,0.369719
RF,Model 1,Holdout Set,"max_depth = 15, max_features = 1.0, min_samples_leaf = 10, n_estimators = 300",0.018833,0.092703,0.384758,0.374797
RF,Model 1,Holdout Set,"max_depth = 15, max_features = 1.0, min_samples_leaf = 10, n_estimators = 500",0.018818,0.092759,0.385241,0.375288
RF,Model 1,Holdout Set,"max_depth = 15, max_features = 1.0, min_samples_leaf = 20, n_estimators = 100",0.019231,0.093676,0.371736,0.361564
RF,Model 1,Holdout Set,"max_depth = 15, max_features = 1.0, min_samples_leaf = 20, n_estimators = 300",0.019059,0.093135,0.377359,0.367278
RF,Model 1,Holdout Set,"max_depth = 15, max_features = 1.0, min_samples_leaf = 20, n_estimators = 500",0.019025,0.093153,0.378462,0.368399
RF,Model 1,Holdout Set,"max_depth = 15, max_features = 1.0, min_samples_leaf = 5, n_estimators = 100",0.019809,0.093656,0.352868,0.342390
RF,Model 1,Holdout Set,"max_depth = 15, max_features = 1.0, min_samples_leaf = 5, n_estimators = 300",0.019445,0.093331,0.364758,0.354474
RF,Model 1,Holdout Set,"max_depth = 15, max_features = 1.0, min_samples_leaf = 5, n_estimators = 500",0.019462,0.093416,0.364188,0.353894
RF,Model 1,Holdout Set,"max_depth = 15, max_features = log2, min_samples_leaf = 10, n_estimators = 100",0.020060,0.091862,0.344661,0.334051
RF,Model 1,Holdout Set,"max_depth = 15, max_features = log2, min_samples_leaf = 10, n_estimators = 300",0.020039,0.092085,0.345335,0.334736
RF,Model 1,Holdout Set,"max_depth = 15, max_features = log2, min_samples_leaf = 10, n_estimators = 500",0.019975,0.091844,0.347442,0.336877
RF,Model 1,Holdout Set,"max_depth = 15, max_features = log2, min_samples_leaf = 20, n_estimators = 100",0.020697,0.093354,0.323851,0.312904
RF,Model 1,Holdout Set,"max_depth = 15, max_features = log2, min_samples_leaf = 20, n_estimators = 300",0.020550,0.092945,0.328641,0.317771
RF,Model 1,Holdout Set,"max_depth = 15, max_features = log2, min_samples_leaf = 20, n_estimators = 500",0.020439,0.092662,0.332284,0.321473
RF,Model 1,Holdout Set,"max_depth = 15, max_features = log2, min_samples_leaf = 5, n_estimators = 100",0.019714,0.092098,0.355965,0.345538
RF,Model 1,Holdout Set,"max_depth = 15, max_features = log2, min_samples_leaf = 5, n_estimators = 300",0.019763,0.092223,0.354383,0.343930
RF,Model 1,Holdout Set,"max_depth = 15, max_features = log2, min_samples_leaf = 5, n_estimators = 500",0.019766,0.091865,0.354255,0.343800
RF,Model 1,Holdout Set,"max_depth = 15, max_features = sqrt, min_samples_leaf = 10, n_estimators = 100",0.019424,0.091190,0.365453,0.355179
RF,Model 1,Holdout Set,"max_depth = 15, max_features = sqrt, min_samples_leaf = 10, n_estimators = 300",0.019017,0.089926,0.378752,0.368694
RF,Model 1,Holdout Set,"max_depth = 15, max_features = sqrt, min_samples_leaf = 10, n_estimators = 500",0.019010,0.089903,0.378950,0.368895
RF,Model 1,Holdout Set,"max_depth = 15, max_features = sqrt, min_samples_leaf = 20, n_estimators = 100",0.019649,0.091476,0.358078,0.347686
RF,Model 1,Holdout Set,"max_depth = 15, max_features = sqrt, min_samples_leaf = 20, n_estimators = 300",0.019313,0.090480,0.369064,0.358849
RF,Model 1,Holdout Set,"max_depth = 15, max_features = sqrt, min_samples_leaf = 20, n_estimators = 500",0.019275,0.090448,0.370323,0.360128
RF,Model 1,Holdout Set,"max_depth = 15, max_features = sqrt, min_samples_leaf = 5, n_estimators = 100",0.019280,0.091100,0.370156,0.359959
RF,Model 1,Holdout Set,"max_depth = 15, max_features = sqrt, min_samples_leaf = 5, n_estimators = 300",0.018570,0.089168,0.393335,0.383513
RF,Model 1,Holdout Set,"max_depth = 15, max_features = sqrt, min_samples_leaf = 5, n_estimators = 500",0.018785,0.089682,0.386328,0.376393
RF,Model 1,Holdout Set,"max_depth = 5, max_features = 1.0, min_samples_leaf = 10, n_estimators = 100",0.020903,0.100004,0.317111,0.306055
RF,Model 1,Holdout Set,"max_depth = 5, max_features = 1.0, min_samples_leaf = 10, n_estimators = 300",0.020764,0.099764,0.321650,0.310668
RF,Model 1,Holdout Set,"max_depth = 5, max_features = 1.0, min_samples_leaf = 10, n_estimators = 500",0.020758,0.099730,0.321860,0.310881
RF,Model 1,Holdout Set,"max_depth = 5, max_features = 1.0, min_samples_leaf = 20, n_estimators = 100",0.020904,0.100187,0.317099,0.306043
RF,Model 1,Holdout Set,"max_depth = 5, max_features = 1.0, min_samples_leaf = 20, n_estimators = 300",0.020843,0.100015,0.319085,0.308061
RF,Model 1,Holdout Set,"max_depth = 5, max_features = 1.0, min_samples_leaf = 20, n_estimators = 500",0.020798,0.099918,0.320569,0.309569
RF,Model 1,Holdout Set,"max_depth = 5, max_features = 1.0, min_samples_leaf = 5, n_estimators = 100",0.021709,0.100578,0.290807,0.279325
RF,Model 1,Holdout Set,"max_depth = 5, max_features = 1.0, min_samples_leaf = 5, n_estimators = 300",0.021431,0.100327,0.299887,0.288552
RF,Model 1,Holdout Set,"max_depth = 5, max_features = 1.0, min_samples_leaf = 5, n_estimators = 500",0.021420,0.100312,0.300237,0.288908
RF,Model 1,Holdout Set,"max_depth = 5, max_features = log2, min_samples_leaf = 10, n_estimators = 100",0.023049,0.100915,0.247021,0.234830
RF,Model 1,Holdout Set,"max_depth = 5, max_features = log2, min_samples_leaf = 10, n_estimators = 300",0.023093,0.100650,0.245571,0.233357
RF,Model 1,Holdout Set,"max_depth = 5, max_features = log2, min_samples_leaf = 10, n_estimators = 500",0.022977,0.100347,0.249375,0.237222
RF,Model 1,Holdout Set,"max_depth = 5, max_features = log2, min_samples_leaf = 20, n_estimators = 100",0.023145,0.101385,0.243891,0.231649
RF,Model 1,Holdout Set,"max_depth = 5, max_features = log2, min_samples_leaf = 20, n_estimators = 300",0.023025,0.100642,0.247804,0.235625
RF,Model 1,Holdout Set,"max_depth = 5, max_features = log2, min_samples_leaf = 20, n_estimators = 500",0.022920,0.100268,0.251243,0.239120
RF,Model 1,Holdout Set,"max_depth = 5, max_features = log2, min_samples_leaf = 5, n_estimators = 100",0.023072,0.101196,0.246261,0.234058
RF,Model 1,Holdout Set,"max_depth = 5, max_features = log2, min_samples_leaf = 5, n_estimators = 300",0.023304,0.100975,0.238699,0.226374
RF,Model 1,Holdout Set,"max_depth = 5, max_features = log2, min_samples_leaf = 5, n_estimators = 500",0.023127,0.100558,0.244483,0.232251
RF,Model 1,Holdout Set,"max_depth = 5, max_features = sqrt, min_samples_leaf = 10, n_estimators = 100",0.022097,0.099068,0.278117,0.266430
RF,Model 1,Holdout Set,"max_depth = 5, max_features = sqrt, min_samples_leaf = 10, n_estimators = 300",0.021906,0.098783,0.284352,0.272766
RF,Model 1,Holdout Set,"max_depth = 5, max_features = sqrt, min_samples_leaf = 10, n_estimators = 500",0.021927,0.098925,0.283660,0.272062
RF,Model 1,Holdout Set,"max_depth = 5, max_features = sqrt, min_samples_leaf = 20, n_estimators = 100",0.022178,0.099310,0.275467,0.263737
RF,Model 1,Holdout Set,"max_depth = 5, max_features = sqrt, min_samples_leaf = 20, n_estimators = 300",0.022013,0.098790,0.280861,0.269218
RF,Model 1,Holdout Set,"max_depth = 5, max_features = sqrt, min_samples_leaf = 20, n_estimators = 500",0.022008,0.098879,0.281028,0.269388
RF,Model 1,Holdout Set,"max_depth = 5, max_features = sqrt, min_samples_leaf = 5, n_estimators = 100",0.022198,0.099606,0.274826,0.263086
RF,Model 1,Holdout Set,"max_depth = 5, max_features = sqrt, min_samples_leaf = 5, n_estimators = 300",0.021976,0.099008,0.282063,0.270439
RF,Model 1,Holdout Set,"max_depth = 5, max_features = sqrt, min_samples_leaf = 5, n_estimators = 500",0.021940,0.099011,0.283234,0.271629
RF,Model 1,Training Set,"max_depth = 10, max_features = 1.0, min_samples_leaf = 10, n_estimators = 100",0.017452,0.068372,0.545852,0.544861
RF,Model 1,Training Set,"max_depth = 10, max_features = 1.0, min_samples_leaf = 10, n_estimators = 300",0.017370,0.068169,0.547972,0.546986
RF,Model 1,Training Set,"max_depth = 10, max_features = 1.0, min_samples_leaf = 10, n_estimators = 500",0.017404,0.068146,0.547087,0.546098
RF,Model 1,Training Set,"max_depth = 10, max_features = 1.0, min_samples_leaf = 20, n_estimators = 100",0.018798,0.069712,0.510827,0.509760
RF,Model 1,Training Set,"max_depth = 10, max_features = 1.0, min_samples_leaf = 20, n_estimators = 300",0.018749,0.069567,0.512087,0.511022
RF,Model 1,Training Set,"max_depth = 10, max_features = 1.0, min_samples_leaf = 20, n_estimators = 500",0.018768,0.069529,0.511601,0.510535
RF,Model 1,Training Set,"max_depth = 10, max_features = 1.0, min_samples_leaf = 5, n_estimators = 100",0.015799,0.067353,0.588858,0.587961
RF,Model 1,Training Set,"max_depth = 10, max_features = 1.0, min_samples_leaf = 5, n_estimators = 300",0.015736,0.067177,0.590497,0.589603
RF,Model 1,Training Set,"max_depth = 10, max_features = 1.0, min_samples_leaf = 5, n_estimators = 500",0.015779,0.067149,0.589385,0.588489
RF,Model 1,Training Set,"max_depth = 10, max_features = log2, min_samples_leaf = 10, n_estimators = 100",0.022007,0.077918,0.427306,0.426056
RF,Model 1,Training Set,"max_depth = 10, max_features = log2, min_samples_leaf = 10, n_estimators = 300",0.021944,0.077680,0.428956,0.427710
RF,Model 1,Training Set,"max_depth = 10, max_features = log2, min_samples_leaf = 10, n_estimators = 500",0.021898,0.077548,0.430163,0.428920
RF,Model 1,Training Set,"max_depth = 10, max_features = log2, min_samples_leaf = 20, n_estimators = 100",0.023395,0.079107,0.391202,0.389873
RF,Model 1,Training Set,"max_depth = 10, max_features = log2, min_samples_leaf = 20, n_estimators = 300",0.023384,0.079080,0.391474,0.390147
RF,Model 1,Training Set,"max_depth = 10, max_features = log2, min_samples_leaf = 20, n_estimators = 500",0.023259,0.078839,0.394723,0.393403
RF,Model 1,Training Set,"max_depth = 10, max_features = log2, min_samples_leaf = 5, n_estimators = 100",0.020281,0.076753,0.472224,0.471072
RF,Model 1,Training Set,"max_depth = 10, max_features = log2, min_samples_leaf = 5, n_estimators = 300",0.020220,0.076612,0.473829,0.472681
RF,Model 1,Training Set,"max_depth = 10, max_features = log2, min_samples_leaf = 5, n_estimators = 500",0.020156,0.076406,0.475470,0.474326
RF,Model 1,Training Set,"max_depth = 10, max_features = sqrt, min_samples_leaf = 10, n_estimators = 100",0.020766,0.075438,0.459615,0.458436
RF,Model 1,Training Set,"max_depth = 10, max_features = sqrt, min_samples_leaf = 10, n_estimators = 300",0.020726,0.075251,0.460639,0.459462
RF,Model 1,Training Set,"max_depth = 10, max_features = sqrt, min_samples_leaf = 10, n_estimators = 500",0.020756,0.075248,0.459876,0.458698
RF,Model 1,Training Set,"max_depth = 10, max_features = sqrt, min_samples_leaf = 20, n_estimators = 100",0.022297,0.077040,0.419755,0.418489
RF,Model 1,Training Set,"max_depth = 10, max_features = sqrt, min_samples_leaf = 20, n_estimators = 300",0.022336,0.077027,0.418762,0.417494
RF,Model 1,Training Set,"max_depth = 10, max_features = sqrt, min_samples_leaf = 20, n_estimators = 500",0.022327,0.076954,0.418994,0.417726
RF,Model 1,Training Set,"max_depth = 10, max_features = sqrt, min_samples_leaf = 5, n_estimators = 100",0.018980,0.074479,0.506098,0.505020
RF,Model 1,Training Set,"max_depth = 10, max_features = sqrt, min_samples_leaf = 5, n_estimators = 300",0.019046,0.074285,0.504359,0.503277
RF,Model 1,Training Set,"max_depth = 10, max_features = sqrt, min_samples_leaf = 5, n_estimators = 500",0.019028,0.074114,0.504844,0.503763
RF,Model 1,Training Set,"max_depth = 15, max_features = 1.0, min_samples_leaf = 10, n_estimators = 100",0.015365,0.058722,0.600150,0.599277
RF,Model 1,Training Set,"max_depth = 15, max_features = 1.0, min_samples_leaf = 10, n_estimators = 300",0.015286,0.058435,0.602226,0.601358
RF,Model 1,Training Set,"max_depth = 15, max_features = 1.0, min_samples_leaf = 10, n_estimators = 500",0.015317,0.058402,0.601397,0.600527
RF,Model 1,Training Set,"max_depth = 15, max_features = 1.0, min_samples_leaf = 20, n_estimators = 100",0.017616,0.064039,0.541580,0.540580
RF,Model 1,Training Set,"max_depth = 15, max_features = 1.0, min_samples_leaf = 20, n_estimators = 300",0.017574,0.063874,0.542684,0.541686
RF,Model 1,Training Set,"max_depth = 15, max_features = 1.0, min_samples_leaf = 20, n_estimators = 500",0.017598,0.063847,0.542051,0.541051
RF,Model 1,Training Set,"max_depth = 15, max_features = 1.0, min_samples_leaf = 5, n_estimators = 100",0.012739,0.053721,0.668490,0.667766
RF,Model 1,Training Set,"max_depth = 15, max_features = 1.0, min_samples_leaf = 5, n_estimators = 300",0.012675,0.053382,0.670171,0.669451
RF,Model 1,Training Set,"max_depth = 15, max_features = 1.0, min_samples_leaf = 5, n_estimators = 500",0.012704,0.053301,0.669416,0.668695
RF,Model 1,Training Set,"max_depth = 15, max_features = log2, min_samples_leaf = 10, n_estimators = 100",0.019684,0.069957,0.487771,0.486653
RF,Model 1,Training Set,"max_depth = 15, max_features = log2, min_samples_leaf = 10, n_estimators = 300",0.019639,0.069741,0.488940,0.487825
RF,Model 1,Training Set,"max_depth = 15, max_features = log2, min_samples_leaf = 10, n_estimators = 500",0.019635,0.069653,0.489036,0.487921
RF,Model 1,Training Set,"max_depth = 15, max_features = log2, min_samples_leaf = 20, n_estimators = 100",0.022150,0.074629,0.423591,0.422334
RF,Model 1,Training Set,"max_depth = 15, max_features = log2, min_samples_leaf = 20, n_estimators = 300",0.022097,0.074430,0.424974,0.423719
RF,Model 1,Training Set,"max_depth = 15, max_features = log2, min_samples_leaf = 20, n_estimators = 500",0.022015,0.074243,0.427114,0.425864
RF,Model 1,Training Set,"max_depth = 15, max_features = log2, min_samples_leaf = 5, n_estimators = 100",0.016579,0.064907,0.568558,0.567617
RF,Model 1,Training Set,"max_depth = 15, max_features = log2, min_samples_leaf = 5, n_estimators = 300",0.016655,0.064967,0.566580,0.565634
RF,Model 1,Training Set,"max_depth = 15, max_features = log2, min_samples_leaf = 5, n_estimators = 500",0.016648,0.064869,0.566778,0.565833
RF,Model 1,Training Set,"max_depth = 15, max_features = sqrt, min_samples_leaf = 10, n_estimators = 100",0.018711,0.067836,0.513091,0.512028
RF,Model 1,Training Set,"max_depth = 15, max_features = sqrt, min_samples_leaf = 10, n_estimators = 300",0.018650,0.067546,0.514667,0.513608
RF,Model 1,Training Set,"max_depth = 15, max_features = sqrt, min_samples_leaf = 10, n_estimators = 500",0.018680,0.067476,0.513895,0.512834
RF,Model 1,Training Set,"max_depth = 15, max_features = sqrt, min_samples_leaf = 20, n_estimators = 100",0.021011,0.072204,0.453244,0.452051
RF,Model 1,Training Set,"max_depth = 15, max_features = sqrt, min_samples_leaf = 20, n_estimators = 300",0.021066,0.072120,0.451794,0.450598
RF,Model 1,Training Set,"max_depth = 15, max_features = sqrt, min_samples_leaf = 20, n_estimators = 500",0.021056,0.072077,0.452059,0.450863
RF,Model 1,Training Set,"max_depth = 15, max_features = sqrt, min_samples_leaf = 5, n_estimators = 100",0.015799,0.062970,0.588866,0.587969
RF,Model 1,Training Set,"max_depth = 15, max_features = sqrt, min_samples_leaf = 5, n_estimators = 300",0.015779,0.062720,0.589374,0.588478
RF,Model 1,Training Set,"max_depth = 15, max_features = sqrt, min_samples_leaf = 5, n_estimators = 500",0.015819,0.062710,0.588355,0.587457
RF,Model 1,Training Set,"max_depth = 5, max_features = 1.0, min_samples_leaf = 10, n_estimators = 100",0.021868,0.080888,0.430928,0.429686
RF,Model 1,Training Set,"max_depth = 5, max_features = 1.0, min_samples_leaf = 10, n_estimators = 300",0.021805,0.080687,0.432560,0.431322
RF,Model 1,Training Set,"max_depth = 5, max_features = 1.0, min_samples_leaf = 10, n_estimators = 500",0.021844,0.080674,0.431553,0.430313
RF,Model 1,Training Set,"max_depth = 5, max_features = 1.0, min_samples_leaf = 20, n_estimators = 100",0.022281,0.080781,0.420196,0.418931
RF,Model 1,Training Set,"max_depth = 5, max_features = 1.0, min_samples_leaf = 20, n_estimators = 300",0.022240,0.080634,0.421252,0.419990
RF,Model 1,Training Set,"max_depth = 5, max_features = 1.0, min_samples_leaf = 20, n_estimators = 500",0.022263,0.080599,0.420649,0.419384
RF,Model 1,Training Set,"max_depth = 5, max_features = 1.0, min_samples_leaf = 5, n_estimators = 100",0.021309,0.081155,0.445488,0.444278
RF,Model 1,Training Set,"max_depth = 5, max_features = 1.0, min_samples_leaf = 5, n_estimators = 300",0.021230,0.080885,0.447528,0.446323
RF,Model 1,Training Set,"max_depth = 5, max_features = 1.0, min_samples_leaf = 5, n_estimators = 500",0.021249,0.080860,0.447041,0.445834
RF,Model 1,Training Set,"max_depth = 5, max_features = log2, min_samples_leaf = 10, n_estimators = 100",0.027506,0.089369,0.284208,0.282646
RF,Model 1,Training Set,"max_depth = 5, max_features = log2, min_samples_leaf = 10, n_estimators = 300",0.027322,0.089261,0.288993,0.287442
RF,Model 1,Training Set,"max_depth = 5, max_features = log2, min_samples_leaf = 10, n_estimators = 500",0.027247,0.089032,0.290963,0.289416
RF,Model 1,Training Set,"max_depth = 5, max_features = log2, min_samples_leaf = 20, n_estimators = 100",0.028028,0.089662,0.270619,0.269028
RF,Model 1,Training Set,"max_depth = 5, max_features = log2, min_samples_leaf = 20, n_estimators = 300",0.027698,0.089341,0.279211,0.277638
RF,Model 1,Training Set,"max_depth = 5, max_features = log2, min_samples_leaf = 20, n_estimators = 500",0.027644,0.089200,0.280629,0.279059
RF,Model 1,Training Set,"max_depth = 5, max_features = log2, min_samples_leaf = 5, n_estimators = 100",0.027039,0.089149,0.296369,0.294833
RF,Model 1,Training Set,"max_depth = 5, max_features = log2, min_samples_leaf = 5, n_estimators = 300",0.026987,0.089246,0.297712,0.296180
RF,Model 1,Training Set,"max_depth = 5, max_features = log2, min_samples_leaf = 5, n_estimators = 500",0.026883,0.089033,0.300418,0.298892
RF,Model 1,Training Set,"max_depth = 5, max_features = sqrt, min_samples_leaf = 10, n_estimators = 100",0.026599,0.087977,0.307827,0.306317
RF,Model 1,Training Set,"max_depth = 5, max_features = sqrt, min_samples_leaf = 10, n_estimators = 300",0.026393,0.087607,0.313171,0.311672
RF,Model 1,Training Set,"max_depth = 5, max_features = sqrt, min_samples_leaf = 10, n_estimators = 500",0.026344,0.087501,0.314456,0.312960
RF,Model 1,Training Set,"max_depth = 5, max_features = sqrt, min_samples_leaf = 20, n_estimators = 100",0.026853,0.087928,0.301196,0.299672
RF,Model 1,Training Set,"max_depth = 5, max_features = sqrt, min_samples_leaf = 20, n_estimators = 300",0.026789,0.087732,0.302876,0.301355
RF,Model 1,Training Set,"max_depth = 5, max_features = sqrt, min_samples_leaf = 20, n_estimators = 500",0.026693,0.087550,0.305376,0.303860
RF,Model 1,Training Set,"max_depth = 5, max_features = sqrt, min_samples_leaf = 5, n_estimators = 100",0.025947,0.088031,0.324787,0.323314
RF,Model 1,Training Set,"max_depth = 5, max_features = sqrt, min_samples_leaf = 5, n_estimators = 300",0.025922,0.087781,0.325424,0.323952
RF,Model 1,Training Set,"max_depth = 5, max_features = sqrt, min_samples_leaf = 5, n_estimators = 500",0.025794,0.087523,0.328760,0.327296
RF,Model 2,Holdout Set,"max_depth = 10, max_features = 1.0, min_samples_leaf = 10, n_estimators = 100",0.021159,0.099420,0.308765,0.297574
RF,Model 2,Holdout Set,"max_depth = 10, max_features = 1.0, min_samples_leaf = 10, n_estimators = 300",0.021263,0.099457,0.305354,0.294107
RF,Model 2,Holdout Set,"max_depth = 10, max_features = 1.0, min_samples_leaf = 10, n_estimators = 500",0.021208,0.099213,0.307168,0.295951
RF,Model 2,Holdout Set,"max_depth = 10, max_features = 1.0, min_samples_leaf = 20, n_estimators = 100",0.021193,0.099177,0.307638,0.296428
RF,Model 2,Holdout Set,"max_depth = 10, max_features = 1.0, min_samples_leaf = 20, n_estimators = 300",0.021168,0.099009,0.308479,0.297283
RF,Model 2,Holdout Set,"max_depth = 10, max_features = 1.0, min_samples_leaf = 20, n_estimators = 500",0.021198,0.098909,0.307482,0.296270
RF,Model 2,Holdout Set,"max_depth = 10, max_features = 1.0, min_samples_leaf = 5, n_estimators = 100",0.021679,0.100088,0.291772,0.280305
RF,Model 2,Holdout Set,"max_depth = 10, max_features = 1.0, min_samples_leaf = 5, n_estimators = 300",0.021662,0.099889,0.292332,0.280875
RF,Model 2,Holdout Set,"max_depth = 10, max_features = 1.0, min_samples_leaf = 5, n_estimators = 500",0.021566,0.099640,0.295461,0.284054
RF,Model 2,Holdout Set,"max_depth = 10, max_features = log2, min_samples_leaf = 10, n_estimators = 100",0.021587,0.094768,0.294791,0.283374
RF,Model 2,Holdout Set,"max_depth = 10, max_features = log2, min_samples_leaf = 10, n_estimators = 300",0.021719,0.094925,0.290464,0.278977
RF,Model 2,Holdout Set,"max_depth = 10, max_features = log2, min_samples_leaf = 10, n_estimators = 500",0.021526,0.094519,0.296759,0.285374
RF,Model 2,Holdout Set,"max_depth = 10, max_features = log2, min_samples_leaf = 20, n_estimators = 100",0.021950,0.095097,0.282925,0.271315
RF,Model 2,Holdout Set,"max_depth = 10, max_features = log2, min_samples_leaf = 20, n_estimators = 300",0.021917,0.094792,0.283985,0.272392
RF,Model 2,Holdout Set,"max_depth = 10, max_features = log2, min_samples_leaf = 20, n_estimators = 500",0.021860,0.094768,0.285867,0.274305
RF,Model 2,Holdout Set,"max_depth = 10, max_features = log2, min_samples_leaf = 5, n_estimators = 100",0.021447,0.094781,0.299338,0.287994
RF,Model 2,Holdout Set,"max_depth = 10, max_features = log2, min_samples_leaf = 5, n_estimators = 300",0.021573,0.094859,0.295247,0.283837
RF,Model 2,Holdout Set,"max_depth = 10, max_features = log2, min_samples_leaf = 5, n_estimators = 500",0.021421,0.094535,0.300217,0.288887
RF,Model 2,Holdout Set,"max_depth = 10, max_features = sqrt, min_samples_leaf = 10, n_estimators = 100",0.020760,0.093132,0.321798,0.310818
RF,Model 2,Holdout Set,"max_depth = 10, max_features = sqrt, min_samples_leaf = 10, n_estimators = 300",0.020602,0.092776,0.326963,0.316067
RF,Model 2,Holdout Set,"max_depth = 10, max_features = sqrt, min_samples_leaf = 10, n_estimators = 500",0.020584,0.092927,0.327543,0.316656
RF,Model 2,Holdout Set,"max_depth = 10, max_features = sqrt, min_samples_leaf = 20, n_estimators = 100",0.020980,0.093184,0.314610,0.303513
RF,Model 2,Holdout Set,"max_depth = 10, max_features = sqrt, min_samples_leaf = 20, n_estimators = 300",0.020794,0.092893,0.320695,0.309697
RF,Model 2,Holdout Set,"max_depth = 10, max_features = sqrt, min_samples_leaf = 20, n_estimators = 500",0.020762,0.093071,0.321738,0.310757
RF,Model 2,Holdout Set,"max_depth = 10, max_features = sqrt, min_samples_leaf = 5, n_estimators = 100",0.020890,0.093935,0.317536,0.306486
RF,Model 2,Holdout Set,"max_depth = 10, max_features = sqrt, min_samples_leaf = 5, n_estimators = 300",0.020723,0.093295,0.322998,0.312037
RF,Model 2,Holdout Set,"max_depth = 10, max_features = sqrt, min_samples_leaf = 5, n_estimators = 500",0.020800,0.093527,0.320494,0.309492
RF,Model 2,Holdout Set,"max_depth = 15, max_features = 1.0, min_samples_leaf = 10, n_estimators = 100",0.020759,0.097861,0.321841,0.310862
RF,Model 2,Holdout Set,"max_depth = 15, max_features = 1.0, min_samples_leaf = 10, n_estimators = 300",0.020686,0.097394,0.324224,0.313283
RF,Model 2,Holdout Set,"max_depth = 15, max_features = 1.0, min_samples_leaf = 10, n_estimators = 500",0.020642,0.097149,0.325663,0.314746
RF,Model 2,Holdout Set,"max_depth = 15, max_features = 1.0, min_samples_leaf = 20, n_estimators = 100",0.020983,0.098209,0.314504,0.303405
RF,Model 2,Holdout Set,"max_depth = 15, max_features = 1.0, min_samples_leaf = 20, n_estimators = 300",0.020818,0.097723,0.319909,0.308898
RF,Model 2,Holdout Set,"max_depth = 15, max_features = 1.0, min_samples_leaf = 20, n_estimators = 500",0.020817,0.097434,0.319918,0.308907
RF,Model 2,Holdout Set,"max_depth = 15, max_features = 1.0, min_samples_leaf = 5, n_estimators = 100",0.021028,0.097937,0.313040,0.301918
RF,Model 2,Holdout Set,"max_depth = 15, max_features = 1.0, min_samples_leaf = 5, n_estimators = 300",0.021067,0.097909,0.311771,0.300628
RF,Model 2,Holdout Set,"max_depth = 15, max_features = 1.0, min_samples_leaf = 5, n_estimators = 500",0.020981,0.097689,0.314577,0.303480
RF,Model 2,Holdout Set,"max_depth = 15, max_features = log2, min_samples_leaf = 10, n_estimators = 100",0.021391,0.094279,0.301188,0.289875
RF,Model 2,Holdout Set,"max_depth = 15, max_features = log2, min_samples_leaf = 10, n_estimators = 300",0.021157,0.093232,0.308827,0.297636
RF,Model 2,Holdout Set,"max_depth = 15, max_features = log2, min_samples_leaf = 10, n_estimators = 500",0.021095,0.093269,0.310836,0.299678
RF,Model 2,Holdout Set,"max_depth = 15, max_features = log2, min_samples_leaf = 20, n_estimators = 100",0.021834,0.094324,0.286719,0.275171
RF,Model 2,Holdout Set,"max_depth = 15, max_features = log2, min_samples_leaf = 20, n_estimators = 300",0.021528,0.093601,0.296717,0.285330
RF,Model 2,Holdout Set,"max_depth = 15, max_features = log2, min_samples_leaf = 20, n_estimators = 500",0.021543,0.093757,0.296221,0.284826
RF,Model 2,Holdout Set,"max_depth = 15, max_features = log2, min_samples_leaf = 5, n_estimators = 100",0.021184,0.093992,0.307958,0.296754
RF,Model 2,Holdout Set,"max_depth = 15, max_features = log2, min_samples_leaf = 5, n_estimators = 300",0.021045,0.093508,0.312475,0.301344
RF,Model 2,Holdout Set,"max_depth = 15, max_features = log2, min_samples_leaf = 5, n_estimators = 500",0.021225,0.094054,0.306599,0.295372
RF,Model 2,Holdout Set,"max_depth = 15, max_features = sqrt, min_samples_leaf = 10, n_estimators = 100",0.020184,0.090929,0.340621,0.329945
RF,Model 2,Holdout Set,"max_depth = 15, max_features = sqrt, min_samples_leaf = 10, n_estimators = 300",0.020195,0.091090,0.340259,0.329578
RF,Model 2,Holdout Set,"max_depth = 15, max_features = sqrt, min_samples_leaf = 10, n_estimators = 500",0.020228,0.091250,0.339177,0.328478
RF,Model 2,Holdout Set,"max_depth = 15, max_features = sqrt, min_samples_leaf = 20, n_estimators = 100",0.020602,0.091950,0.326953,0.316056
RF,Model 2,Holdout Set,"max_depth = 15, max_features = sqrt, min_samples_leaf = 20, n_estimators = 300",0.020588,0.091829,0.327412,0.316522
RF,Model 2,Holdout Set,"max_depth = 15, max_features = sqrt, min_samples_leaf = 20, n_estimators = 500",0.020579,0.092050,0.327710,0.316826
RF,Model 2,Holdout Set,"max_depth = 15, max_features = sqrt, min_samples_leaf = 5, n_estimators = 100",0.020047,0.092034,0.345097,0.334494
RF,Model 2,Holdout Set,"max_depth = 15, max_features = sqrt, min_samples_leaf = 5, n_estimators = 300",0.019887,0.091101,0.350316,0.339797
RF,Model 2,Holdout Set,"max_depth = 15, max_features = sqrt, min_samples_leaf = 5, n_estimators = 500",0.020055,0.091728,0.344837,0.334230
RF,Model 2,Holdout Set,"max_depth = 5, max_features = 1.0, min_samples_leaf = 10, n_estimators = 100",0.022002,0.100792,0.281235,0.269598
RF,Model 2,Holdout Set,"max_depth = 5, max_features = 1.0, min_samples_leaf = 10, n_estimators = 300",0.022038,0.100720,0.280047,0.268391
RF,Model 2,Holdout Set,"max_depth = 5, max_features = 1.0, min_samples_leaf = 10, n_estimators = 500",0.022106,0.100837,0.277837,0.266145
RF,Model 2,Holdout Set,"max_depth = 5, max_features = 1.0, min_samples_leaf = 20, n_estimators = 100",0.021979,0.100675,0.281978,0.270353
RF,Model 2,Holdout Set,"max_depth = 5, max_features = 1.0, min_samples_leaf = 20, n_estimators = 300",0.021924,0.100535,0.283772,0.272176
RF,Model 2,Holdout Set,"max_depth = 5, max_features = 1.0, min_samples_leaf = 20, n_estimators = 500",0.022004,0.100654,0.281144,0.269505
RF,Model 2,Holdout Set,"max_depth = 5, max_features = 1.0, min_samples_leaf = 5, n_estimators = 100",0.022777,0.101650,0.255894,0.243846
RF,Model 2,Holdout Set,"max_depth = 5, max_features = 1.0, min_samples_leaf = 5, n_estimators = 300",0.022613,0.101360,0.261273,0.249313
RF,Model 2,Holdout Set,"max_depth = 5, max_features = 1.0, min_samples_leaf = 5, n_estimators = 500",0.022609,0.101408,0.261399,0.249441
RF,Model 2,Holdout Set,"max_depth = 5, max_features = log2, min_samples_leaf = 10, n_estimators = 100",0.024492,0.101320,0.199882,0.186928
RF,Model 2,Holdout Set,"max_depth = 5, max_features = log2, min_samples_leaf = 10, n_estimators = 300",0.024131,0.100317,0.211671,0.198908
RF,Model 2,Holdout Set,"max_depth = 5, max_features = log2, min_samples_leaf = 10, n_estimators = 500",0.023975,0.100184,0.216780,0.204099
RF,Model 2,Holdout Set,"max_depth = 5, max_features = log2, min_samples_leaf = 20, n_estimators = 100",0.024150,0.100770,0.211043,0.198270
RF,Model 2,Holdout Set,"max_depth = 5, max_features = log2, min_samples_leaf = 20, n_estimators = 300",0.024142,0.100355,0.211318,0.198550
RF,Model 2,Holdout Set,"max_depth = 5, max_features = log2, min_samples_leaf = 20, n_estimators = 500",0.024007,0.100406,0.215731,0.203033
RF,Model 2,Holdout Set,"max_depth = 5, max_features = log2, min_samples_leaf = 5, n_estimators = 100",0.024058,0.100234,0.214046,0.201322
RF,Model 2,Holdout Set,"max_depth = 5, max_features = log2, min_samples_leaf = 5, n_estimators = 300",0.024055,0.100444,0.214157,0.201434
RF,Model 2,Holdout Set,"max_depth = 5, max_features = log2, min_samples_leaf = 5, n_estimators = 500",0.023976,0.100408,0.216730,0.204049
RF,Model 2,Holdout Set,"max_depth = 5, max_features = sqrt, min_samples_leaf = 10, n_estimators = 100",0.023531,0.099884,0.231256,0.218810
RF,Model 2,Holdout Set,"max_depth = 5, max_features = sqrt, min_samples_leaf = 10, n_estimators = 300",0.023141,0.099036,0.244011,0.231772
RF,Model 2,Holdout Set,"max_depth = 5, max_features = sqrt, min_samples_leaf = 10, n_estimators = 500",0.023149,0.099112,0.243752,0.231508
RF,Model 2,Holdout Set,"max_depth = 5, max_features = sqrt, min_samples_leaf = 20, n_estimators = 100",0.023644,0.099822,0.227579,0.215074
RF,Model 2,Holdout Set,"max_depth = 5, max_features = sqrt, min_samples_leaf = 20, n_estimators = 300",0.023131,0.098904,0.244348,0.232113
RF,Model 2,Holdout Set,"max_depth = 5, max_features = sqrt, min_samples_leaf = 20, n_estimators = 500",0.023117,0.099006,0.244795,0.232568
RF,Model 2,Holdout Set,"max_depth = 5, max_features = sqrt, min_samples_leaf = 5, n_estimators = 100",0.023408,0.099600,0.235297,0.222917
RF,Model 2,Holdout Set,"max_depth = 5, max_features = sqrt, min_samples_leaf = 5, n_estimators = 300",0.023001,0.098718,0.248599,0.236434
RF,Model 2,Holdout Set,"max_depth = 5, max_features = sqrt, min_samples_leaf = 5, n_estimators = 500",0.023013,0.098851,0.248192,0.236020
RF,Model 2,Training Set,"max_depth = 10, max_features = 1.0, min_samples_leaf = 10, n_estimators = 100",0.017798,0.068948,0.541028,0.539997
RF,Model 2,Training Set,"max_depth = 10, max_features = 1.0, min_samples_leaf = 10, n_estimators = 300",0.017780,0.068832,0.541499,0.540468
RF,Model 2,Training Set,"max_depth = 10, max_features = 1.0, min_samples_leaf = 10, n_estimators = 500",0.017804,0.068835,0.540864,0.539832
RF,Model 2,Training Set,"max_depth = 10, max_features = 1.0, min_samples_leaf = 20, n_estimators = 100",0.019285,0.070465,0.502676,0.501558
RF,Model 2,Training Set,"max_depth = 10, max_features = 1.0, min_samples_leaf = 20, n_estimators = 300",0.019263,0.070379,0.503250,0.502134
RF,Model 2,Training Set,"max_depth = 10, max_features = 1.0, min_samples_leaf = 20, n_estimators = 500",0.019269,0.070355,0.503093,0.501976
RF,Model 2,Training Set,"max_depth = 10, max_features = 1.0, min_samples_leaf = 5, n_estimators = 100",0.016118,0.067928,0.584361,0.583426
RF,Model 2,Training Set,"max_depth = 10, max_features = 1.0, min_samples_leaf = 5, n_estimators = 300",0.016135,0.067834,0.583904,0.582969
RF,Model 2,Training Set,"max_depth = 10, max_features = 1.0, min_samples_leaf = 5, n_estimators = 500",0.016162,0.067825,0.583227,0.582290
RF,Model 2,Training Set,"max_depth = 10, max_features = log2, min_samples_leaf = 10, n_estimators = 100",0.022275,0.078146,0.425571,0.424280
RF,Model 2,Training Set,"max_depth = 10, max_features = log2, min_samples_leaf = 10, n_estimators = 300",0.022127,0.077759,0.429389,0.428107
RF,Model 2,Training Set,"max_depth = 10, max_features = log2, min_samples_leaf = 10, n_estimators = 500",0.022060,0.077552,0.431114,0.429835
RF,Model 2,Training Set,"max_depth = 10, max_features = log2, min_samples_leaf = 20, n_estimators = 100",0.024008,0.079892,0.380883,0.379491
RF,Model 2,Training Set,"max_depth = 10, max_features = log2, min_samples_leaf = 20, n_estimators = 300",0.023714,0.079268,0.388457,0.387083
RF,Model 2,Training Set,"max_depth = 10, max_features = log2, min_samples_leaf = 20, n_estimators = 500",0.023651,0.079199,0.390105,0.388734
RF,Model 2,Training Set,"max_depth = 10, max_features = log2, min_samples_leaf = 5, n_estimators = 100",0.020463,0.076665,0.472296,0.471110
RF,Model 2,Training Set,"max_depth = 10, max_features = log2, min_samples_leaf = 5, n_estimators = 300",0.020345,0.076533,0.475351,0.474171
RF,Model 2,Training Set,"max_depth = 10, max_features = log2, min_samples_leaf = 5, n_estimators = 500",0.020346,0.076437,0.475319,0.474140
RF,Model 2,Training Set,"max_depth = 10, max_features = sqrt, min_samples_leaf = 10, n_estimators = 100",0.021292,0.076122,0.450932,0.449698
RF,Model 2,Training Set,"max_depth = 10, max_features = sqrt, min_samples_leaf = 10, n_estimators = 300",0.021135,0.075678,0.454982,0.453756
RF,Model 2,Training Set,"max_depth = 10, max_features = sqrt, min_samples_leaf = 10, n_estimators = 500",0.021085,0.075588,0.456262,0.455040
RF,Model 2,Training Set,"max_depth = 10, max_features = sqrt, min_samples_leaf = 20, n_estimators = 100",0.022705,0.077425,0.414484,0.413168
RF,Model 2,Training Set,"max_depth = 10, max_features = sqrt, min_samples_leaf = 20, n_estimators = 300",0.022658,0.077290,0.415712,0.414399
RF,Model 2,Training Set,"max_depth = 10, max_features = sqrt, min_samples_leaf = 20, n_estimators = 500",0.022662,0.077256,0.415609,0.414295
RF,Model 2,Training Set,"max_depth = 10, max_features = sqrt, min_samples_leaf = 5, n_estimators = 100",0.019527,0.075015,0.496440,0.495308
RF,Model 2,Training Set,"max_depth = 10, max_features = sqrt, min_samples_leaf = 5, n_estimators = 300",0.019368,0.074500,0.500535,0.499412
RF,Model 2,Training Set,"max_depth = 10, max_features = sqrt, min_samples_leaf = 5, n_estimators = 500",0.019386,0.074469,0.500090,0.498966
RF,Model 2,Training Set,"max_depth = 15, max_features = 1.0, min_samples_leaf = 10, n_estimators = 100",0.015707,0.059185,0.594960,0.594050
RF,Model 2,Training Set,"max_depth = 15, max_features = 1.0, min_samples_leaf = 10, n_estimators = 300",0.015676,0.058979,0.595752,0.594843
RF,Model 2,Training Set,"max_depth = 15, max_features = 1.0, min_samples_leaf = 10, n_estimators = 500",0.015699,0.058984,0.595170,0.594260
RF,Model 2,Training Set,"max_depth = 15, max_features = 1.0, min_samples_leaf = 20, n_estimators = 100",0.018081,0.064627,0.533731,0.532683
RF,Model 2,Training Set,"max_depth = 15, max_features = 1.0, min_samples_leaf = 20, n_estimators = 300",0.018060,0.064537,0.534275,0.533228
RF,Model 2,Training Set,"max_depth = 15, max_features = 1.0, min_samples_leaf = 20, n_estimators = 500",0.018072,0.064522,0.533969,0.532922
RF,Model 2,Training Set,"max_depth = 15, max_features = 1.0, min_samples_leaf = 5, n_estimators = 100",0.012982,0.053937,0.665214,0.664461
RF,Model 2,Training Set,"max_depth = 15, max_features = 1.0, min_samples_leaf = 5, n_estimators = 300",0.012987,0.053762,0.665106,0.664353
RF,Model 2,Training Set,"max_depth = 15, max_features = 1.0, min_samples_leaf = 5, n_estimators = 500",0.013017,0.053736,0.664309,0.663555
RF,Model 2,Training Set,"max_depth = 15, max_features = log2, min_samples_leaf = 10, n_estimators = 100",0.020175,0.070479,0.479721,0.478552
RF,Model 2,Training Set,"max_depth = 15, max_features = log2, min_samples_leaf = 10, n_estimators = 300",0.020014,0.070194,0.483896,0.482736
RF,Model 2,Training Set,"max_depth = 15, max_features = log2, min_samples_leaf = 10, n_estimators = 500",0.019978,0.070045,0.484808,0.483650
RF,Model 2,Training Set,"max_depth = 15, max_features = log2, min_samples_leaf = 20, n_estimators = 100",0.022553,0.075252,0.418415,0.417107
RF,Model 2,Training Set,"max_depth = 15, max_features = log2, min_samples_leaf = 20, n_estimators = 300",0.022469,0.074827,0.420580,0.419277
RF,Model 2,Training Set,"max_depth = 15, max_features = log2, min_samples_leaf = 20, n_estimators = 500",0.022430,0.074730,0.421570,0.420270
RF,Model 2,Training Set,"max_depth = 15, max_features = log2, min_samples_leaf = 5, n_estimators = 100",0.017023,0.065606,0.561013,0.560026
RF,Model 2,Training Set,"max_depth = 15, max_features = log2, min_samples_leaf = 5, n_estimators = 300",0.016895,0.065150,0.564317,0.563338
RF,Model 2,Training Set,"max_depth = 15, max_features = log2, min_samples_leaf = 5, n_estimators = 500",0.016929,0.065078,0.563438,0.562456
RF,Model 2,Training Set,"max_depth = 15, max_features = sqrt, min_samples_leaf = 10, n_estimators = 100",0.019269,0.068517,0.503088,0.501971
RF,Model 2,Training Set,"max_depth = 15, max_features = sqrt, min_samples_leaf = 10, n_estimators = 300",0.019140,0.068071,0.506412,0.505303
RF,Model 2,Training Set,"max_depth = 15, max_features = sqrt, min_samples_leaf = 10, n_estimators = 500",0.019136,0.068003,0.506520,0.505411
RF,Model 2,Training Set,"max_depth = 15, max_features = sqrt, min_samples_leaf = 20, n_estimators = 100",0.021576,0.072987,0.443603,0.442352
RF,Model 2,Training Set,"max_depth = 15, max_features = sqrt, min_samples_leaf = 20, n_estimators = 300",0.021566,0.072819,0.443854,0.442603
RF,Model 2,Training Set,"max_depth = 15, max_features = sqrt, min_samples_leaf = 20, n_estimators = 500",0.021534,0.072744,0.444696,0.443448
RF,Model 2,Training Set,"max_depth = 15, max_features = sqrt, min_samples_leaf = 5, n_estimators = 100",0.016074,0.063296,0.585477,0.584545
RF,Model 2,Training Set,"max_depth = 15, max_features = sqrt, min_samples_leaf = 5, n_estimators = 300",0.016065,0.062993,0.585717,0.584785
RF,Model 2,Training Set,"max_depth = 15, max_features = sqrt, min_samples_leaf = 5, n_estimators = 500",0.016072,0.062925,0.585533,0.584602
RF,Model 2,Training Set,"max_depth = 5, max_features = 1.0, min_samples_leaf = 10, n_estimators = 100",0.022628,0.082388,0.416481,0.415169
RF,Model 2,Training Set,"max_depth = 5, max_features = 1.0, min_samples_leaf = 10, n_estimators = 300",0.022644,0.082373,0.416055,0.414743
RF,Model 2,Training Set,"max_depth = 5, max_features = 1.0, min_samples_leaf = 10, n_estimators = 500",0.022666,0.082368,0.415484,0.414170
RF,Model 2,Training Set,"max_depth = 5, max_features = 1.0, min_samples_leaf = 20, n_estimators = 100",0.023095,0.082347,0.404425,0.403086
RF,Model 2,Training Set,"max_depth = 5, max_features = 1.0, min_samples_leaf = 20, n_estimators = 300",0.023090,0.082331,0.404553,0.403215
RF,Model 2,Training Set,"max_depth = 5, max_features = 1.0, min_samples_leaf = 20, n_estimators = 500",0.023102,0.082319,0.404255,0.402916
RF,Model 2,Training Set,"max_depth = 5, max_features = 1.0, min_samples_leaf = 5, n_estimators = 100",0.022033,0.082533,0.431811,0.430534
RF,Model 2,Training Set,"max_depth = 5, max_features = 1.0, min_samples_leaf = 5, n_estimators = 300",0.022076,0.082520,0.430708,0.429428
RF,Model 2,Training Set,"max_depth = 5, max_features = 1.0, min_samples_leaf = 5, n_estimators = 500",0.022101,0.082515,0.430062,0.428781
RF,Model 2,Training Set,"max_depth = 5, max_features = log2, min_samples_leaf = 10, n_estimators = 100",0.028341,0.090705,0.269147,0.267504
RF,Model 2,Training Set,"max_depth = 5, max_features = log2, min_samples_leaf = 10, n_estimators = 300",0.028114,0.090150,0.275016,0.273386
RF,Model 2,Training Set,"max_depth = 5, max_features = log2, min_samples_leaf = 10, n_estimators = 500",0.027939,0.089886,0.279529,0.277909
RF,Model 2,Training Set,"max_depth = 5, max_features = log2, min_samples_leaf = 20, n_estimators = 100",0.028329,0.090145,0.269449,0.267806
RF,Model 2,Training Set,"max_depth = 5, max_features = log2, min_samples_leaf = 20, n_estimators = 300",0.028312,0.089942,0.269888,0.268246
RF,Model 2,Training Set,"max_depth = 5, max_features = log2, min_samples_leaf = 20, n_estimators = 500",0.028130,0.089650,0.274586,0.272955
RF,Model 2,Training Set,"max_depth = 5, max_features = log2, min_samples_leaf = 5, n_estimators = 100",0.027648,0.090222,0.287027,0.285424
RF,Model 2,Training Set,"max_depth = 5, max_features = log2, min_samples_leaf = 5, n_estimators = 300",0.027531,0.089927,0.290026,0.288430
RF,Model 2,Training Set,"max_depth = 5, max_features = log2, min_samples_leaf = 5, n_estimators = 500",0.027395,0.089747,0.293557,0.291969
RF,Model 2,Training Set,"max_depth = 5, max_features = sqrt, min_samples_leaf = 10, n_estimators = 100",0.027164,0.088830,0.299493,0.297918
RF,Model 2,Training Set,"max_depth = 5, max_features = sqrt, min_samples_leaf = 10, n_estimators = 300",0.026879,0.088220,0.306861,0.305302
RF,Model 2,Training Set,"max_depth = 5, max_features = sqrt, min_samples_leaf = 10, n_estimators = 500",0.026811,0.088086,0.308599,0.307045
RF,Model 2,Training Set,"max_depth = 5, max_features = sqrt, min_samples_leaf = 20, n_estimators = 100",0.027500,0.088630,0.290835,0.289241
RF,Model 2,Training Set,"max_depth = 5, max_features = sqrt, min_samples_leaf = 20, n_estimators = 300",0.027183,0.088049,0.299008,0.297433
RF,Model 2,Training Set,"max_depth = 5, max_features = sqrt, min_samples_leaf = 20, n_estimators = 500",0.027088,0.087927,0.301456,0.299886
RF,Model 2,Training Set,"max_depth = 5, max_features = sqrt, min_samples_leaf = 5, n_estimators = 100",0.026441,0.088596,0.318139,0.316607
RF,Model 2,Training Set,"max_depth = 5, max_features = sqrt, min_samples_leaf = 5, n_estimators = 300",0.026209,0.087964,0.324137,0.322618
RF,Model 2,Training Set,"max_depth = 5, max_features = sqrt, min_samples_leaf = 5, n_estimators = 500",0.026251,0.087974,0.323041,0.321519
RF,Model 3,Holdout Set,"max_depth = 10, max_features = 1.0, min_samples_leaf = 10, n_estimators = 100",0.002721,0.031018,0.695347,0.690346
RF,Model 3,Holdout Set,"max_depth = 10, max_features = 1.0, min_samples_leaf = 10, n_estimators = 300",0.002722,0.031009,0.695183,0.690179
RF,Model 3,Holdout Set,"max_depth = 10, max_features = 1.0, min_samples_leaf = 10, n_estimators = 500",0.002713,0.030964,0.696163,0.691176
RF,Model 3,Holdout Set,"max_depth = 10, max_features = 1.0, min_samples_leaf = 20, n_estimators = 100",0.002753,0.031105,0.691690,0.686630
RF,Model 3,Holdout Set,"max_depth = 10, max_features = 1.0, min_samples_leaf = 20, n_estimators = 300",0.002760,0.031117,0.690973,0.685900
RF,Model 3,Holdout Set,"max_depth = 10, max_features = 1.0, min_samples_leaf = 20, n_estimators = 500",0.002758,0.031097,0.691198,0.686129
RF,Model 3,Holdout Set,"max_depth = 10, max_features = 1.0, min_samples_leaf = 5, n_estimators = 100",0.002689,0.030884,0.698873,0.693931
RF,Model 3,Holdout Set,"max_depth = 10, max_features = 1.0, min_samples_leaf = 5, n_estimators = 300",0.002698,0.030934,0.697887,0.692928
RF,Model 3,Holdout Set,"max_depth = 10, max_features = 1.0, min_samples_leaf = 5, n_estimators = 500",0.002694,0.030900,0.698377,0.693426
RF,Model 3,Holdout Set,"max_depth = 10, max_features = log2, min_samples_leaf = 10, n_estimators = 100",0.004238,0.039659,0.525426,0.517636
RF,Model 3,Holdout Set,"max_depth = 10, max_features = log2, min_samples_leaf = 10, n_estimators = 300",0.004270,0.039709,0.521898,0.514050
RF,Model 3,Holdout Set,"max_depth = 10, max_features = log2, min_samples_leaf = 10, n_estimators = 500",0.004273,0.039711,0.521512,0.513658
RF,Model 3,Holdout Set,"max_depth = 10, max_features = log2, min_samples_leaf = 20, n_estimators = 100",0.004342,0.039889,0.513778,0.505796
RF,Model 3,Holdout Set,"max_depth = 10, max_features = log2, min_samples_leaf = 20, n_estimators = 300",0.004351,0.039698,0.512827,0.504831
RF,Model 3,Holdout Set,"max_depth = 10, max_features = log2, min_samples_leaf = 20, n_estimators = 500",0.004361,0.039778,0.511691,0.503675
RF,Model 3,Holdout Set,"max_depth = 10, max_features = log2, min_samples_leaf = 5, n_estimators = 100",0.004150,0.039026,0.535235,0.527606
RF,Model 3,Holdout Set,"max_depth = 10, max_features = log2, min_samples_leaf = 5, n_estimators = 300",0.004210,0.039507,0.528522,0.520783
RF,Model 3,Holdout Set,"max_depth = 10, max_features = log2, min_samples_leaf = 5, n_estimators = 500",0.004223,0.039595,0.527144,0.519382
RF,Model 3,Holdout Set,"max_depth = 10, max_features = sqrt, min_samples_leaf = 10, n_estimators = 100",0.003843,0.036998,0.569674,0.562610
RF,Model 3,Holdout Set,"max_depth = 10, max_features = sqrt, min_samples_leaf = 10, n_estimators = 300",0.003888,0.037283,0.564627,0.557481
RF,Model 3,Holdout Set,"max_depth = 10, max_features = sqrt, min_samples_leaf = 10, n_estimators = 500",0.003898,0.037275,0.563507,0.556342
RF,Model 3,Holdout Set,"max_depth = 10, max_features = sqrt, min_samples_leaf = 20, n_estimators = 100",0.004031,0.037592,0.548565,0.541155
RF,Model 3,Holdout Set,"max_depth = 10, max_features = sqrt, min_samples_leaf = 20, n_estimators = 300",0.003999,0.037675,0.552173,0.544823
RF,Model 3,Holdout Set,"max_depth = 10, max_features = sqrt, min_samples_leaf = 20, n_estimators = 500",0.003992,0.037574,0.552922,0.545583
RF,Model 3,Holdout Set,"max_depth = 10, max_features = sqrt, min_samples_leaf = 5, n_estimators = 100",0.003920,0.037363,0.560994,0.553788
RF,Model 3,Holdout Set,"max_depth = 10, max_features = sqrt, min_samples_leaf = 5, n_estimators = 300",0.003845,0.037134,0.569463,0.562396
RF,Model 3,Holdout Set,"max_depth = 10, max_features = sqrt, min_samples_leaf = 5, n_estimators = 500",0.003835,0.037037,0.570519,0.563469
RF,Model 3,Holdout Set,"max_depth = 15, max_features = 1.0, min_samples_leaf = 10, n_estimators = 100",0.002715,0.031055,0.695982,0.690991
RF,Model 3,Holdout Set,"max_depth = 15, max_features = 1.0, min_samples_leaf = 10, n_estimators = 300",0.002717,0.031072,0.695731,0.690736
RF,Model 3,Holdout Set,"max_depth = 15, max_features = 1.0, min_samples_leaf = 10, n_estimators = 500",0.002708,0.031014,0.696705,0.691727
RF,Model 3,Holdout Set,"max_depth = 15, max_features = 1.0, min_samples_leaf = 20, n_estimators = 100",0.002751,0.031111,0.691926,0.686869
RF,Model 3,Holdout Set,"max_depth = 15, max_features = 1.0, min_samples_leaf = 20, n_estimators = 300",0.002758,0.031130,0.691176,0.686107
RF,Model 3,Holdout Set,"max_depth = 15, max_features = 1.0, min_samples_leaf = 20, n_estimators = 500",0.002755,0.031116,0.691443,0.686379
RF,Model 3,Holdout Set,"max_depth = 15, max_features = 1.0, min_samples_leaf = 5, n_estimators = 100",0.002689,0.031004,0.698875,0.693932
RF,Model 3,Holdout Set,"max_depth = 15, max_features = 1.0, min_samples_leaf = 5, n_estimators = 300",0.002690,0.031018,0.698810,0.693866
RF,Model 3,Holdout Set,"max_depth = 15, max_features = 1.0, min_samples_leaf = 5, n_estimators = 500",0.002687,0.030981,0.699140,0.694202
RF,Model 3,Holdout Set,"max_depth = 15, max_features = log2, min_samples_leaf = 10, n_estimators = 100",0.004043,0.037645,0.547225,0.539793
RF,Model 3,Holdout Set,"max_depth = 15, max_features = log2, min_samples_leaf = 10, n_estimators = 300",0.004051,0.037671,0.546341,0.538894
RF,Model 3,Holdout Set,"max_depth = 15, max_features = log2, min_samples_leaf = 10, n_estimators = 500",0.004065,0.037797,0.544834,0.537363
RF,Model 3,Holdout Set,"max_depth = 15, max_features = log2, min_samples_leaf = 20, n_estimators = 100",0.004197,0.038332,0.529991,0.522276
RF,Model 3,Holdout Set,"max_depth = 15, max_features = log2, min_samples_leaf = 20, n_estimators = 300",0.004248,0.038631,0.524296,0.516488
RF,Model 3,Holdout Set,"max_depth = 15, max_features = log2, min_samples_leaf = 20, n_estimators = 500",0.004233,0.038588,0.526006,0.518226
RF,Model 3,Holdout Set,"max_depth = 15, max_features = log2, min_samples_leaf = 5, n_estimators = 100",0.003908,0.037217,0.562434,0.555251
RF,Model 3,Holdout Set,"max_depth = 15, max_features = log2, min_samples_leaf = 5, n_estimators = 300",0.003923,0.037370,0.560733,0.553523
RF,Model 3,Holdout Set,"max_depth = 15, max_features = log2, min_samples_leaf = 5, n_estimators = 500",0.003938,0.037399,0.559014,0.551775
RF,Model 3,Holdout Set,"max_depth = 15, max_features = sqrt, min_samples_leaf = 10, n_estimators = 100",0.003788,0.036051,0.575774,0.568811
RF,Model 3,Holdout Set,"max_depth = 15, max_features = sqrt, min_samples_leaf = 10, n_estimators = 300",0.003777,0.035960,0.577063,0.570120
RF,Model 3,Holdout Set,"max_depth = 15, max_features = sqrt, min_samples_leaf = 10, n_estimators = 500",0.003770,0.035911,0.577862,0.570932
RF,Model 3,Holdout Set,"max_depth = 15, max_features = sqrt, min_samples_leaf = 20, n_estimators = 100",0.003929,0.036676,0.559979,0.552757
RF,Model 3,Holdout Set,"max_depth = 15, max_features = sqrt, min_samples_leaf = 20, n_estimators = 300",0.003909,0.036496,0.562258,0.555073
RF,Model 3,Holdout Set,"max_depth = 15, max_features = sqrt, min_samples_leaf = 20, n_estimators = 500",0.003908,0.036509,0.562435,0.555253
RF,Model 3,Holdout Set,"max_depth = 15, max_features = sqrt, min_samples_leaf = 5, n_estimators = 100",0.003664,0.035554,0.589721,0.582986
RF,Model 3,Holdout Set,"max_depth = 15, max_features = sqrt, min_samples_leaf = 5, n_estimators = 300",0.003625,0.035358,0.594083,0.587420
RF,Model 3,Holdout Set,"max_depth = 15, max_features = sqrt, min_samples_leaf = 5, n_estimators = 500",0.003624,0.035331,0.594236,0.587575
RF,Model 3,Holdout Set,"max_depth = 5, max_features = 1.0, min_samples_leaf = 10, n_estimators = 100",0.002913,0.032210,0.673788,0.668433
RF,Model 3,Holdout Set,"max_depth = 5, max_features = 1.0, min_samples_leaf = 10, n_estimators = 300",0.002916,0.032204,0.673435,0.668075
RF,Model 3,Holdout Set,"max_depth = 5, max_features = 1.0, min_samples_leaf = 10, n_estimators = 500",0.002912,0.032191,0.673913,0.668561
RF,Model 3,Holdout Set,"max_depth = 5, max_features = 1.0, min_samples_leaf = 20, n_estimators = 100",0.002932,0.032232,0.671672,0.666283
RF,Model 3,Holdout Set,"max_depth = 5, max_features = 1.0, min_samples_leaf = 20, n_estimators = 300",0.002928,0.032212,0.672094,0.666712
RF,Model 3,Holdout Set,"max_depth = 5, max_features = 1.0, min_samples_leaf = 20, n_estimators = 500",0.002926,0.032200,0.672354,0.666975
RF,Model 3,Holdout Set,"max_depth = 5, max_features = 1.0, min_samples_leaf = 5, n_estimators = 100",0.002912,0.032214,0.673910,0.668558
RF,Model 3,Holdout Set,"max_depth = 5, max_features = 1.0, min_samples_leaf = 5, n_estimators = 300",0.002919,0.032214,0.673173,0.667808
RF,Model 3,Holdout Set,"max_depth = 5, max_features = 1.0, min_samples_leaf = 5, n_estimators = 500",0.002915,0.032201,0.673543,0.668184
RF,Model 3,Holdout Set,"max_depth = 5, max_features = log2, min_samples_leaf = 10, n_estimators = 100",0.005290,0.045460,0.407582,0.397858
RF,Model 3,Holdout Set,"max_depth = 5, max_features = log2, min_samples_leaf = 10, n_estimators = 300",0.005320,0.045962,0.404293,0.394515
RF,Model 3,Holdout Set,"max_depth = 5, max_features = log2, min_samples_leaf = 10, n_estimators = 500",0.005284,0.045756,0.408309,0.398597
RF,Model 3,Holdout Set,"max_depth = 5, max_features = log2, min_samples_leaf = 20, n_estimators = 100",0.005336,0.045637,0.402500,0.392692
RF,Model 3,Holdout Set,"max_depth = 5, max_features = log2, min_samples_leaf = 20, n_estimators = 300",0.005333,0.045815,0.402755,0.392952
RF,Model 3,Holdout Set,"max_depth = 5, max_features = log2, min_samples_leaf = 20, n_estimators = 500",0.005311,0.045750,0.405272,0.395509
RF,Model 3,Holdout Set,"max_depth = 5, max_features = log2, min_samples_leaf = 5, n_estimators = 100",0.005304,0.045725,0.406054,0.396305
RF,Model 3,Holdout Set,"max_depth = 5, max_features = log2, min_samples_leaf = 5, n_estimators = 300",0.005318,0.045992,0.404511,0.394736
RF,Model 3,Holdout Set,"max_depth = 5, max_features = log2, min_samples_leaf = 5, n_estimators = 500",0.005288,0.045855,0.407799,0.398078
RF,Model 3,Holdout Set,"max_depth = 5, max_features = sqrt, min_samples_leaf = 10, n_estimators = 100",0.004822,0.043210,0.460017,0.451154
RF,Model 3,Holdout Set,"max_depth = 5, max_features = sqrt, min_samples_leaf = 10, n_estimators = 300",0.004841,0.043154,0.457859,0.448960
RF,Model 3,Holdout Set,"max_depth = 5, max_features = sqrt, min_samples_leaf = 10, n_estimators = 500",0.004854,0.043222,0.456424,0.447501
RF,Model 3,Holdout Set,"max_depth = 5, max_features = sqrt, min_samples_leaf = 20, n_estimators = 100",0.004844,0.043271,0.457522,0.448617
RF,Model 3,Holdout Set,"max_depth = 5, max_features = sqrt, min_samples_leaf = 20, n_estimators = 300",0.004836,0.043073,0.458422,0.449532
RF,Model 3,Holdout Set,"max_depth = 5, max_features = sqrt, min_samples_leaf = 20, n_estimators = 500",0.004829,0.043091,0.459210,0.450333
RF,Model 3,Holdout Set,"max_depth = 5, max_features = sqrt, min_samples_leaf = 5, n_estimators = 100",0.004842,0.043309,0.457775,0.448875
RF,Model 3,Holdout Set,"max_depth = 5, max_features = sqrt, min_samples_leaf = 5, n_estimators = 300",0.004821,0.043115,0.460123,0.451261
RF,Model 3,Holdout Set,"max_depth = 5, max_features = sqrt, min_samples_leaf = 5, n_estimators = 500",0.004822,0.043108,0.460047,0.451184
RF,Model 3,Training Set,"max_depth = 10, max_features = 1.0, min_samples_leaf = 10, n_estimators = 100",0.001496,0.024145,0.794903,0.794450
RF,Model 3,Training Set,"max_depth = 10, max_features = 1.0, min_samples_leaf = 10, n_estimators = 300",0.001493,0.024120,0.795342,0.794890
RF,Model 3,Training Set,"max_depth = 10, max_features = 1.0, min_samples_leaf = 10, n_estimators = 500",0.001491,0.024102,0.795644,0.795193
RF,Model 3,Training Set,"max_depth = 10, max_features = 1.0, min_samples_leaf = 20, n_estimators = 100",0.001675,0.025017,0.770416,0.769909
RF,Model 3,Training Set,"max_depth = 10, max_features = 1.0, min_samples_leaf = 20, n_estimators = 300",0.001673,0.025003,0.770615,0.770109
RF,Model 3,Training Set,"max_depth = 10, max_features = 1.0, min_samples_leaf = 20, n_estimators = 500",0.001672,0.024987,0.770815,0.770309
RF,Model 3,Training Set,"max_depth = 10, max_features = 1.0, min_samples_leaf = 5, n_estimators = 100",0.001334,0.023489,0.817184,0.816780
RF,Model 3,Training Set,"max_depth = 10, max_features = 1.0, min_samples_leaf = 5, n_estimators = 300",0.001331,0.023468,0.817587,0.817184
RF,Model 3,Training Set,"max_depth = 10, max_features = 1.0, min_samples_leaf = 5, n_estimators = 500",0.001328,0.023450,0.817914,0.817512
RF,Model 3,Training Set,"max_depth = 10, max_features = log2, min_samples_leaf = 10, n_estimators = 100",0.002471,0.032011,0.661292,0.660544
RF,Model 3,Training Set,"max_depth = 10, max_features = log2, min_samples_leaf = 10, n_estimators = 300",0.002472,0.032019,0.661104,0.660356
RF,Model 3,Training Set,"max_depth = 10, max_features = log2, min_samples_leaf = 10, n_estimators = 500",0.002475,0.032031,0.660656,0.659907
RF,Model 3,Training Set,"max_depth = 10, max_features = log2, min_samples_leaf = 20, n_estimators = 100",0.002644,0.032696,0.637558,0.636758
RF,Model 3,Training Set,"max_depth = 10, max_features = log2, min_samples_leaf = 20, n_estimators = 300",0.002664,0.032720,0.634729,0.633923
RF,Model 3,Training Set,"max_depth = 10, max_features = log2, min_samples_leaf = 20, n_estimators = 500",0.002669,0.032720,0.634112,0.633304
RF,Model 3,Training Set,"max_depth = 10, max_features = log2, min_samples_leaf = 5, n_estimators = 100",0.002259,0.031070,0.690270,0.689586
RF,Model 3,Training Set,"max_depth = 10, max_features = log2, min_samples_leaf = 5, n_estimators = 300",0.002284,0.031291,0.686908,0.686216
RF,Model 3,Training Set,"max_depth = 10, max_features = log2, min_samples_leaf = 5, n_estimators = 500",0.002291,0.031357,0.685995,0.685302
RF,Model 3,Training Set,"max_depth = 10, max_features = sqrt, min_samples_leaf = 10, n_estimators = 100",0.002177,0.029779,0.701604,0.700945
RF,Model 3,Training Set,"max_depth = 10, max_features = sqrt, min_samples_leaf = 10, n_estimators = 300",0.002206,0.029963,0.697608,0.696941
RF,Model 3,Training Set,"max_depth = 10, max_features = sqrt, min_samples_leaf = 10, n_estimators = 500",0.002201,0.029878,0.698241,0.697575
RF,Model 3,Training Set,"max_depth = 10, max_features = sqrt, min_samples_leaf = 20, n_estimators = 100",0.002417,0.030694,0.668668,0.667936
RF,Model 3,Training Set,"max_depth = 10, max_features = sqrt, min_samples_leaf = 20, n_estimators = 300",0.002402,0.030708,0.670680,0.669953
RF,Model 3,Training Set,"max_depth = 10, max_features = sqrt, min_samples_leaf = 20, n_estimators = 500",0.002399,0.030650,0.671093,0.670367
RF,Model 3,Training Set,"max_depth = 10, max_features = sqrt, min_samples_leaf = 5, n_estimators = 100",0.002031,0.029357,0.721639,0.721024
RF,Model 3,Training Set,"max_depth = 10, max_features = sqrt, min_samples_leaf = 5, n_estimators = 300",0.002018,0.029338,0.723312,0.722701
RF,Model 3,Training Set,"max_depth = 10, max_features = sqrt, min_samples_leaf = 5, n_estimators = 500",0.002021,0.029317,0.722954,0.722343
RF,Model 3,Training Set,"max_depth = 15, max_features = 1.0, min_samples_leaf = 10, n_estimators = 100",0.001257,0.021041,0.827746,0.827366
RF,Model 3,Training Set,"max_depth = 15, max_features = 1.0, min_samples_leaf = 10, n_estimators = 300",0.001252,0.021003,0.828356,0.827976
RF,Model 3,Training Set,"max_depth = 15, max_features = 1.0, min_samples_leaf = 10, n_estimators = 500",0.001252,0.020995,0.828425,0.828046
RF,Model 3,Training Set,"max_depth = 15, max_features = 1.0, min_samples_leaf = 20, n_estimators = 100",0.001571,0.023659,0.784609,0.784134
RF,Model 3,Training Set,"max_depth = 15, max_features = 1.0, min_samples_leaf = 20, n_estimators = 300",0.001570,0.023638,0.784774,0.784299
RF,Model 3,Training Set,"max_depth = 15, max_features = 1.0, min_samples_leaf = 20, n_estimators = 500",0.001569,0.023628,0.784876,0.784401
RF,Model 3,Training Set,"max_depth = 15, max_features = 1.0, min_samples_leaf = 5, n_estimators = 100",0.000928,0.018260,0.872802,0.872521
RF,Model 3,Training Set,"max_depth = 15, max_features = 1.0, min_samples_leaf = 5, n_estimators = 300",0.000922,0.018201,0.873588,0.873309
RF,Model 3,Training Set,"max_depth = 15, max_features = 1.0, min_samples_leaf = 5, n_estimators = 500",0.000921,0.018187,0.873742,0.873464
RF,Model 3,Training Set,"max_depth = 15, max_features = log2, min_samples_leaf = 10, n_estimators = 100",0.002073,0.027874,0.715747,0.715119
RF,Model 3,Training Set,"max_depth = 15, max_features = log2, min_samples_leaf = 10, n_estimators = 300",0.002073,0.027908,0.715806,0.715179
RF,Model 3,Training Set,"max_depth = 15, max_features = log2, min_samples_leaf = 10, n_estimators = 500",0.002072,0.027907,0.715891,0.715264
RF,Model 3,Training Set,"max_depth = 15, max_features = log2, min_samples_leaf = 20, n_estimators = 100",0.002435,0.030278,0.666134,0.665397
RF,Model 3,Training Set,"max_depth = 15, max_features = log2, min_samples_leaf = 20, n_estimators = 300",0.002454,0.030343,0.663623,0.662881
RF,Model 3,Training Set,"max_depth = 15, max_features = log2, min_samples_leaf = 20, n_estimators = 500",0.002441,0.030254,0.665332,0.664592
RF,Model 3,Training Set,"max_depth = 15, max_features = log2, min_samples_leaf = 5, n_estimators = 100",0.001664,0.025425,0.771936,0.771433
RF,Model 3,Training Set,"max_depth = 15, max_features = log2, min_samples_leaf = 5, n_estimators = 300",0.001670,0.025454,0.771022,0.770516
RF,Model 3,Training Set,"max_depth = 15, max_features = log2, min_samples_leaf = 5, n_estimators = 500",0.001668,0.025414,0.771302,0.770797
RF,Model 3,Training Set,"max_depth = 15, max_features = sqrt, min_samples_leaf = 10, n_estimators = 100",0.001864,0.026196,0.744509,0.743945
RF,Model 3,Training Set,"max_depth = 15, max_features = sqrt, min_samples_leaf = 10, n_estimators = 300",0.001855,0.026149,0.745709,0.745147
RF,Model 3,Training Set,"max_depth = 15, max_features = sqrt, min_samples_leaf = 10, n_estimators = 500",0.001856,0.026157,0.745601,0.745039
RF,Model 3,Training Set,"max_depth = 15, max_features = sqrt, min_samples_leaf = 20, n_estimators = 100",0.002248,0.028614,0.691880,0.691200
RF,Model 3,Training Set,"max_depth = 15, max_features = sqrt, min_samples_leaf = 20, n_estimators = 300",0.002230,0.028515,0.694284,0.693609
RF,Model 3,Training Set,"max_depth = 15, max_features = sqrt, min_samples_leaf = 20, n_estimators = 500",0.002224,0.028480,0.695094,0.694421
RF,Model 3,Training Set,"max_depth = 15, max_features = sqrt, min_samples_leaf = 5, n_estimators = 100",0.001470,0.023653,0.798439,0.797994
RF,Model 3,Training Set,"max_depth = 15, max_features = sqrt, min_samples_leaf = 5, n_estimators = 300",0.001458,0.023559,0.800090,0.799648
RF,Model 3,Training Set,"max_depth = 15, max_features = sqrt, min_samples_leaf = 5, n_estimators = 500",0.001460,0.023544,0.799886,0.799444
RF,Model 3,Training Set,"max_depth = 5, max_features = 1.0, min_samples_leaf = 10, n_estimators = 100",0.002116,0.028957,0.709935,0.709294
RF,Model 3,Training Set,"max_depth = 5, max_features = 1.0, min_samples_leaf = 10, n_estimators = 300",0.002113,0.028937,0.710390,0.709750
RF,Model 3,Training Set,"max_depth = 5, max_features = 1.0, min_samples_leaf = 10, n_estimators = 500",0.002112,0.028927,0.710407,0.709767
RF,Model 3,Training Set,"max_depth = 5, max_features = 1.0, min_samples_leaf = 20, n_estimators = 100",0.002143,0.028983,0.706254,0.705605
RF,Model 3,Training Set,"max_depth = 5, max_features = 1.0, min_samples_leaf = 20, n_estimators = 300",0.002140,0.028968,0.706571,0.705923
RF,Model 3,Training Set,"max_depth = 5, max_features = 1.0, min_samples_leaf = 20, n_estimators = 500",0.002141,0.028958,0.706560,0.705912
RF,Model 3,Training Set,"max_depth = 5, max_features = 1.0, min_samples_leaf = 5, n_estimators = 100",0.002093,0.028942,0.713054,0.712420
RF,Model 3,Training Set,"max_depth = 5, max_features = 1.0, min_samples_leaf = 5, n_estimators = 300",0.002090,0.028926,0.713521,0.712888
RF,Model 3,Training Set,"max_depth = 5, max_features = 1.0, min_samples_leaf = 5, n_estimators = 500",0.002088,0.028912,0.713694,0.713062
RF,Model 3,Training Set,"max_depth = 5, max_features = log2, min_samples_leaf = 10, n_estimators = 100",0.003707,0.040270,0.491831,0.490709
RF,Model 3,Training Set,"max_depth = 5, max_features = log2, min_samples_leaf = 10, n_estimators = 300",0.003732,0.040555,0.488432,0.487302
RF,Model 3,Training Set,"max_depth = 5, max_features = log2, min_samples_leaf = 10, n_estimators = 500",0.003697,0.040315,0.493171,0.492051
RF,Model 3,Training Set,"max_depth = 5, max_features = log2, min_samples_leaf = 20, n_estimators = 100",0.003756,0.040390,0.485152,0.484015
RF,Model 3,Training Set,"max_depth = 5, max_features = log2, min_samples_leaf = 20, n_estimators = 300",0.003766,0.040555,0.483706,0.482566
RF,Model 3,Training Set,"max_depth = 5, max_features = log2, min_samples_leaf = 20, n_estimators = 500",0.003745,0.040432,0.486596,0.485462
RF,Model 3,Training Set,"max_depth = 5, max_features = log2, min_samples_leaf = 5, n_estimators = 100",0.003703,0.040406,0.492394,0.491273
RF,Model 3,Training Set,"max_depth = 5, max_features = log2, min_samples_leaf = 5, n_estimators = 300",0.003718,0.040519,0.490293,0.489168
RF,Model 3,Training Set,"max_depth = 5, max_features = log2, min_samples_leaf = 5, n_estimators = 500",0.003695,0.040397,0.493458,0.492340
RF,Model 3,Training Set,"max_depth = 5, max_features = sqrt, min_samples_leaf = 10, n_estimators = 100",0.003318,0.037988,0.545117,0.544113
RF,Model 3,Training Set,"max_depth = 5, max_features = sqrt, min_samples_leaf = 10, n_estimators = 300",0.003335,0.037963,0.542815,0.541806
RF,Model 3,Training Set,"max_depth = 5, max_features = sqrt, min_samples_leaf = 10, n_estimators = 500",0.003357,0.038049,0.539774,0.538758
RF,Model 3,Training Set,"max_depth = 5, max_features = sqrt, min_samples_leaf = 20, n_estimators = 100",0.003328,0.038009,0.543825,0.542817
RF,Model 3,Training Set,"max_depth = 5, max_features = sqrt, min_samples_leaf = 20, n_estimators = 300",0.003348,0.037937,0.540996,0.539983
RF,Model 3,Training Set,"max_depth = 5, max_features = sqrt, min_samples_leaf = 20, n_estimators = 500",0.003353,0.037928,0.540331,0.539316
RF,Model 3,Training Set,"max_depth = 5, max_features = sqrt, min_samples_leaf = 5, n_estimators = 100",0.003319,0.037985,0.544938,0.543933
RF,Model 3,Training Set,"max_depth = 5, max_features = sqrt, min_samples_leaf = 5, n_estimators = 300",0.003318,0.037931,0.545140,0.544136
RF,Model 3,Training Set,"max_depth = 5, max_features = sqrt, min_samples_leaf = 5, n_estimators = 500",0.003331,0.037936,0.543362,0.542354
RF,Model 4,Holdout Set,"max_depth = 10, max_features = 1.0, min_samples_leaf = 10, n_estimators = 100",0.002783,0.031438,0.688343,0.683227
RF,Model 4,Holdout Set,"max_depth = 10, max_features = 1.0, min_samples_leaf = 10, n_estimators = 300",0.002778,0.031415,0.688935,0.683829
RF,Model 4,Holdout Set,"max_depth = 10, max_features = 1.0, min_samples_leaf = 10, n_estimators = 500",0.002774,0.031388,0.689331,0.684232
RF,Model 4,Holdout Set,"max_depth = 10, max_features = 1.0, min_samples_leaf = 20, n_estimators = 100",0.002829,0.031517,0.683241,0.678042
RF,Model 4,Holdout Set,"max_depth = 10, max_features = 1.0, min_samples_leaf = 20, n_estimators = 300",0.002815,0.031480,0.684759,0.679585
RF,Model 4,Holdout Set,"max_depth = 10, max_features = 1.0, min_samples_leaf = 20, n_estimators = 500",0.002814,0.031463,0.684932,0.679760
RF,Model 4,Holdout Set,"max_depth = 10, max_features = 1.0, min_samples_leaf = 5, n_estimators = 100",0.002771,0.031342,0.689668,0.684574
RF,Model 4,Holdout Set,"max_depth = 10, max_features = 1.0, min_samples_leaf = 5, n_estimators = 300",0.002753,0.031327,0.691719,0.686659
RF,Model 4,Holdout Set,"max_depth = 10, max_features = 1.0, min_samples_leaf = 5, n_estimators = 500",0.002756,0.031312,0.691369,0.686303
RF,Model 4,Holdout Set,"max_depth = 10, max_features = log2, min_samples_leaf = 10, n_estimators = 100",0.004282,0.039954,0.520477,0.512606
RF,Model 4,Holdout Set,"max_depth = 10, max_features = log2, min_samples_leaf = 10, n_estimators = 300",0.004303,0.039886,0.518111,0.510201
RF,Model 4,Holdout Set,"max_depth = 10, max_features = log2, min_samples_leaf = 10, n_estimators = 500",0.004276,0.039729,0.521218,0.513359
RF,Model 4,Holdout Set,"max_depth = 10, max_features = log2, min_samples_leaf = 20, n_estimators = 100",0.004203,0.039122,0.529307,0.521581
RF,Model 4,Holdout Set,"max_depth = 10, max_features = log2, min_samples_leaf = 20, n_estimators = 300",0.004318,0.039736,0.516441,0.508503
RF,Model 4,Holdout Set,"max_depth = 10, max_features = log2, min_samples_leaf = 20, n_estimators = 500",0.004357,0.039994,0.512075,0.504066
RF,Model 4,Holdout Set,"max_depth = 10, max_features = log2, min_samples_leaf = 5, n_estimators = 100",0.004130,0.039078,0.537488,0.529896
RF,Model 4,Holdout Set,"max_depth = 10, max_features = log2, min_samples_leaf = 5, n_estimators = 300",0.004178,0.039440,0.532142,0.524463
RF,Model 4,Holdout Set,"max_depth = 10, max_features = log2, min_samples_leaf = 5, n_estimators = 500",0.004155,0.039376,0.534771,0.527135
RF,Model 4,Holdout Set,"max_depth = 10, max_features = sqrt, min_samples_leaf = 10, n_estimators = 100",0.003874,0.037293,0.566168,0.559046
RF,Model 4,Holdout Set,"max_depth = 10, max_features = sqrt, min_samples_leaf = 10, n_estimators = 300",0.003891,0.037178,0.564283,0.557131
RF,Model 4,Holdout Set,"max_depth = 10, max_features = sqrt, min_samples_leaf = 10, n_estimators = 500",0.003906,0.037244,0.562580,0.555400
RF,Model 4,Holdout Set,"max_depth = 10, max_features = sqrt, min_samples_leaf = 20, n_estimators = 100",0.004055,0.038055,0.545953,0.538500
RF,Model 4,Holdout Set,"max_depth = 10, max_features = sqrt, min_samples_leaf = 20, n_estimators = 300",0.004002,0.037669,0.551876,0.544520
RF,Model 4,Holdout Set,"max_depth = 10, max_features = sqrt, min_samples_leaf = 20, n_estimators = 500",0.004004,0.037642,0.551612,0.544252
RF,Model 4,Holdout Set,"max_depth = 10, max_features = sqrt, min_samples_leaf = 5, n_estimators = 100",0.003798,0.037069,0.574648,0.567666
RF,Model 4,Holdout Set,"max_depth = 10, max_features = sqrt, min_samples_leaf = 5, n_estimators = 300",0.003837,0.037266,0.570286,0.563232
RF,Model 4,Holdout Set,"max_depth = 10, max_features = sqrt, min_samples_leaf = 5, n_estimators = 500",0.003833,0.037158,0.570785,0.563740
RF,Model 4,Holdout Set,"max_depth = 15, max_features = 1.0, min_samples_leaf = 10, n_estimators = 100",0.002783,0.031557,0.688325,0.683209
RF,Model 4,Holdout Set,"max_depth = 15, max_features = 1.0, min_samples_leaf = 10, n_estimators = 300",0.002775,0.031477,0.689306,0.684206
RF,Model 4,Holdout Set,"max_depth = 15, max_features = 1.0, min_samples_leaf = 10, n_estimators = 500",0.002771,0.031448,0.689685,0.684591
RF,Model 4,Holdout Set,"max_depth = 15, max_features = 1.0, min_samples_leaf = 20, n_estimators = 100",0.002832,0.031596,0.682853,0.677648
RF,Model 4,Holdout Set,"max_depth = 15, max_features = 1.0, min_samples_leaf = 20, n_estimators = 300",0.002814,0.031521,0.684845,0.679672
RF,Model 4,Holdout Set,"max_depth = 15, max_features = 1.0, min_samples_leaf = 20, n_estimators = 500",0.002811,0.031486,0.685222,0.680055
RF,Model 4,Holdout Set,"max_depth = 15, max_features = 1.0, min_samples_leaf = 5, n_estimators = 100",0.002775,0.031572,0.689310,0.684210
RF,Model 4,Holdout Set,"max_depth = 15, max_features = 1.0, min_samples_leaf = 5, n_estimators = 300",0.002753,0.031468,0.691743,0.686683
RF,Model 4,Holdout Set,"max_depth = 15, max_features = 1.0, min_samples_leaf = 5, n_estimators = 500",0.002754,0.031431,0.691567,0.686504
RF,Model 4,Holdout Set,"max_depth = 15, max_features = log2, min_samples_leaf = 10, n_estimators = 100",0.004037,0.037670,0.547925,0.540504
RF,Model 4,Holdout Set,"max_depth = 15, max_features = log2, min_samples_leaf = 10, n_estimators = 300",0.004064,0.037857,0.544913,0.537443
RF,Model 4,Holdout Set,"max_depth = 15, max_features = log2, min_samples_leaf = 10, n_estimators = 500",0.004057,0.037832,0.545728,0.538271
RF,Model 4,Holdout Set,"max_depth = 15, max_features = log2, min_samples_leaf = 20, n_estimators = 100",0.004122,0.038332,0.538447,0.530871
RF,Model 4,Holdout Set,"max_depth = 15, max_features = log2, min_samples_leaf = 20, n_estimators = 300",0.004179,0.038515,0.532071,0.524390
RF,Model 4,Holdout Set,"max_depth = 15, max_features = log2, min_samples_leaf = 20, n_estimators = 500",0.004186,0.038456,0.531214,0.523519
RF,Model 4,Holdout Set,"max_depth = 15, max_features = log2, min_samples_leaf = 5, n_estimators = 100",0.003892,0.037559,0.564181,0.557027
RF,Model 4,Holdout Set,"max_depth = 15, max_features = log2, min_samples_leaf = 5, n_estimators = 300",0.003913,0.037493,0.561838,0.554646
RF,Model 4,Holdout Set,"max_depth = 15, max_features = log2, min_samples_leaf = 5, n_estimators = 500",0.003890,0.037229,0.564404,0.557254
RF,Model 4,Holdout Set,"max_depth = 15, max_features = sqrt, min_samples_leaf = 10, n_estimators = 100",0.003779,0.035994,0.576880,0.569935
RF,Model 4,Holdout Set,"max_depth = 15, max_features = sqrt, min_samples_leaf = 10, n_estimators = 300",0.003782,0.035987,0.576458,0.569506
RF,Model 4,Holdout Set,"max_depth = 15, max_features = sqrt, min_samples_leaf = 10, n_estimators = 500",0.003765,0.035876,0.578382,0.571461
RF,Model 4,Holdout Set,"max_depth = 15, max_features = sqrt, min_samples_leaf = 20, n_estimators = 100",0.003861,0.036447,0.567685,0.560589
RF,Model 4,Holdout Set,"max_depth = 15, max_features = sqrt, min_samples_leaf = 20, n_estimators = 300",0.003898,0.036356,0.563557,0.556393
RF,Model 4,Holdout Set,"max_depth = 15, max_features = sqrt, min_samples_leaf = 20, n_estimators = 500",0.003870,0.036305,0.566620,0.559507
RF,Model 4,Holdout Set,"max_depth = 15, max_features = sqrt, min_samples_leaf = 5, n_estimators = 100",0.003615,0.035392,0.595233,0.588589
RF,Model 4,Holdout Set,"max_depth = 15, max_features = sqrt, min_samples_leaf = 5, n_estimators = 300",0.003612,0.035421,0.595578,0.588939
RF,Model 4,Holdout Set,"max_depth = 15, max_features = sqrt, min_samples_leaf = 5, n_estimators = 500",0.003599,0.035311,0.597000,0.590385
RF,Model 4,Holdout Set,"max_depth = 5, max_features = 1.0, min_samples_leaf = 10, n_estimators = 100",0.002934,0.032335,0.671463,0.666070
RF,Model 4,Holdout Set,"max_depth = 5, max_features = 1.0, min_samples_leaf = 10, n_estimators = 300",0.002939,0.032343,0.670906,0.665504
RF,Model 4,Holdout Set,"max_depth = 5, max_features = 1.0, min_samples_leaf = 10, n_estimators = 500",0.002938,0.032326,0.670980,0.665579
RF,Model 4,Holdout Set,"max_depth = 5, max_features = 1.0, min_samples_leaf = 20, n_estimators = 100",0.002962,0.032381,0.668350,0.662906
RF,Model 4,Holdout Set,"max_depth = 5, max_features = 1.0, min_samples_leaf = 20, n_estimators = 300",0.002958,0.032353,0.668788,0.663351
RF,Model 4,Holdout Set,"max_depth = 5, max_features = 1.0, min_samples_leaf = 20, n_estimators = 500",0.002956,0.032336,0.669011,0.663578
RF,Model 4,Holdout Set,"max_depth = 5, max_features = 1.0, min_samples_leaf = 5, n_estimators = 100",0.002943,0.032351,0.670449,0.665039
RF,Model 4,Holdout Set,"max_depth = 5, max_features = 1.0, min_samples_leaf = 5, n_estimators = 300",0.002936,0.032340,0.671197,0.665800
RF,Model 4,Holdout Set,"max_depth = 5, max_features = 1.0, min_samples_leaf = 5, n_estimators = 500",0.002938,0.032333,0.670975,0.665575
RF,Model 4,Holdout Set,"max_depth = 5, max_features = log2, min_samples_leaf = 10, n_estimators = 100",0.005306,0.045806,0.405890,0.396138
RF,Model 4,Holdout Set,"max_depth = 5, max_features = log2, min_samples_leaf = 10, n_estimators = 300",0.005355,0.046229,0.400393,0.390550
RF,Model 4,Holdout Set,"max_depth = 5, max_features = log2, min_samples_leaf = 10, n_estimators = 500",0.005285,0.045945,0.408206,0.398492
RF,Model 4,Holdout Set,"max_depth = 5, max_features = log2, min_samples_leaf = 20, n_estimators = 100",0.005376,0.046078,0.397963,0.388081
RF,Model 4,Holdout Set,"max_depth = 5, max_features = log2, min_samples_leaf = 20, n_estimators = 300",0.005391,0.046330,0.396326,0.386417
RF,Model 4,Holdout Set,"max_depth = 5, max_features = log2, min_samples_leaf = 20, n_estimators = 500",0.005332,0.046032,0.402969,0.393169
RF,Model 4,Holdout Set,"max_depth = 5, max_features = log2, min_samples_leaf = 5, n_estimators = 100",0.005317,0.045614,0.404625,0.394853
RF,Model 4,Holdout Set,"max_depth = 5, max_features = log2, min_samples_leaf = 5, n_estimators = 300",0.005344,0.046191,0.401565,0.391742
RF,Model 4,Holdout Set,"max_depth = 5, max_features = log2, min_samples_leaf = 5, n_estimators = 500",0.005319,0.046154,0.404349,0.394572
RF,Model 4,Holdout Set,"max_depth = 5, max_features = sqrt, min_samples_leaf = 10, n_estimators = 100",0.004908,0.043697,0.450400,0.441379
RF,Model 4,Holdout Set,"max_depth = 5, max_features = sqrt, min_samples_leaf = 10, n_estimators = 300",0.004884,0.043573,0.453038,0.444060
RF,Model 4,Holdout Set,"max_depth = 5, max_features = sqrt, min_samples_leaf = 10, n_estimators = 500",0.004862,0.043432,0.455513,0.446575
RF,Model 4,Holdout Set,"max_depth = 5, max_features = sqrt, min_samples_leaf = 20, n_estimators = 100",0.004865,0.043312,0.455174,0.446231
RF,Model 4,Holdout Set,"max_depth = 5, max_features = sqrt, min_samples_leaf = 20, n_estimators = 300",0.004865,0.043398,0.455213,0.446270
RF,Model 4,Holdout Set,"max_depth = 5, max_features = sqrt, min_samples_leaf = 20, n_estimators = 500",0.004849,0.043273,0.457015,0.448103
RF,Model 4,Holdout Set,"max_depth = 5, max_features = sqrt, min_samples_leaf = 5, n_estimators = 100",0.004874,0.043405,0.454225,0.445266
RF,Model 4,Holdout Set,"max_depth = 5, max_features = sqrt, min_samples_leaf = 5, n_estimators = 300",0.004872,0.043525,0.454457,0.445503
RF,Model 4,Holdout Set,"max_depth = 5, max_features = sqrt, min_samples_leaf = 5, n_estimators = 500",0.004847,0.043367,0.457283,0.448375
RF,Model 4,Training Set,"max_depth = 10, max_features = 1.0, min_samples_leaf = 10, n_estimators = 100",0.001524,0.024316,0.792777,0.792305
RF,Model 4,Training Set,"max_depth = 10, max_features = 1.0, min_samples_leaf = 10, n_estimators = 300",0.001522,0.024314,0.793059,0.792589
RF,Model 4,Training Set,"max_depth = 10, max_features = 1.0, min_samples_leaf = 10, n_estimators = 500",0.001523,0.024305,0.793011,0.792541
RF,Model 4,Training Set,"max_depth = 10, max_features = 1.0, min_samples_leaf = 20, n_estimators = 100",0.001706,0.025188,0.768085,0.767557
RF,Model 4,Training Set,"max_depth = 10, max_features = 1.0, min_samples_leaf = 20, n_estimators = 300",0.001702,0.025194,0.768629,0.768103
RF,Model 4,Training Set,"max_depth = 10, max_features = 1.0, min_samples_leaf = 20, n_estimators = 500",0.001702,0.025190,0.768581,0.768055
RF,Model 4,Training Set,"max_depth = 10, max_features = 1.0, min_samples_leaf = 5, n_estimators = 100",0.001361,0.023648,0.815038,0.814617
RF,Model 4,Training Set,"max_depth = 10, max_features = 1.0, min_samples_leaf = 5, n_estimators = 300",0.001358,0.023642,0.815393,0.814973
RF,Model 4,Training Set,"max_depth = 10, max_features = 1.0, min_samples_leaf = 5, n_estimators = 500",0.001358,0.023641,0.815323,0.814903
RF,Model 4,Training Set,"max_depth = 10, max_features = log2, min_samples_leaf = 10, n_estimators = 100",0.002510,0.032358,0.658764,0.657988
RF,Model 4,Training Set,"max_depth = 10, max_features = log2, min_samples_leaf = 10, n_estimators = 300",0.002523,0.032283,0.657048,0.656268
RF,Model 4,Training Set,"max_depth = 10, max_features = log2, min_samples_leaf = 10, n_estimators = 500",0.002510,0.032246,0.658791,0.658015
RF,Model 4,Training Set,"max_depth = 10, max_features = log2, min_samples_leaf = 20, n_estimators = 100",0.002613,0.032354,0.644703,0.643894
RF,Model 4,Training Set,"max_depth = 10, max_features = log2, min_samples_leaf = 20, n_estimators = 300",0.002673,0.032759,0.636598,0.635771
RF,Model 4,Training Set,"max_depth = 10, max_features = log2, min_samples_leaf = 20, n_estimators = 500",0.002686,0.032884,0.634861,0.634031
RF,Model 4,Training Set,"max_depth = 10, max_features = log2, min_samples_leaf = 5, n_estimators = 100",0.002308,0.031512,0.686229,0.685515
RF,Model 4,Training Set,"max_depth = 10, max_features = log2, min_samples_leaf = 5, n_estimators = 300",0.002307,0.031553,0.686431,0.685717
RF,Model 4,Training Set,"max_depth = 10, max_features = log2, min_samples_leaf = 5, n_estimators = 500",0.002298,0.031512,0.687547,0.686836
RF,Model 4,Training Set,"max_depth = 10, max_features = sqrt, min_samples_leaf = 10, n_estimators = 100",0.002208,0.030012,0.699849,0.699166
RF,Model 4,Training Set,"max_depth = 10, max_features = sqrt, min_samples_leaf = 10, n_estimators = 300",0.002208,0.029963,0.699775,0.699092
RF,Model 4,Training Set,"max_depth = 10, max_features = sqrt, min_samples_leaf = 10, n_estimators = 500",0.002217,0.029967,0.698627,0.697942
RF,Model 4,Training Set,"max_depth = 10, max_features = sqrt, min_samples_leaf = 20, n_estimators = 100",0.002476,0.031155,0.663411,0.662645
RF,Model 4,Training Set,"max_depth = 10, max_features = sqrt, min_samples_leaf = 20, n_estimators = 300",0.002436,0.030864,0.668882,0.668129
RF,Model 4,Training Set,"max_depth = 10, max_features = sqrt, min_samples_leaf = 20, n_estimators = 500",0.002433,0.030846,0.669229,0.668477
RF,Model 4,Training Set,"max_depth = 10, max_features = sqrt, min_samples_leaf = 5, n_estimators = 100",0.002014,0.029343,0.726202,0.725579
RF,Model 4,Training Set,"max_depth = 10, max_features = sqrt, min_samples_leaf = 5, n_estimators = 300",0.002037,0.029450,0.723140,0.722510
RF,Model 4,Training Set,"max_depth = 10, max_features = sqrt, min_samples_leaf = 5, n_estimators = 500",0.002040,0.029442,0.722656,0.722025
RF,Model 4,Training Set,"max_depth = 15, max_features = 1.0, min_samples_leaf = 10, n_estimators = 100",0.001283,0.021220,0.825583,0.825186
RF,Model 4,Training Set,"max_depth = 15, max_features = 1.0, min_samples_leaf = 10, n_estimators = 300",0.001279,0.021193,0.826183,0.825788
RF,Model 4,Training Set,"max_depth = 15, max_features = 1.0, min_samples_leaf = 10, n_estimators = 500",0.001279,0.021188,0.826086,0.825690
RF,Model 4,Training Set,"max_depth = 15, max_features = 1.0, min_samples_leaf = 20, n_estimators = 100",0.001602,0.023841,0.782175,0.781679
RF,Model 4,Training Set,"max_depth = 15, max_features = 1.0, min_samples_leaf = 20, n_estimators = 300",0.001597,0.023827,0.782841,0.782347
RF,Model 4,Training Set,"max_depth = 15, max_features = 1.0, min_samples_leaf = 20, n_estimators = 500",0.001598,0.023824,0.782790,0.782296
RF,Model 4,Training Set,"max_depth = 15, max_features = 1.0, min_samples_leaf = 5, n_estimators = 100",0.000949,0.018422,0.870943,0.870649
RF,Model 4,Training Set,"max_depth = 15, max_features = 1.0, min_samples_leaf = 5, n_estimators = 300",0.000946,0.018401,0.871409,0.871116
RF,Model 4,Training Set,"max_depth = 15, max_features = 1.0, min_samples_leaf = 5, n_estimators = 500",0.000948,0.018405,0.871109,0.870816
RF,Model 4,Training Set,"max_depth = 15, max_features = log2, min_samples_leaf = 10, n_estimators = 100",0.002113,0.028246,0.712724,0.712070
RF,Model 4,Training Set,"max_depth = 15, max_features = log2, min_samples_leaf = 10, n_estimators = 300",0.002098,0.028136,0.714765,0.714116
RF,Model 4,Training Set,"max_depth = 15, max_features = log2, min_samples_leaf = 10, n_estimators = 500",0.002093,0.028100,0.715497,0.714850
RF,Model 4,Training Set,"max_depth = 15, max_features = log2, min_samples_leaf = 20, n_estimators = 100",0.002461,0.030428,0.665385,0.664624
RF,Model 4,Training Set,"max_depth = 15, max_features = log2, min_samples_leaf = 20, n_estimators = 300",0.002461,0.030436,0.665449,0.664688
RF,Model 4,Training Set,"max_depth = 15, max_features = log2, min_samples_leaf = 20, n_estimators = 500",0.002469,0.030466,0.664347,0.663584
RF,Model 4,Training Set,"max_depth = 15, max_features = log2, min_samples_leaf = 5, n_estimators = 100",0.001680,0.025652,0.771667,0.771148
RF,Model 4,Training Set,"max_depth = 15, max_features = log2, min_samples_leaf = 5, n_estimators = 300",0.001685,0.025579,0.770986,0.770465
RF,Model 4,Training Set,"max_depth = 15, max_features = log2, min_samples_leaf = 5, n_estimators = 500",0.001677,0.025481,0.772017,0.771498
RF,Model 4,Training Set,"max_depth = 15, max_features = sqrt, min_samples_leaf = 10, n_estimators = 100",0.001877,0.026329,0.744795,0.744215
RF,Model 4,Training Set,"max_depth = 15, max_features = sqrt, min_samples_leaf = 10, n_estimators = 300",0.001882,0.026325,0.744209,0.743628
RF,Model 4,Training Set,"max_depth = 15, max_features = sqrt, min_samples_leaf = 10, n_estimators = 500",0.001880,0.026277,0.744455,0.743874
RF,Model 4,Training Set,"max_depth = 15, max_features = sqrt, min_samples_leaf = 20, n_estimators = 100",0.002237,0.028710,0.695911,0.695219
RF,Model 4,Training Set,"max_depth = 15, max_features = sqrt, min_samples_leaf = 20, n_estimators = 300",0.002244,0.028662,0.694988,0.694294
RF,Model 4,Training Set,"max_depth = 15, max_features = sqrt, min_samples_leaf = 20, n_estimators = 500",0.002236,0.028613,0.696054,0.695362
RF,Model 4,Training Set,"max_depth = 15, max_features = sqrt, min_samples_leaf = 5, n_estimators = 100",0.001474,0.023718,0.799676,0.799221
RF,Model 4,Training Set,"max_depth = 15, max_features = sqrt, min_samples_leaf = 5, n_estimators = 300",0.001471,0.023638,0.799984,0.799530
RF,Model 4,Training Set,"max_depth = 15, max_features = sqrt, min_samples_leaf = 5, n_estimators = 500",0.001477,0.023658,0.799218,0.798761
RF,Model 4,Training Set,"max_depth = 5, max_features = 1.0, min_samples_leaf = 10, n_estimators = 100",0.002143,0.029123,0.708641,0.707979
RF,Model 4,Training Set,"max_depth = 5, max_features = 1.0, min_samples_leaf = 10, n_estimators = 300",0.002145,0.029111,0.708352,0.707689
RF,Model 4,Training Set,"max_depth = 5, max_features = 1.0, min_samples_leaf = 10, n_estimators = 500",0.002146,0.029111,0.708238,0.707575
RF,Model 4,Training Set,"max_depth = 5, max_features = 1.0, min_samples_leaf = 20, n_estimators = 100",0.002175,0.029164,0.704285,0.703612
RF,Model 4,Training Set,"max_depth = 5, max_features = 1.0, min_samples_leaf = 20, n_estimators = 300",0.002175,0.029143,0.704299,0.703627
RF,Model 4,Training Set,"max_depth = 5, max_features = 1.0, min_samples_leaf = 20, n_estimators = 500",0.002174,0.029141,0.704437,0.703765
RF,Model 4,Training Set,"max_depth = 5, max_features = 1.0, min_samples_leaf = 5, n_estimators = 100",0.002122,0.029120,0.711575,0.710919
RF,Model 4,Training Set,"max_depth = 5, max_features = 1.0, min_samples_leaf = 5, n_estimators = 300",0.002122,0.029098,0.711554,0.710898
RF,Model 4,Training Set,"max_depth = 5, max_features = 1.0, min_samples_leaf = 5, n_estimators = 500",0.002123,0.029100,0.711448,0.710791
RF,Model 4,Training Set,"max_depth = 5, max_features = log2, min_samples_leaf = 10, n_estimators = 100",0.003781,0.040832,0.486037,0.484868
RF,Model 4,Training Set,"max_depth = 5, max_features = log2, min_samples_leaf = 10, n_estimators = 300",0.003797,0.041030,0.483861,0.482687
RF,Model 4,Training Set,"max_depth = 5, max_features = log2, min_samples_leaf = 10, n_estimators = 500",0.003744,0.040699,0.490966,0.489808
RF,Model 4,Training Set,"max_depth = 5, max_features = log2, min_samples_leaf = 20, n_estimators = 100",0.003830,0.040986,0.479386,0.478202
RF,Model 4,Training Set,"max_depth = 5, max_features = log2, min_samples_leaf = 20, n_estimators = 300",0.003828,0.041090,0.479630,0.478446
RF,Model 4,Training Set,"max_depth = 5, max_features = log2, min_samples_leaf = 20, n_estimators = 500",0.003788,0.040791,0.485093,0.483922
RF,Model 4,Training Set,"max_depth = 5, max_features = log2, min_samples_leaf = 5, n_estimators = 100",0.003754,0.040707,0.489596,0.488435
RF,Model 4,Training Set,"max_depth = 5, max_features = log2, min_samples_leaf = 5, n_estimators = 300",0.003793,0.041085,0.484416,0.483243
RF,Model 4,Training Set,"max_depth = 5, max_features = log2, min_samples_leaf = 5, n_estimators = 500",0.003768,0.040902,0.487808,0.486643
RF,Model 4,Training Set,"max_depth = 5, max_features = sqrt, min_samples_leaf = 10, n_estimators = 100",0.003370,0.038343,0.541893,0.540851
RF,Model 4,Training Set,"max_depth = 5, max_features = sqrt, min_samples_leaf = 10, n_estimators = 300",0.003392,0.038430,0.538836,0.537787
RF,Model 4,Training Set,"max_depth = 5, max_features = sqrt, min_samples_leaf = 10, n_estimators = 500",0.003387,0.038320,0.539537,0.538490
RF,Model 4,Training Set,"max_depth = 5, max_features = sqrt, min_samples_leaf = 20, n_estimators = 100",0.003361,0.038140,0.543127,0.542088
RF,Model 4,Training Set,"max_depth = 5, max_features = sqrt, min_samples_leaf = 20, n_estimators = 300",0.003392,0.038267,0.538922,0.537873
RF,Model 4,Training Set,"max_depth = 5, max_features = sqrt, min_samples_leaf = 20, n_estimators = 500",0.003393,0.038196,0.538694,0.537645
RF,Model 4,Training Set,"max_depth = 5, max_features = sqrt, min_samples_leaf = 5, n_estimators = 100",0.003324,0.038175,0.548161,0.547134
RF,Model 4,Training Set,"max_depth = 5, max_features = sqrt, min_samples_leaf = 5, n_estimators = 300",0.003358,0.038306,0.543553,0.542515
RF,Model 4,Training Set,"max_depth = 5, max_features = sqrt, min_samples_leaf = 5, n_estimators = 500",0.003349,0.038187,0.544645,0.543609
Ridge,Model 1,Holdout Set,alpha = 1.0,0.057837,0.179184,-0.889477,-0.921527
Ridge,Model 1,Training Set,alpha = 1.0,0.027440,0.091607,0.285918,0.284287
Ridge,Model 2,Holdout Set,alpha = 1.0,0.043308,0.167781,-0.414833,-0.438831
Ridge,Model 2,Training Set,alpha = 1.0,0.027820,0.092314,0.282596,0.280908
Ridge,Model 3,Holdout Set,alpha = 1.0,0.007708,0.074357,0.136911,0.122069
Ridge,Model 3,Training Set,alpha = 1.0,0.002184,0.029434,0.700587,0.699895
Ridge,Model 4,Holdout Set,alpha = 1.0,0.003055,0.035487,0.657947,0.652065
Ridge,Model 4,Training Set,alpha = 1.0,0.002206,0.029643,0.700033,0.699318
XGB,Model 1,Holdout Set,"learning_rate = 0.01, max_depth = 3, n_estimators = 100",0.023558,0.105502,0.230382,0.217328
XGB,Model 1,Holdout Set,"learning_rate = 0.01, max_depth = 3, n_estimators = 300",0.021477,0.096675,0.298383,0.286482
XGB,Model 1,Holdout Set,"learning_rate = 0.01, max_depth = 3, n_estimators = 500",0.021081,0.093996,0.311300,0.299618
XGB,Model 1,Holdout Set,"learning_rate = 0.01, max_depth = 5, n_estimators = 100",0.022293,0.102897,0.271708,0.259355
XGB,Model 1,Holdout Set,"learning_rate = 0.01, max_depth = 5, n_estimators = 300",0.020409,0.092958,0.333258,0.321949
XGB,Model 1,Holdout Set,"learning_rate = 0.01, max_depth = 5, n_estimators = 500",0.020510,0.091515,0.329965,0.318600
XGB,Model 1,Holdout Set,"learning_rate = 0.01, max_depth = 7, n_estimators = 100",0.021805,0.100855,0.287666,0.275583
XGB,Model 1,Holdout Set,"learning_rate = 0.01, max_depth = 7, n_estimators = 300",0.021759,0.093210,0.289163,0.277106
XGB,Model 1,Holdout Set,"learning_rate = 0.01, max_depth = 7, n_estimators = 500",0.021918,0.091467,0.283970,0.271824
XGB,Model 1,Holdout Set,"learning_rate = 0.05, max_depth = 3, n_estimators = 100",0.020363,0.093992,0.334781,0.323498
XGB,Model 1,Holdout Set,"learning_rate = 0.05, max_depth = 3, n_estimators = 300",0.020432,0.091240,0.332521,0.321200
XGB,Model 1,Holdout Set,"learning_rate = 0.05, max_depth = 3, n_estimators = 500",0.022288,0.091370,0.271892,0.259542
XGB,Model 1,Holdout Set,"learning_rate = 0.05, max_depth = 5, n_estimators = 100",0.020024,0.091075,0.345832,0.334736
XGB,Model 1,Holdout Set,"learning_rate = 0.05, max_depth = 5, n_estimators = 300",0.020419,0.089805,0.332951,0.321637
XGB,Model 1,Holdout Set,"learning_rate = 0.05, max_depth = 5, n_estimators = 500",0.021310,0.090872,0.303831,0.292023
XGB,Model 1,Holdout Set,"learning_rate = 0.05, max_depth = 7, n_estimators = 100",0.021786,0.091778,0.288265,0.276193
XGB,Model 1,Holdout Set,"learning_rate = 0.05, max_depth = 7, n_estimators = 300",0.021849,0.091042,0.286220,0.274113
XGB,Model 1,Holdout Set,"learning_rate = 0.05, max_depth = 7, n_estimators = 500",0.022033,0.091204,0.280203,0.267994
XGB,Model 1,Holdout Set,"learning_rate = 0.1, max_depth = 3, n_estimators = 100",0.020833,0.091431,0.319415,0.307871
XGB,Model 1,Holdout Set,"learning_rate = 0.1, max_depth = 3, n_estimators = 300",0.023821,0.091657,0.221781,0.208581
XGB,Model 1,Holdout Set,"learning_rate = 0.1, max_depth = 3, n_estimators = 500",0.026395,0.092986,0.137718,0.123092
XGB,Model 1,Holdout Set,"learning_rate = 0.1, max_depth = 5, n_estimators = 100",0.020822,0.091145,0.319756,0.308217
XGB,Model 1,Holdout Set,"learning_rate = 0.1, max_depth = 5, n_estimators = 300",0.022312,0.091488,0.271084,0.258720
XGB,Model 1,Holdout Set,"learning_rate = 0.1, max_depth = 5, n_estimators = 500",0.022488,0.092001,0.265361,0.252900
XGB,Model 1,Holdout Set,"learning_rate = 0.1, max_depth = 7, n_estimators = 100",0.022499,0.091737,0.264975,0.252508
XGB,Model 1,Holdout Set,"learning_rate = 0.1, max_depth = 7, n_estimators = 300",0.023061,0.092811,0.246626,0.233848
XGB,Model 1,Holdout Set,"learning_rate = 0.1, max_depth = 7, n_estimators = 500",0.023200,0.093680,0.242086,0.229231
XGB,Model 1,Training Set,"learning_rate = 0.01, max_depth = 3, n_estimators = 100",0.025901,0.090148,0.325985,0.324445
XGB,Model 1,Training Set,"learning_rate = 0.01, max_depth = 3, n_estimators = 300",0.020622,0.080488,0.463365,0.462139
XGB,Model 1,Training Set,"learning_rate = 0.01, max_depth = 3, n_estimators = 500",0.018619,0.076885,0.515491,0.514384
XGB,Model 1,Training Set,"learning_rate = 0.01, max_depth = 5, n_estimators = 100",0.022064,0.084595,0.425827,0.424515
XGB,Model 1,Training Set,"learning_rate = 0.01, max_depth = 5, n_estimators = 300",0.015552,0.073785,0.595295,0.594371
XGB,Model 1,Training Set,"learning_rate = 0.01, max_depth = 5, n_estimators = 500",0.013047,0.069938,0.660468,0.659692
XGB,Model 1,Training Set,"learning_rate = 0.01, max_depth = 7, n_estimators = 100",0.018855,0.079995,0.509345,0.508224
XGB,Model 1,Training Set,"learning_rate = 0.01, max_depth = 7, n_estimators = 300",0.011080,0.066731,0.711657,0.710998
XGB,Model 1,Training Set,"learning_rate = 0.01, max_depth = 7, n_estimators = 500",0.008685,0.061895,0.774000,0.773483
XGB,Model 1,Training Set,"learning_rate = 0.05, max_depth = 3, n_estimators = 100",0.018960,0.076926,0.506594,0.505467
XGB,Model 1,Training Set,"learning_rate = 0.05, max_depth = 3, n_estimators = 300",0.014961,0.071487,0.610679,0.609790
XGB,Model 1,Training Set,"learning_rate = 0.05, max_depth = 3, n_estimators = 500",0.013153,0.069221,0.657718,0.656936
XGB,Model 1,Training Set,"learning_rate = 0.05, max_depth = 5, n_estimators = 100",0.013093,0.069946,0.659294,0.658516
XGB,Model 1,Training Set,"learning_rate = 0.05, max_depth = 5, n_estimators = 300",0.008640,0.062311,0.775164,0.774650
XGB,Model 1,Training Set,"learning_rate = 0.05, max_depth = 5, n_estimators = 500",0.007014,0.058209,0.817481,0.817064
XGB,Model 1,Training Set,"learning_rate = 0.05, max_depth = 7, n_estimators = 100",0.008614,0.061888,0.775849,0.775337
XGB,Model 1,Training Set,"learning_rate = 0.05, max_depth = 7, n_estimators = 300",0.004959,0.050663,0.870942,0.870647
XGB,Model 1,Training Set,"learning_rate = 0.05, max_depth = 7, n_estimators = 500",0.003366,0.042543,0.912419,0.912219
XGB,Model 1,Training Set,"learning_rate = 0.1, max_depth = 3, n_estimators = 100",0.016073,0.073051,0.581744,0.580788
XGB,Model 1,Training Set,"learning_rate = 0.1, max_depth = 3, n_estimators = 300",0.012240,0.068274,0.681489,0.680762
XGB,Model 1,Training Set,"learning_rate = 0.1, max_depth = 3, n_estimators = 500",0.010528,0.065778,0.726029,0.725403
XGB,Model 1,Training Set,"learning_rate = 0.1, max_depth = 5, n_estimators = 100",0.010269,0.065319,0.732769,0.732158
XGB,Model 1,Training Set,"learning_rate = 0.1, max_depth = 5, n_estimators = 300",0.006343,0.056007,0.834934,0.834557
XGB,Model 1,Training Set,"learning_rate = 0.1, max_depth = 5, n_estimators = 500",0.004809,0.049919,0.874861,0.874575
XGB,Model 1,Training Set,"learning_rate = 0.1, max_depth = 7, n_estimators = 100",0.006137,0.055404,0.840306,0.839942
XGB,Model 1,Training Set,"learning_rate = 0.1, max_depth = 7, n_estimators = 300",0.002868,0.039369,0.925368,0.925197
XGB,Model 1,Training Set,"learning_rate = 0.1, max_depth = 7, n_estimators = 500",0.001540,0.028967,0.959918,0.959827
XGB,Model 2,Holdout Set,"learning_rate = 0.01, max_depth = 3, n_estimators = 100",0.025399,0.106449,0.170238,0.156163
XGB,Model 2,Holdout Set,"learning_rate = 0.01, max_depth = 3, n_estimators = 300",0.022844,0.095035,0.253730,0.241071
XGB,Model 2,Holdout Set,"learning_rate = 0.01, max_depth = 3, n_estimators = 500",0.022040,0.092390,0.279969,0.267756
XGB,Model 2,Holdout Set,"learning_rate = 0.01, max_depth = 5, n_estimators = 100",0.023986,0.103616,0.216403,0.203112
XGB,Model 2,Holdout Set,"learning_rate = 0.01, max_depth = 5, n_estimators = 300",0.021378,0.093240,0.301608,0.289762
XGB,Model 2,Holdout Set,"learning_rate = 0.01, max_depth = 5, n_estimators = 500",0.020782,0.091235,0.321077,0.309561
XGB,Model 2,Holdout Set,"learning_rate = 0.01, max_depth = 7, n_estimators = 100",0.023709,0.101443,0.225451,0.212313
XGB,Model 2,Holdout Set,"learning_rate = 0.01, max_depth = 7, n_estimators = 300",0.023104,0.093776,0.245229,0.232426
XGB,Model 2,Holdout Set,"learning_rate = 0.01, max_depth = 7, n_estimators = 500",0.023284,0.092413,0.239352,0.226450
XGB,Model 2,Holdout Set,"learning_rate = 0.05, max_depth = 3, n_estimators = 100",0.022055,0.092606,0.279485,0.267264
XGB,Model 2,Holdout Set,"learning_rate = 0.05, max_depth = 3, n_estimators = 300",0.021598,0.091401,0.294420,0.282452
XGB,Model 2,Holdout Set,"learning_rate = 0.05, max_depth = 3, n_estimators = 500",0.022141,0.091335,0.276678,0.264409
XGB,Model 2,Holdout Set,"learning_rate = 0.05, max_depth = 5, n_estimators = 100",0.020597,0.091274,0.327131,0.315718
XGB,Model 2,Holdout Set,"learning_rate = 0.05, max_depth = 5, n_estimators = 300",0.022105,0.092101,0.277857,0.265608
XGB,Model 2,Holdout Set,"learning_rate = 0.05, max_depth = 5, n_estimators = 500",0.022827,0.092551,0.254266,0.241617
XGB,Model 2,Holdout Set,"learning_rate = 0.05, max_depth = 7, n_estimators = 100",0.022723,0.092769,0.257673,0.245081
XGB,Model 2,Holdout Set,"learning_rate = 0.05, max_depth = 7, n_estimators = 300",0.022579,0.091403,0.262355,0.249843
XGB,Model 2,Holdout Set,"learning_rate = 0.05, max_depth = 7, n_estimators = 500",0.022864,0.091806,0.253049,0.240379
XGB,Model 2,Holdout Set,"learning_rate = 0.1, max_depth = 3, n_estimators = 100",0.022696,0.092566,0.258558,0.245981
XGB,Model 2,Holdout Set,"learning_rate = 0.1, max_depth = 3, n_estimators = 300",0.023832,0.092714,0.221442,0.208236
XGB,Model 2,Holdout Set,"learning_rate = 0.1, max_depth = 3, n_estimators = 500",0.025384,0.094456,0.170726,0.156659
XGB,Model 2,Holdout Set,"learning_rate = 0.1, max_depth = 5, n_estimators = 100",0.021635,0.090629,0.293209,0.281221
XGB,Model 2,Holdout Set,"learning_rate = 0.1, max_depth = 5, n_estimators = 300",0.024549,0.091858,0.198018,0.184415
XGB,Model 2,Holdout Set,"learning_rate = 0.1, max_depth = 5, n_estimators = 500",0.024784,0.092478,0.190340,0.176606
XGB,Model 2,Holdout Set,"learning_rate = 0.1, max_depth = 7, n_estimators = 100",0.023298,0.092892,0.238889,0.225979
XGB,Model 2,Holdout Set,"learning_rate = 0.1, max_depth = 7, n_estimators = 300",0.023268,0.092552,0.239852,0.226958
XGB,Model 2,Holdout Set,"learning_rate = 0.1, max_depth = 7, n_estimators = 500",0.023523,0.093344,0.231542,0.218508
XGB,Model 2,Training Set,"learning_rate = 0.01, max_depth = 3, n_estimators = 100",0.026790,0.092491,0.309137,0.307511
XGB,Model 2,Training Set,"learning_rate = 0.01, max_depth = 3, n_estimators = 300",0.020977,0.082521,0.459047,0.457774
XGB,Model 2,Training Set,"learning_rate = 0.01, max_depth = 3, n_estimators = 500",0.018779,0.078226,0.515732,0.514592
XGB,Model 2,Training Set,"learning_rate = 0.01, max_depth = 5, n_estimators = 100",0.022712,0.085647,0.414309,0.412931
XGB,Model 2,Training Set,"learning_rate = 0.01, max_depth = 5, n_estimators = 300",0.015770,0.074708,0.593321,0.592363
XGB,Model 2,Training Set,"learning_rate = 0.01, max_depth = 5, n_estimators = 500",0.013337,0.070591,0.656068,0.655258
XGB,Model 2,Training Set,"learning_rate = 0.01, max_depth = 7, n_estimators = 100",0.019403,0.080803,0.499629,0.498451
XGB,Model 2,Training Set,"learning_rate = 0.01, max_depth = 7, n_estimators = 300",0.011178,0.067249,0.711736,0.711058
XGB,Model 2,Training Set,"learning_rate = 0.01, max_depth = 7, n_estimators = 500",0.008569,0.062013,0.779012,0.778492
XGB,Model 2,Training Set,"learning_rate = 0.05, max_depth = 3, n_estimators = 100",0.018780,0.078127,0.515718,0.514579
XGB,Model 2,Training Set,"learning_rate = 0.05, max_depth = 3, n_estimators = 300",0.014990,0.072045,0.613451,0.612541
XGB,Model 2,Training Set,"learning_rate = 0.05, max_depth = 3, n_estimators = 500",0.013338,0.069688,0.656038,0.655229
XGB,Model 2,Training Set,"learning_rate = 0.05, max_depth = 5, n_estimators = 100",0.013447,0.070614,0.653222,0.652406
XGB,Model 2,Training Set,"learning_rate = 0.05, max_depth = 5, n_estimators = 300",0.008716,0.062685,0.775227,0.774698
XGB,Model 2,Training Set,"learning_rate = 0.05, max_depth = 5, n_estimators = 500",0.007039,0.058314,0.818484,0.818057
XGB,Model 2,Training Set,"learning_rate = 0.05, max_depth = 7, n_estimators = 100",0.008563,0.062065,0.779186,0.778667
XGB,Model 2,Training Set,"learning_rate = 0.05, max_depth = 7, n_estimators = 300",0.004853,0.050351,0.874854,0.874560
XGB,Model 2,Training Set,"learning_rate = 0.05, max_depth = 7, n_estimators = 500",0.003332,0.042328,0.914074,0.913871
XGB,Model 2,Training Set,"learning_rate = 0.1, max_depth = 3, n_estimators = 100",0.016179,0.074024,0.582784,0.581802
XGB,Model 2,Training Set,"learning_rate = 0.1, max_depth = 3, n_estimators = 300",0.012525,0.068739,0.677000,0.676240
XGB,Model 2,Training Set,"learning_rate = 0.1, max_depth = 3, n_estimators = 500",0.010601,0.066127,0.726612,0.725969
XGB,Model 2,Training Set,"learning_rate = 0.1, max_depth = 5, n_estimators = 100",0.010154,0.065576,0.738142,0.737526
XGB,Model 2,Training Set,"learning_rate = 0.1, max_depth = 5, n_estimators = 300",0.006458,0.056562,0.833466,0.833074
XGB,Model 2,Training Set,"learning_rate = 0.1, max_depth = 5, n_estimators = 500",0.004848,0.050330,0.874982,0.874688
XGB,Model 2,Training Set,"learning_rate = 0.1, max_depth = 7, n_estimators = 100",0.006106,0.055357,0.842548,0.842177
XGB,Model 2,Training Set,"learning_rate = 0.1, max_depth = 7, n_estimators = 300",0.002826,0.039066,0.927111,0.926940
XGB,Model 2,Training Set,"learning_rate = 0.1, max_depth = 7, n_estimators = 500",0.001520,0.028663,0.960803,0.960711
XGB,Model 3,Holdout Set,"learning_rate = 0.01, max_depth = 3, n_estimators = 100",0.004290,0.042192,0.519596,0.511334
XGB,Model 3,Holdout Set,"learning_rate = 0.01, max_depth = 3, n_estimators = 300",0.003080,0.033148,0.655060,0.649128
XGB,Model 3,Holdout Set,"learning_rate = 0.01, max_depth = 3, n_estimators = 500",0.002921,0.032059,0.672903,0.667278
XGB,Model 3,Holdout Set,"learning_rate = 0.01, max_depth = 5, n_estimators = 100",0.003926,0.040128,0.560355,0.552794
XGB,Model 3,Holdout Set,"learning_rate = 0.01, max_depth = 5, n_estimators = 300",0.002866,0.031849,0.679075,0.673556
XGB,Model 3,Holdout Set,"learning_rate = 0.01, max_depth = 5, n_estimators = 500",0.002818,0.031442,0.684444,0.679018
XGB,Model 3,Holdout Set,"learning_rate = 0.01, max_depth = 7, n_estimators = 100",0.003987,0.039631,0.553542,0.545865
XGB,Model 3,Holdout Set,"learning_rate = 0.01, max_depth = 7, n_estimators = 300",0.002872,0.031923,0.678374,0.672843
XGB,Model 3,Holdout Set,"learning_rate = 0.01, max_depth = 7, n_estimators = 500",0.002862,0.031763,0.679465,0.673953
XGB,Model 3,Holdout Set,"learning_rate = 0.05, max_depth = 3, n_estimators = 100",0.002918,0.032079,0.673283,0.667665
XGB,Model 3,Holdout Set,"learning_rate = 0.05, max_depth = 3, n_estimators = 300",0.002822,0.031578,0.684017,0.678583
XGB,Model 3,Holdout Set,"learning_rate = 0.05, max_depth = 3, n_estimators = 500",0.002803,0.031630,0.686140,0.680743
XGB,Model 3,Holdout Set,"learning_rate = 0.05, max_depth = 5, n_estimators = 100",0.002755,0.031198,0.691547,0.686242
XGB,Model 3,Holdout Set,"learning_rate = 0.05, max_depth = 5, n_estimators = 300",0.002771,0.031699,0.689745,0.684410
XGB,Model 3,Holdout Set,"learning_rate = 0.05, max_depth = 5, n_estimators = 500",0.002788,0.031964,0.687846,0.682478
XGB,Model 3,Holdout Set,"learning_rate = 0.05, max_depth = 7, n_estimators = 100",0.002874,0.031808,0.678192,0.672657
XGB,Model 3,Holdout Set,"learning_rate = 0.05, max_depth = 7, n_estimators = 300",0.002934,0.032485,0.671489,0.665839
XGB,Model 3,Holdout Set,"learning_rate = 0.05, max_depth = 7, n_estimators = 500",0.002974,0.032855,0.666958,0.661231
XGB,Model 3,Holdout Set,"learning_rate = 0.1, max_depth = 3, n_estimators = 100",0.002849,0.031691,0.680996,0.675510
XGB,Model 3,Holdout Set,"learning_rate = 0.1, max_depth = 3, n_estimators = 300",0.002799,0.031793,0.686564,0.681174
XGB,Model 3,Holdout Set,"learning_rate = 0.1, max_depth = 3, n_estimators = 500",0.002812,0.031990,0.685167,0.679752
XGB,Model 3,Holdout Set,"learning_rate = 0.1, max_depth = 5, n_estimators = 100",0.002770,0.031420,0.689769,0.684434
XGB,Model 3,Holdout Set,"learning_rate = 0.1, max_depth = 5, n_estimators = 300",0.002856,0.032339,0.680169,0.674669
XGB,Model 3,Holdout Set,"learning_rate = 0.1, max_depth = 5, n_estimators = 500",0.002909,0.032849,0.674284,0.668682
XGB,Model 3,Holdout Set,"learning_rate = 0.1, max_depth = 7, n_estimators = 100",0.002900,0.031832,0.675267,0.669683
XGB,Model 3,Holdout Set,"learning_rate = 0.1, max_depth = 7, n_estimators = 300",0.002979,0.032630,0.666436,0.660700
XGB,Model 3,Holdout Set,"learning_rate = 0.1, max_depth = 7, n_estimators = 500",0.003031,0.033174,0.660591,0.654754
XGB,Model 3,Training Set,"learning_rate = 0.01, max_depth = 3, n_estimators = 100",0.003244,0.038162,0.555280,0.554252
XGB,Model 3,Training Set,"learning_rate = 0.01, max_depth = 3, n_estimators = 300",0.002242,0.029603,0.692588,0.691878
XGB,Model 3,Training Set,"learning_rate = 0.01, max_depth = 3, n_estimators = 500",0.002049,0.028358,0.719056,0.718406
XGB,Model 3,Training Set,"learning_rate = 0.01, max_depth = 5, n_estimators = 100",0.002852,0.035889,0.609059,0.608155
XGB,Model 3,Training Set,"learning_rate = 0.01, max_depth = 5, n_estimators = 300",0.001811,0.027247,0.751798,0.751224
XGB,Model 3,Training Set,"learning_rate = 0.01, max_depth = 5, n_estimators = 500",0.001601,0.026029,0.780465,0.779958
XGB,Model 3,Training Set,"learning_rate = 0.01, max_depth = 7, n_estimators = 100",0.002506,0.034380,0.656453,0.655659
XGB,Model 3,Training Set,"learning_rate = 0.01, max_depth = 7, n_estimators = 300",0.001331,0.024659,0.817494,0.817072
XGB,Model 3,Training Set,"learning_rate = 0.01, max_depth = 7, n_estimators = 500",0.001109,0.022927,0.847968,0.847617
XGB,Model 3,Training Set,"learning_rate = 0.05, max_depth = 3, n_estimators = 100",0.002049,0.028353,0.719094,0.718445
XGB,Model 3,Training Set,"learning_rate = 0.05, max_depth = 3, n_estimators = 300",0.001794,0.027055,0.754030,0.753461
XGB,Model 3,Training Set,"learning_rate = 0.05, max_depth = 3, n_estimators = 500",0.001666,0.026479,0.771610,0.771082
XGB,Model 3,Training Set,"learning_rate = 0.05, max_depth = 5, n_estimators = 100",0.001604,0.026030,0.780160,0.779651
XGB,Model 3,Training Set,"learning_rate = 0.05, max_depth = 5, n_estimators = 300",0.001240,0.023940,0.829974,0.829580
XGB,Model 3,Training Set,"learning_rate = 0.05, max_depth = 5, n_estimators = 500",0.001048,0.022498,0.856389,0.856057
XGB,Model 3,Training Set,"learning_rate = 0.05, max_depth = 7, n_estimators = 100",0.001107,0.022906,0.848282,0.847931
XGB,Model 3,Training Set,"learning_rate = 0.05, max_depth = 7, n_estimators = 300",0.000738,0.019309,0.898766,0.898532
XGB,Model 3,Training Set,"learning_rate = 0.05, max_depth = 7, n_estimators = 500",0.000527,0.016469,0.927697,0.927530
XGB,Model 3,Training Set,"learning_rate = 0.1, max_depth = 3, n_estimators = 100",0.001889,0.027473,0.741087,0.740489
XGB,Model 3,Training Set,"learning_rate = 0.1, max_depth = 3, n_estimators = 300",0.001604,0.026204,0.780133,0.779624
XGB,Model 3,Training Set,"learning_rate = 0.1, max_depth = 3, n_estimators = 500",0.001445,0.025407,0.801884,0.801426
XGB,Model 3,Training Set,"learning_rate = 0.1, max_depth = 5, n_estimators = 100",0.001386,0.024886,0.809981,0.809542
XGB,Model 3,Training Set,"learning_rate = 0.1, max_depth = 5, n_estimators = 300",0.000970,0.021788,0.866959,0.866651
XGB,Model 3,Training Set,"learning_rate = 0.1, max_depth = 5, n_estimators = 500",0.000754,0.019566,0.896623,0.896384
XGB,Model 3,Training Set,"learning_rate = 0.1, max_depth = 7, n_estimators = 100",0.000890,0.020919,0.877983,0.877701
XGB,Model 3,Training Set,"learning_rate = 0.1, max_depth = 7, n_estimators = 300",0.000447,0.015205,0.938695,0.938554
XGB,Model 3,Training Set,"learning_rate = 0.1, max_depth = 7, n_estimators = 500",0.000246,0.011259,0.966275,0.966197
XGB,Model 4,Holdout Set,"learning_rate = 0.01, max_depth = 3, n_estimators = 100",0.004296,0.042184,0.518921,0.510647
XGB,Model 4,Holdout Set,"learning_rate = 0.01, max_depth = 3, n_estimators = 300",0.003106,0.033165,0.652246,0.646266
XGB,Model 4,Holdout Set,"learning_rate = 0.01, max_depth = 3, n_estimators = 500",0.002941,0.032104,0.670703,0.665040
XGB,Model 4,Holdout Set,"learning_rate = 0.01, max_depth = 5, n_estimators = 100",0.003989,0.040301,0.553323,0.545642
XGB,Model 4,Holdout Set,"learning_rate = 0.01, max_depth = 5, n_estimators = 300",0.002883,0.032052,0.677144,0.671592
XGB,Model 4,Holdout Set,"learning_rate = 0.01, max_depth = 5, n_estimators = 500",0.002835,0.031679,0.682591,0.677133
XGB,Model 4,Holdout Set,"learning_rate = 0.01, max_depth = 7, n_estimators = 100",0.003985,0.039827,0.553705,0.546030
XGB,Model 4,Holdout Set,"learning_rate = 0.01, max_depth = 7, n_estimators = 300",0.002935,0.032299,0.671326,0.665674
XGB,Model 4,Holdout Set,"learning_rate = 0.01, max_depth = 7, n_estimators = 500",0.002931,0.032134,0.671738,0.666092
XGB,Model 4,Holdout Set,"learning_rate = 0.05, max_depth = 3, n_estimators = 100",0.002928,0.032028,0.672090,0.666451
XGB,Model 4,Holdout Set,"learning_rate = 0.05, max_depth = 3, n_estimators = 300",0.002804,0.031519,0.685959,0.680558
XGB,Model 4,Holdout Set,"learning_rate = 0.05, max_depth = 3, n_estimators = 500",0.002795,0.031661,0.687051,0.681669
XGB,Model 4,Holdout Set,"learning_rate = 0.05, max_depth = 5, n_estimators = 100",0.002830,0.031660,0.683109,0.677659
XGB,Model 4,Holdout Set,"learning_rate = 0.05, max_depth = 5, n_estimators = 300",0.002825,0.031846,0.683659,0.678219
XGB,Model 4,Holdout Set,"learning_rate = 0.05, max_depth = 5, n_estimators = 500",0.002864,0.032250,0.679246,0.673730
XGB,Model 4,Holdout Set,"learning_rate = 0.05, max_depth = 7, n_estimators = 100",0.002926,0.032076,0.672374,0.666740
XGB,Model 4,Holdout Set,"learning_rate = 0.05, max_depth = 7, n_estimators = 300",0.002967,0.032635,0.667770,0.662056
XGB,Model 4,Holdout Set,"learning_rate = 0.05, max_depth = 7, n_estimators = 500",0.003005,0.033087,0.663445,0.657657
XGB,Model 4,Holdout Set,"learning_rate = 0.1, max_depth = 3, n_estimators = 100",0.002866,0.031937,0.679075,0.673556
XGB,Model 4,Holdout Set,"learning_rate = 0.1, max_depth = 3, n_estimators = 300",0.002830,0.032054,0.683051,0.677601
XGB,Model 4,Holdout Set,"learning_rate = 0.1, max_depth = 3, n_estimators = 500",0.002839,0.032243,0.682090,0.676623
XGB,Model 4,Holdout Set,"learning_rate = 0.1, max_depth = 5, n_estimators = 100",0.002850,0.031717,0.680868,0.675380
XGB,Model 4,Holdout Set,"learning_rate = 0.1, max_depth = 5, n_estimators = 300",0.002933,0.032429,0.671548,0.665899
XGB,Model 4,Holdout Set,"learning_rate = 0.1, max_depth = 5, n_estimators = 500",0.002990,0.033008,0.665184,0.659427
XGB,Model 4,Holdout Set,"learning_rate = 0.1, max_depth = 7, n_estimators = 100",0.003093,0.032663,0.653669,0.647713
XGB,Model 4,Holdout Set,"learning_rate = 0.1, max_depth = 7, n_estimators = 300",0.003143,0.033374,0.648017,0.641964
XGB,Model 4,Holdout Set,"learning_rate = 0.1, max_depth = 7, n_estimators = 500",0.003174,0.033789,0.644608,0.638497
XGB,Model 4,Training Set,"learning_rate = 0.01, max_depth = 3, n_estimators = 100",0.003279,0.038382,0.554175,0.553113
XGB,Model 4,Training Set,"learning_rate = 0.01, max_depth = 3, n_estimators = 300",0.002265,0.029768,0.692094,0.691361
XGB,Model 4,Training Set,"learning_rate = 0.01, max_depth = 3, n_estimators = 500",0.002070,0.028489,0.718635,0.717965
XGB,Model 4,Training Set,"learning_rate = 0.01, max_depth = 5, n_estimators = 100",0.002875,0.036102,0.609086,0.608155
XGB,Model 4,Training Set,"learning_rate = 0.01, max_depth = 5, n_estimators = 300",0.001830,0.027414,0.751278,0.750686
XGB,Model 4,Training Set,"learning_rate = 0.01, max_depth = 5, n_estimators = 500",0.001627,0.026199,0.778849,0.778322
XGB,Model 4,Training Set,"learning_rate = 0.01, max_depth = 7, n_estimators = 100",0.002528,0.034559,0.656277,0.655458
XGB,Model 4,Training Set,"learning_rate = 0.01, max_depth = 7, n_estimators = 300",0.001348,0.024804,0.816679,0.816242
XGB,Model 4,Training Set,"learning_rate = 0.01, max_depth = 7, n_estimators = 500",0.001134,0.023098,0.845876,0.845509
XGB,Model 4,Training Set,"learning_rate = 0.05, max_depth = 3, n_estimators = 100",0.002064,0.028460,0.719355,0.718687
XGB,Model 4,Training Set,"learning_rate = 0.05, max_depth = 3, n_estimators = 300",0.001804,0.027122,0.754741,0.754157
XGB,Model 4,Training Set,"learning_rate = 0.05, max_depth = 3, n_estimators = 500",0.001672,0.026514,0.772730,0.772189
XGB,Model 4,Training Set,"learning_rate = 0.05, max_depth = 5, n_estimators = 100",0.001626,0.026202,0.778965,0.778438
XGB,Model 4,Training Set,"learning_rate = 0.05, max_depth = 5, n_estimators = 300",0.001255,0.024111,0.829351,0.828944
XGB,Model 4,Training Set,"learning_rate = 0.05, max_depth = 5, n_estimators = 500",0.001047,0.022531,0.857720,0.857381
XGB,Model 4,Training Set,"learning_rate = 0.05, max_depth = 7, n_estimators = 100",0.001128,0.023081,0.846698,0.846333
XGB,Model 4,Training Set,"learning_rate = 0.05, max_depth = 7, n_estimators = 300",0.000735,0.019227,0.900111,0.899873
XGB,Model 4,Training Set,"learning_rate = 0.05, max_depth = 7, n_estimators = 500",0.000519,0.016316,0.929475,0.929307
XGB,Model 4,Training Set,"learning_rate = 0.1, max_depth = 3, n_estimators = 100",0.001897,0.027561,0.742173,0.741559
XGB,Model 4,Training Set,"learning_rate = 0.1, max_depth = 3, n_estimators = 300",0.001608,0.026289,0.781409,0.780888
XGB,Model 4,Training Set,"learning_rate = 0.1, max_depth = 3, n_estimators = 500",0.001440,0.025392,0.804231,0.803765
XGB,Model 4,Training Set,"learning_rate = 0.1, max_depth = 5, n_estimators = 100",0.001408,0.025048,0.808631,0.808175
XGB,Model 4,Training Set,"learning_rate = 0.1, max_depth = 5, n_estimators = 300",0.000969,0.021875,0.868325,0.868011
XGB,Model 4,Training Set,"learning_rate = 0.1, max_depth = 5, n_estimators = 500",0.000738,0.019437,0.899698,0.899459
XGB,Model 4,Training Set,"learning_rate = 0.1, max_depth = 7, n_estimators = 100",0.000898,0.021030,0.877894,0.877603
XGB,Model 4,Training Set,"learning_rate = 0.1, max_depth = 7, n_estimators = 300",0.000430,0.014968,0.941508,0.941368
XGB,Model 4,Training Set,"learning_rate = 0.1, max_depth = 7, n_estimators = 500",0.000240,0.011158,0.967309,0.967231
