Model,Rank,Feature,Importance,Cumulative_Importance
Model 1,1,Spread_cur,0.3088770282366274,0.3088770282366274
Model 1,2,TradingTurnover_cur,0.06909028723323761,0.377967315469865
Model 1,3,TradingMoney_cur,0.06901732357362185,0.44698463904348684
Model 1,4,QuarterlyReturn_Lag1,0.06807359117930534,0.5150582302227922
Model 1,5,TradingVolume_cur,0.06135963910171736,0.5764178693245096
Model 1,6,SOX_QoQ,0.04513301846950588,0.6215508877940155
Model 1,7,SP500_QoQ,0.03675037004813516,0.6583012578421507
Model 1,8,ROE_last1,0.03385445022433028,0.692155708066481
Model 1,9,VIX_QoQ,0.03331551253899108,0.7254712206054721
Model 1,10,Last3mCumulativeRevenue_last1,0.0251110772602429,0.750582297865715
Model 1,11,DJIA_QoQ,0.017663601891037946,0.768245899756753
Model 1,12,IXIC_QoQ,0.015533397300331953,0.7837792970570849
Model 1,13,VIX_QoQ_Lag2,0.014502385712740632,0.7982816827698256
Model 1,14,EPS_last1,0.014397739651126605,0.8126794224209521
Model 1,15,FnG_QoQ_Lag2,0.014377874566988864,0.8270572969879411
Model 1,16,ROA_last1,0.01424274926619306,0.8413000462541341
Model 1,17,VIX_QoQ_Lag1,0.012174944587879714,0.8534749908420138
Model 1,18,Last3mCumulativeRevenueGrowthRate_last1,0.012076396232039778,0.8655513870740537
Model 1,19,QuarterlyReturn_Lag2,0.010490253658480579,0.8760416407325342
Model 1,20,QuarterlyReturn_Lag3,0.00927043457468142,0.8853120753072157
Model 1,1,Spread_cur,0.32294673337540997,0.32294673337540997
Model 1,2,TradingTurnover_cur,0.07599305379210126,0.3989397871675112
Model 1,3,TradingVolume_cur,0.06462780236806456,0.46356758953557575
Model 1,4,TradingMoney_cur,0.06144913961615161,0.5250167291517274
Model 1,5,QuarterlyReturn_Lag1,0.05937805380876981,0.5843947829604972
Model 1,6,SOX_QoQ,0.04553933612566377,0.6299341190861609
Model 1,7,VIX_QoQ,0.03395465694144062,0.6638887760276015
Model 1,8,SP500_QoQ,0.028233423256491582,0.6921221992840931
Model 1,9,ROE_last1,0.026027904197551525,0.7181501034816447
Model 1,10,Last3mCumulativeRevenue_last1,0.025794847686272042,0.7439449511679167
Model 1,11,DJIA_QoQ,0.023071839615593365,0.76701679078351
Model 1,12,IXIC_QoQ,0.0191208971460546,0.7861376879295646
Model 1,13,FnG_QoQ_Lag2,0.016096111830412225,0.8022337997599769
Model 1,14,VIX_QoQ_Lag2,0.013919416814763812,0.8161532165747407
Model 1,15,EPS_last1,0.013638812099983702,0.8297920286747245
Model 1,16,QuarterlyReturn_Lag3,0.01231659758111653,0.842108626255841
Model 1,17,Last3mCumulativeRevenueGrowthRate_last1,0.0110650820582474,0.8531737083140885
Model 1,18,VIX_QoQ_Lag1,0.010748627672363046,0.8639223359864515
Model 1,19,QuarterlyReturn_Lag2,0.010349804884445361,0.8742721408708969
Model 1,20,ROA_last1,0.009848224495759414,0.8841203653666563
Model 1,1,Spread_cur,0.33366277416601026,0.33366277416601026
Model 1,2,TradingTurnover_cur,0.07551471930449759,0.40917749347050786
Model 1,3,TradingVolume_cur,0.06494457637903849,0.47412206984954636
Model 1,4,TradingMoney_cur,0.05864583891791028,0.5327679087674566
Model 1,5,QuarterlyReturn_Lag1,0.05615381898273061,0.5889217277501873
Model 1,6,SOX_QoQ,0.046513415540319146,0.6354351432905064
Model 1,7,VIX_QoQ,0.033613924574616115,0.6690490678651225
Model 1,8,SP500_QoQ,0.026360688197765842,0.6954097560628884
Model 1,9,Last3mCumulativeRevenue_last1,0.02574479148468402,0.7211545475475724
Model 1,10,ROE_last1,0.02524135797196157,0.7463959055195339
Model 1,11,DJIA_QoQ,0.02326943283853132,0.7696653383580653
Model 1,12,IXIC_QoQ,0.018615109632179945,0.7882804479902452
Model 1,13,VIX_QoQ_Lag2,0.013699087413994728,0.8019795354042399
Model 1,14,FnG_QoQ_Lag2,0.013551007977939558,0.8155305433821795
Model 1,15,EPS_last1,0.0135150848631578,0.8290456282453372
Model 1,16,QuarterlyReturn_Lag3,0.011739732176232498,0.8407853604215697
Model 1,17,VIX_QoQ_Lag1,0.01125125501771355,0.8520366154392832
Model 1,18,ROA_last1,0.011109966016009285,0.8631465814552925
Model 1,19,Last3mCumulativeRevenueGrowthRate_last1,0.010600290949511098,0.8737468724048036
Model 1,20,QuarterlyReturn_Lag2,0.009321066207456827,0.8830679386122605
Model 1,1,Spread_cur,0.3372553657460605,0.3372553657460605
Model 1,2,TradingVolume_cur,0.06964689813856227,0.4069022638846228
Model 1,3,TradingTurnover_cur,0.06947537520880825,0.47637763909343106
Model 1,4,TradingMoney_cur,0.0669549724036861,0.5433326114971172
Model 1,5,QuarterlyReturn_Lag1,0.05868320228332414,0.6020158137804413
Model 1,6,SOX_QoQ,0.04929951083274447,0.6513153246131858
Model 1,7,SP500_QoQ,0.034599244686867245,0.685914569300053
Model 1,8,VIX_QoQ,0.031337898789153475,0.7172524680892065
Model 1,9,Last3mCumulativeRevenue_last1,0.02144430538349053,0.738696773472697
Model 1,10,ROE_last1,0.01862792478136417,0.7573246982540612
Model 1,11,DJIA_QoQ,0.018496701419562254,0.7758213996736235
Model 1,12,FnG_QoQ_Lag2,0.017192260277195028,0.7930136599508185
Model 1,13,IXIC_QoQ,0.016889174511560613,0.8099028344623791
Model 1,14,VIX_QoQ_Lag2,0.016148321267297226,0.8260511557296764
Model 1,15,VIX_QoQ_Lag1,0.013490103137763167,0.8395412588674396
Model 1,16,EPS_last1,0.012972708039130027,0.8525139669065696
Model 1,17,Last3mCumulativeRevenueGrowthRate_last1,0.011808433128714874,0.8643224000352844
Model 1,18,ROA_last1,0.011595531191372625,0.875917931226657
Model 1,19,QuarterlyReturn_Lag3,0.010076855378605273,0.8859947866052622
Model 1,20,TotalUnempPct_QoQ_last1,0.008018808859821652,0.8940135954650839
Model 1,1,Spread_cur,0.3412443395811354,0.3412443395811354
Model 1,2,TradingVolume_cur,0.07315350121871843,0.41439784079985387
Model 1,3,TradingTurnover_cur,0.07155169037548968,0.48594953117534356
Model 1,4,TradingMoney_cur,0.0619004661916348,0.5478499973669784
Model 1,5,QuarterlyReturn_Lag1,0.05489446340099613,0.6027444607679745
Model 1,6,SOX_QoQ,0.04984588067390982,0.6525903414418843
Model 1,7,VIX_QoQ,0.0343914231910687,0.686981764632953
Model 1,8,SP500_QoQ,0.026440940925904256,0.7134227055588572
Model 1,9,Last3mCumulativeRevenue_last1,0.0232214612077112,0.7366441667665684
Model 1,10,DJIA_QoQ,0.02187387151264709,0.7585180382792155
Model 1,11,IXIC_QoQ,0.019162628198945535,0.777680666478161
Model 1,12,FnG_QoQ_Lag2,0.017430926601241986,0.795111593079403
Model 1,13,ROE_last1,0.01742601723492129,0.8125376103143244
Model 1,14,VIX_QoQ_Lag2,0.015105794893898732,0.8276434052082231
Model 1,15,VIX_QoQ_Lag1,0.011718529562089911,0.8393619347703131
Model 1,16,EPS_last1,0.011436487861756345,0.8507984226320694
Model 1,17,Last3mCumulativeRevenueGrowthRate_last1,0.01091285021593391,0.8617112728480033
Model 1,18,QuarterlyReturn_Lag3,0.008864209844659863,0.8705754826926632
Model 1,19,TotalUnempPct_QoQ_last1,0.008315964030833302,0.8788914467234965
Model 1,20,ROA_last1,0.008283162569117547,0.887174609292614
Model 1,1,Spread_cur,0.34595229154935414,0.34595229154935414
Model 1,2,TradingTurnover_cur,0.07552833010964377,0.4214806216589979
Model 1,3,TradingVolume_cur,0.07018921821603163,0.49166983987502955
Model 1,4,TradingMoney_cur,0.06019651592363853,0.551866355798668
Model 1,5,QuarterlyReturn_Lag1,0.053797984376122716,0.6056643401747908
Model 1,6,SOX_QoQ,0.051139159016570186,0.6568034991913609
Model 1,7,VIX_QoQ,0.03471870752739559,0.6915222067187565
Model 1,8,SP500_QoQ,0.025161920614739135,0.7166841273334956
Model 1,9,Last3mCumulativeRevenue_last1,0.024545490475168318,0.7412296178086639
Model 1,10,DJIA_QoQ,0.02266310961414822,0.7638927274228121
Model 1,11,IXIC_QoQ,0.02003076813690663,0.7839234955597187
Model 1,12,ROE_last1,0.017162712220127253,0.801086207779846
Model 1,13,FnG_QoQ_Lag2,0.014998149288139279,0.8160843570679852
Model 1,14,VIX_QoQ_Lag2,0.014700215290294872,0.8307845723582801
Model 1,15,VIX_QoQ_Lag1,0.012611389704491995,0.8433959620627721
Model 1,16,Last3mCumulativeRevenueGrowthRate_last1,0.010605459273658807,0.854001421336431
Model 1,17,EPS_last1,0.009878722707488574,0.8638801440439196
Model 1,18,ROA_last1,0.00925034612836026,0.8731304901722798
Model 1,19,TotalUnempPct_QoQ_last1,0.008192468155233645,0.8813229583275135
Model 1,20,FnG_QoQ,0.007902083081682136,0.8892250414091957
Model 1,1,Spread_cur,0.3330928991210174,0.3330928991210174
Model 1,2,TradingVolume_cur,0.07496689737386533,0.4080597964948828
Model 1,3,TradingTurnover_cur,0.06897766972975189,0.47703746622463467
Model 1,4,TradingMoney_cur,0.06775187043331292,0.5447893366579476
Model 1,5,QuarterlyReturn_Lag1,0.06326272719207558,0.6080520638500232
Model 1,6,SOX_QoQ,0.051320264073919535,0.6593723279239427
Model 1,7,SP500_QoQ,0.03447205278537301,0.6938443807093158
Model 1,8,VIX_QoQ,0.034263663540970074,0.7281080442502859
Model 1,9,Last3mCumulativeRevenue_last1,0.022604718843576125,0.750712763093862
Model 1,10,DJIA_QoQ,0.021198798250100494,0.7719115613439625
Model 1,11,VIX_QoQ_Lag2,0.018021227138945307,0.7899327884829078
Model 1,12,FnG_QoQ_Lag2,0.017401887919380365,0.8073346764022882
Model 1,13,IXIC_QoQ,0.01659196993018522,0.8239266463324734
Model 1,14,ROA_last1,0.012832417022840709,0.836759063355314
Model 1,15,ROE_last1,0.012488137617937736,0.8492472009732518
Model 1,16,Last3mCumulativeRevenueGrowthRate_last1,0.011692019103625863,0.8609392200768776
Model 1,17,VIX_QoQ_Lag1,0.01083012885935577,0.8717693489362334
Model 1,18,EPS_last1,0.010105152212998196,0.8818745011492316
Model 1,19,IXIC_QoQ_Lag3,0.009511225746888773,0.8913857268961204
Model 1,20,TotalUnempPct_QoQ_last1,0.008291389094040225,0.8996771159901606
Model 1,1,Spread_cur,0.33988036397716076,0.33988036397716076
Model 1,2,TradingVolume_cur,0.07696817497944439,0.4168485389566051
Model 1,3,TradingTurnover_cur,0.07435170774021761,0.4912002466968227
Model 1,4,TradingMoney_cur,0.06170487075933455,0.5529051174561572
Model 1,5,QuarterlyReturn_Lag1,0.05600270562951335,0.6089078230856706
Model 1,6,SOX_QoQ,0.050831359910601025,0.6597391829962717
Model 1,7,VIX_QoQ,0.0361541773516423,0.6958933603479139
Model 1,8,SP500_QoQ,0.027736433527547812,0.7236297938754618
Model 1,9,DJIA_QoQ,0.02490934177272523,0.748539135648187
Model 1,10,Last3mCumulativeRevenue_last1,0.02371686055185788,0.7722559962000448
Model 1,11,IXIC_QoQ,0.019917519222952165,0.792173515422997
Model 1,12,FnG_QoQ_Lag2,0.018428191401630874,0.8106017068246278
Model 1,13,VIX_QoQ_Lag2,0.014847434743386137,0.825449141568014
Model 1,14,VIX_QoQ_Lag1,0.011906226523344703,0.8373553680913587
Model 1,15,ROE_last1,0.011252120284273337,0.848607488375632
Model 1,16,Last3mCumulativeRevenueGrowthRate_last1,0.01107983028050764,0.8596873186561397
Model 1,17,ROA_last1,0.009673604887424634,0.8693609235435643
Model 1,18,EPS_last1,0.00822351130457861,0.877584434848143
Model 1,19,TotalUnempPct_QoQ_last1,0.007940430375091194,0.8855248652232341
Model 1,20,IXIC_QoQ_Lag3,0.007912064619996727,0.8934369298432309
Model 1,1,Spread_cur,0.3517688514393162,0.3517688514393162
Model 1,2,TradingTurnover_cur,0.07471997260429489,0.4264888240436111
Model 1,3,TradingVolume_cur,0.07341648372755576,0.4999053077711669
Model 1,4,TradingMoney_cur,0.06033676073996677,0.5602420685111337
Model 1,5,QuarterlyReturn_Lag1,0.055810862200775704,0.6160529307119094
Model 1,6,SOX_QoQ,0.051292601361710134,0.6673455320736195
Model 1,7,VIX_QoQ,0.03419878412036906,0.7015443161939885
Model 1,8,SP500_QoQ,0.027290907293012385,0.7288352234870009
Model 1,9,DJIA_QoQ,0.024880423034241764,0.7537156465212427
Model 1,10,Last3mCumulativeRevenue_last1,0.022989434933492533,0.7767050814547352
Model 1,11,IXIC_QoQ,0.02103218919884448,0.7977372706535797
Model 1,12,VIX_QoQ_Lag2,0.015108703039641255,0.812845973693221
Model 1,13,FnG_QoQ_Lag2,0.014968920265214989,0.827814893958436
Model 1,14,VIX_QoQ_Lag1,0.011691045269660926,0.8395059392280969
Model 1,15,ROE_last1,0.01109721401570031,0.8506031532437972
Model 1,16,Last3mCumulativeRevenueGrowthRate_last1,0.01101283241091096,0.8616159856547082
Model 1,17,ROA_last1,0.009115668704644113,0.8707316543593523
Model 1,18,IXIC_QoQ_Lag3,0.00866040761228404,0.8793920619716363
Model 1,19,FnG_QoQ,0.008139870806491995,0.8875319327781284
Model 1,20,TotalUnempPct_QoQ_last1,0.007894339496163347,0.8954262722742917
Model 1,1,Spread_cur,0.293636894020993,0.293636894020993
Model 1,2,TradingVolume_cur,0.0789368333794568,0.3725737274004498
Model 1,3,QuarterlyReturn_Lag1,0.06651778181243767,0.4390915092128875
Model 1,4,TradingMoney_cur,0.06233708278731318,0.5014285920002006
Model 1,5,TradingTurnover_cur,0.05639000466819099,0.5578185966683916
Model 1,6,SOX_QoQ,0.04686315132935131,0.6046817479977429
Model 1,7,VIX_QoQ,0.043379038903992306,0.6480607869017352
Model 1,8,Last3mCumulativeRevenueGrowthRate_last1,0.024349216987860127,0.6724100038895953
Model 1,9,ROE_last1,0.02318302147696169,0.695593025366557
Model 1,10,SP500_QoQ,0.021708751885647283,0.7173017772522042
Model 1,11,DJIA_QoQ,0.020088693620935415,0.7373904708731397
Model 1,12,IXIC_QoQ,0.017026452271643396,0.754416923144783
Model 1,13,EPS_last1,0.015147656995932218,0.7695645801407153
Model 1,14,Last3mCumulativeRevenue_last1,0.014361144878564214,0.7839257250192795
Model 1,15,FnG_QoQ_Lag2,0.013124027996698408,0.7970497530159779
Model 1,16,VIX_QoQ_Lag2,0.012932975145796128,0.8099827281617741
Model 1,17,ROA_last1,0.0109908584688355,0.8209735866306096
Model 1,18,FnG_QoQ,0.01084602194182046,0.8318196085724301
Model 1,19,TotalUnempPct_QoQ_last1,0.010201574961509106,0.8420211835339392
Model 1,20,IXIC_QoQ_Lag3,0.01011377939923105,0.8521349629331703
Model 1,1,Spread_cur,0.2921999869727549,0.2921999869727549
Model 1,2,TradingTurnover_cur,0.07424664156697665,0.36644662853973153
Model 1,3,TradingVolume_cur,0.07080683784599534,0.4372534663857269
Model 1,4,QuarterlyReturn_Lag1,0.05832103409404623,0.4955745004797731
Model 1,5,TradingMoney_cur,0.05610341918654405,0.5516779196663172
Model 1,6,SOX_QoQ,0.03981999935599618,0.5914979190223134
Model 1,7,VIX_QoQ,0.0379895874084863,0.6294875064307998
Model 1,8,DJIA_QoQ,0.028318079802083035,0.6578055862328828
Model 1,9,SP500_QoQ,0.02568535044346958,0.6834909366763523
Model 1,10,ROE_last1,0.02187077380913518,0.7053617104854875
Model 1,11,Last3mCumulativeRevenue_last1,0.02130519930488647,0.726666909790374
Model 1,12,Last3mCumulativeRevenueGrowthRate_last1,0.018687146851639795,0.7453540566420137
Model 1,13,IXIC_QoQ,0.01751626459549533,0.7628703212375091
Model 1,14,FnG_QoQ_Lag2,0.015122848851238204,0.7779931700887472
Model 1,15,ROA_last1,0.014662081119143975,0.7926552512078913
Model 1,16,VIX_QoQ_Lag2,0.01355581258306414,0.8062110637909554
Model 1,17,VIX_QoQ_Lag1,0.013281709826226316,0.8194927736171818
Model 1,18,EPS_last1,0.013038785094000247,0.832531558711182
Model 1,19,FnG_QoQ,0.010630755654806888,0.8431623143659889
Model 1,20,IXIC_QoQ_Lag3,0.009911607739395008,0.8530739221053839
Model 1,1,Spread_cur,0.3014490829649882,0.3014490829649882
Model 1,2,TradingTurnover_cur,0.07275884334136447,0.37420792630635263
Model 1,3,TradingVolume_cur,0.06892123557368653,0.44312916188003915
Model 1,4,TradingMoney_cur,0.06038437884452297,0.5035135407245621
Model 1,5,QuarterlyReturn_Lag1,0.05920569851836864,0.5627192392429308
Model 1,6,SOX_QoQ,0.042508638273024424,0.6052278775159552
Model 1,7,VIX_QoQ,0.0353796582402565,0.6406075357562117
Model 1,8,DJIA_QoQ,0.02628041993009077,0.6668879556863024
Model 1,9,SP500_QoQ,0.025134014067991556,0.692021969754294
Model 1,10,ROE_last1,0.021163965369864066,0.7131859351241581
Model 1,11,Last3mCumulativeRevenue_last1,0.019899128693925627,0.7330850638180837
Model 1,12,IXIC_QoQ,0.016633122041654527,0.7497181858597383
Model 1,13,Last3mCumulativeRevenueGrowthRate_last1,0.015613193362927224,0.7653313792226655
Model 1,14,ROA_last1,0.01530697543164232,0.7806383546543078
Model 1,15,FnG_QoQ_Lag2,0.014479271486483586,0.7951176261407913
Model 1,16,EPS_last1,0.013491117324413594,0.8086087434652048
Model 1,17,VIX_QoQ_Lag2,0.013303375133447105,0.821912118598652
Model 1,18,VIX_QoQ_Lag1,0.012252431808932221,0.8341645504075842
Model 1,19,FnG_QoQ,0.010391280353829885,0.844555830761414
Model 1,20,IXIC_QoQ_Lag3,0.00960109473515937,0.8541569254965734
Model 1,1,Spread_cur,0.29234513152338776,0.29234513152338776
Model 1,2,TradingVolume_cur,0.07729997325368823,0.369645104777076
Model 1,3,QuarterlyReturn_Lag1,0.0671858023759288,0.4368309071530048
Model 1,4,TradingMoney_cur,0.06102218337944208,0.4978530905324469
Model 1,5,TradingTurnover_cur,0.05097338240779311,0.54882647294024
Model 1,6,VIX_QoQ,0.047012228133188234,0.5958387010734283
Model 1,7,SOX_QoQ,0.04458326536392399,0.6404219664373523
Model 1,8,Last3mCumulativeRevenueGrowthRate_last1,0.02441113203444083,0.6648330984717931
Model 1,9,DJIA_QoQ,0.02122668706746505,0.6860597855392581
Model 1,10,SP500_QoQ,0.021197682366294667,0.7072574679055528
Model 1,11,IXIC_QoQ,0.020304588119376764,0.7275620560249295
Model 1,12,ROE_last1,0.019743409068223135,0.7473054650931527
Model 1,13,VIX_QoQ_Lag2,0.018080037406610353,0.765385502499763
Model 1,14,FnG_QoQ_Lag2,0.01772184621323322,0.7831073487129963
Model 1,15,Last3mCumulativeRevenue_last1,0.016321401651347222,0.7994287503643435
Model 1,16,EPS_last1,0.013595796125475212,0.8130245464898187
Model 1,17,TotalUnempPct_QoQ_last1,0.011903193015541783,0.8249277395053605
Model 1,18,FnG_QoQ,0.010802981509744814,0.8357307210151053
Model 1,19,VIX_QoQ_Lag1,0.0099258631418887,0.845656584156994
Model 1,20,ROA_last1,0.009529754361093748,0.8551863385180877
Model 1,1,Spread_cur,0.3110765881379654,0.3110765881379654
Model 1,2,TradingTurnover_cur,0.07345925334515678,0.3845358414831222
Model 1,3,TradingVolume_cur,0.06664253297962724,0.45117837446274944
Model 1,4,TradingMoney_cur,0.05757540956883256,0.508753784031582
Model 1,5,QuarterlyReturn_Lag1,0.05622353420571305,0.564977318237295
Model 1,6,VIX_QoQ,0.039184650567761256,0.6041619688050562
Model 1,7,SOX_QoQ,0.0388339466426033,0.6429959154476595
Model 1,8,DJIA_QoQ,0.030156316484640882,0.6731522319323004
Model 1,9,SP500_QoQ,0.02287669148129072,0.6960289234135911
Model 1,10,IXIC_QoQ,0.020166476262691347,0.7161953996762824
Model 1,11,Last3mCumulativeRevenue_last1,0.01943217794630983,0.7356275776225922
Model 1,12,ROE_last1,0.018206514830491644,0.7538340924530839
Model 1,13,Last3mCumulativeRevenueGrowthRate_last1,0.01757414868942907,0.7714082411425129
Model 1,14,FnG_QoQ_Lag2,0.016621781046422732,0.7880300221889357
Model 1,15,VIX_QoQ_Lag2,0.015164364878056816,0.8031943870669925
Model 1,16,ROA_last1,0.013902550426503252,0.8170969374934958
Model 1,17,VIX_QoQ_Lag1,0.01256738990517645,0.8296643273986722
Model 1,18,FnG_QoQ,0.010943400843117857,0.8406077282417901
Model 1,19,IXIC_QoQ_Lag3,0.009962708198772322,0.8505704364405624
Model 1,20,EPS_last1,0.00944366087914045,0.8600140973197029
Model 1,1,Spread_cur,0.31380686910859024,0.31380686910859024
Model 1,2,TradingTurnover_cur,0.07475899018304312,0.38856585929163334
Model 1,3,TradingVolume_cur,0.06497873800569257,0.4535445972973259
Model 1,4,TradingMoney_cur,0.06278818218897202,0.5163327794862979
Model 1,5,QuarterlyReturn_Lag1,0.05639201822104461,0.5727247977073424
Model 1,6,SOX_QoQ,0.04248236203850241,0.6152071597458448
Model 1,7,VIX_QoQ,0.037207400149491573,0.6524145598953364
Model 1,8,DJIA_QoQ,0.02741192586644842,0.6798264857617848
Model 1,9,SP500_QoQ,0.02390225593644012,0.703728741698225
Model 1,10,Last3mCumulativeRevenue_last1,0.019420219775389127,0.7231489614736141
Model 1,11,IXIC_QoQ,0.0186869756926089,0.741835937166223
Model 1,12,ROE_last1,0.017249143380854915,0.7590850805470779
Model 1,13,FnG_QoQ_Lag2,0.015659023715354856,0.7747441042624328
Model 1,14,Last3mCumulativeRevenueGrowthRate_last1,0.014935859238886778,0.7896799635013195
Model 1,15,VIX_QoQ_Lag2,0.01472847301294816,0.8044084365142676
Model 1,16,ROA_last1,0.013226444005719217,0.8176348805199869
Model 1,17,VIX_QoQ_Lag1,0.012269816664219758,0.8299046971842067
Model 1,18,FnG_QoQ,0.010537405012558914,0.8404421021967656
Model 1,19,EPS_last1,0.009457984079987032,0.8499000862767526
Model 1,20,TotalUnempPct_QoQ_last1,0.009374183784375116,0.8592742700611278
Model 1,1,Spread_cur,0.28493760262294304,0.28493760262294304
Model 1,2,TradingVolume_cur,0.09000523056426955,0.3749428331872126
Model 1,3,QuarterlyReturn_Lag1,0.0679850728839352,0.4429279060711478
Model 1,4,TradingTurnover_cur,0.05797471024263053,0.5009026163137783
Model 1,5,TradingMoney_cur,0.05724491015841226,0.5581475264721906
Model 1,6,SOX_QoQ,0.0516333118209995,0.6097808382931901
Model 1,7,VIX_QoQ,0.04854535928969982,0.6583261975828899
Model 1,8,SP500_QoQ,0.0236245206333909,0.6819507182162808
Model 1,9,IXIC_QoQ,0.02134225276379006,0.7032929709800709
Model 1,10,DJIA_QoQ,0.02005320170008942,0.7233461726801603
Model 1,11,Last3mCumulativeRevenueGrowthRate_last1,0.019016237385736278,0.7423624100658966
Model 1,12,FnG_QoQ_Lag2,0.015972322409225134,0.7583347324751217
Model 1,13,ROE_last1,0.014796152636132657,0.7731308851112544
Model 1,14,Last3mCumulativeRevenue_last1,0.013290517293861418,0.7864214024051158
Model 1,15,VIX_QoQ_Lag1,0.012721658777814152,0.79914306118293
Model 1,16,VIX_QoQ_Lag2,0.012235897622936535,0.8113789588058665
Model 1,17,EPS_last1,0.012228557372686109,0.8236075161785527
Model 1,18,TotalUnempPct_QoQ_last1,0.011595515393576708,0.8352030315721294
Model 1,19,FnG_QoQ,0.010587006459102846,0.8457900380312322
Model 1,20,VIX_QoQ_Lag3,0.008254104445722428,0.8540441424769546
Model 1,1,Spread_cur,0.3130201317252833,0.3130201317252833
Model 1,2,TradingVolume_cur,0.07452989363544003,0.38755002536072336
Model 1,3,TradingTurnover_cur,0.0698210531193943,0.45737107848011765
Model 1,4,TradingMoney_cur,0.05987359098417327,0.5172446694642909
Model 1,5,QuarterlyReturn_Lag1,0.05966590891174197,0.5769105783760329
Model 1,6,SOX_QoQ,0.04290433657567742,0.6198149149517103
Model 1,7,VIX_QoQ,0.04174368854210464,0.6615586034938149
Model 1,8,DJIA_QoQ,0.02997948260792328,0.6915380861017382
Model 1,9,SP500_QoQ,0.027061830257261547,0.7185999163589997
Model 1,10,IXIC_QoQ,0.0197450779916329,0.7383449943506326
Model 1,11,FnG_QoQ_Lag2,0.01664128434295758,0.7549862786935901
Model 1,12,Last3mCumulativeRevenueGrowthRate_last1,0.015821423078563143,0.7708077017721533
Model 1,13,Last3mCumulativeRevenue_last1,0.015344241995926478,0.7861519437680797
Model 1,14,VIX_QoQ_Lag1,0.014124327102902508,0.8002762708709822
Model 1,15,ROE_last1,0.013763132718857474,0.8140394035898396
Model 1,16,VIX_QoQ_Lag2,0.011576037931289349,0.825615441521129
Model 1,17,FnG_QoQ,0.011038861818505297,0.8366543033396343
Model 1,18,VIX_QoQ_Lag3,0.009573929653654629,0.846228232993289
Model 1,19,TotalUnempPct_QoQ_last1,0.009268787133759877,0.8554970201270489
Model 1,20,IXIC_QoQ_Lag3,0.009213842968983952,0.8647108630960328
Model 1,1,Spread_cur,0.3124680145834751,0.3124680145834751
Model 1,2,TradingTurnover_cur,0.07324661799136895,0.38571463257484406
Model 1,3,TradingVolume_cur,0.07048821633773951,0.45620284891258356
Model 1,4,TradingMoney_cur,0.06434621025692869,0.5205490591695122
Model 1,5,QuarterlyReturn_Lag1,0.059577588162701145,0.5801266473322133
Model 1,6,SOX_QoQ,0.045286853638824794,0.6254135009710381
Model 1,7,VIX_QoQ,0.040026947571208504,0.6654404485422466
Model 1,8,SP500_QoQ,0.02847863040367985,0.6939190789459264
Model 1,9,DJIA_QoQ,0.027559918928051187,0.7214789978739776
Model 1,10,IXIC_QoQ,0.018512012665061597,0.7399910105390393
Model 1,11,Last3mCumulativeRevenue_last1,0.01812706782527402,0.7581180783643133
Model 1,12,FnG_QoQ_Lag2,0.01593131624886079,0.7740493946131741
Model 1,13,Last3mCumulativeRevenueGrowthRate_last1,0.014061710508397654,0.7881111051215718
Model 1,14,VIX_QoQ_Lag1,0.012993591532627356,0.8011046966541991
Model 1,15,VIX_QoQ_Lag2,0.012712639838893662,0.8138173364930928
Model 1,16,ROE_last1,0.012032647434806835,0.8258499839278997
Model 1,17,FnG_QoQ,0.01084710349799614,0.8366970874258958
Model 1,18,IXIC_QoQ_Lag3,0.01037304354941548,0.8470701309753113
Model 1,19,TotalUnempPct_QoQ_last1,0.009905035859301447,0.8569751668346127
Model 1,20,VIX_QoQ_Lag3,0.008373253332139613,0.8653484201667523
Model 1,1,Spread_cur,0.6546339021377847,0.6546339021377847
Model 1,2,SOX_QoQ,0.12997667917538253,0.7846105813131672
Model 1,3,QuarterlyReturn_Lag3,0.04261610482860568,0.8272266861417729
Model 1,4,ROE_last1,0.02274268054133493,0.8499693666831077
Model 1,5,QuarterlyReturn_Lag1,0.020841172813403964,0.8708105394965117
Model 1,6,VIX_QoQ,0.014752945499293648,0.8855634849958053
Model 1,7,QuarterlyReturn_Lag2,0.012875581695795923,0.8984390666916012
Model 1,8,RediscountRate_QoQ_Lag3_last1,0.012402105622482187,0.9108411723140835
Model 1,9,EPS_last1,0.012041833229864829,0.9228830055439483
Model 1,10,FnG_QoQ_Lag3,0.009319613835261387,0.9322026193792097
Model 1,11,ROA_last1,0.008926843645596174,0.9411294630248058
Model 1,12,FnG_QoQ,0.007046799370650952,0.9481762623954568
Model 1,13,TradingVolume_cur,0.00564665900444248,0.9538229213998993
Model 1,14,VIX_QoQ_Lag1,0.00457097969968001,0.9583939010995793
Model 1,15,TotalUnempPct_last1,0.004180839360001898,0.9625747404595812
Model 1,16,IXIC_QoQ_Lag1,0.004178575464575869,0.9667533159241571
Model 1,17,DJIA_QoQ,0.0036253436741626216,0.9703786595983198
Model 1,18,FnG_QoQ_Lag2,0.0034002751163953915,0.9737789347147152
Model 1,19,TradingTurnover_cur,0.0032070379659609525,0.9769859726806762
Model 1,20,RediscountRate_QoQ_Lag2_last1,0.0028009242773419777,0.9797868969580182
Model 1,1,Spread_cur,0.6580711357230378,0.6580711357230378
Model 1,2,SOX_QoQ,0.12928320650661726,0.7873543422296551
Model 1,3,QuarterlyReturn_Lag3,0.03921159894954174,0.8265659411791968
Model 1,4,QuarterlyReturn_Lag1,0.021044732061267578,0.8476106732404644
Model 1,5,ROE_last1,0.020394976430226433,0.8680056496706908
Model 1,6,VIX_QoQ,0.015178480829192502,0.8831841304998833
Model 1,7,RediscountRate_QoQ_Lag3_last1,0.012182367328719681,0.895366497828603
Model 1,8,QuarterlyReturn_Lag2,0.011796718843985548,0.9071632166725886
Model 1,9,EPS_last1,0.01175864693420539,0.918921863606794
Model 1,10,FnG_QoQ,0.009432366523940533,0.9283542301307345
Model 1,11,FnG_QoQ_Lag3,0.008757551232864863,0.9371117813635993
Model 1,12,ROA_last1,0.0072836700917634925,0.9443954514553627
Model 1,13,TradingVolume_cur,0.005269588527534973,0.9496650399828978
Model 1,14,IXIC_QoQ_Lag1,0.00498404649747637,0.9546490864803742
Model 1,15,DJIA_QoQ,0.004238234482914799,0.958887320963289
Model 1,16,TradingTurnover_cur,0.004116621273687119,0.9630039422369762
Model 1,17,FnG_QoQ_Lag2,0.0040266397412106695,0.9670305819781868
Model 1,18,TotalUnempPct_last1,0.0038009148545244866,0.9708314968327113
Model 1,19,VIX_QoQ_Lag1,0.0036317269752396027,0.9744632238079509
Model 1,20,TotalUnempPct_QoQ_Lag3_last1,0.0032503980771619125,0.9777136218851128
Model 1,1,Spread_cur,0.6595963522370696,0.6595963522370696
Model 1,2,SOX_QoQ,0.12907314576751716,0.7886694980045867
Model 1,3,QuarterlyReturn_Lag3,0.03798286973669876,0.8266523677412855
Model 1,4,QuarterlyReturn_Lag1,0.021530450493175857,0.8481828182344613
Model 1,5,ROE_last1,0.02064623774035192,0.8688290559748132
Model 1,6,VIX_QoQ,0.014981458119574603,0.8838105140943878
Model 1,7,RediscountRate_QoQ_Lag3_last1,0.012405942217709123,0.8962164563120969
Model 1,8,QuarterlyReturn_Lag2,0.011241378954774402,0.9074578352668713
Model 1,9,EPS_last1,0.010570847043631811,0.918028682310503
Model 1,10,FnG_QoQ,0.009487887052983215,0.9275165693634863
Model 1,11,FnG_QoQ_Lag3,0.008835900241292865,0.9363524696047791
Model 1,12,ROA_last1,0.006958718350019087,0.9433111879547982
Model 1,13,TradingVolume_cur,0.005919326947326015,0.9492305149021242
Model 1,14,IXIC_QoQ_Lag1,0.004884253622326384,0.9541147685244505
Model 1,15,FnG_QoQ_Lag2,0.004200433211128502,0.958315201735579
Model 1,16,TradingTurnover_cur,0.004170203612452103,0.9624854053480312
Model 1,17,DJIA_QoQ,0.0038924404302285586,0.9663778457782597
Model 1,18,TotalUnempPct_last1,0.003613408677439137,0.9699912544556988
Model 1,19,VIX_QoQ_Lag1,0.0035388593175430423,0.9735301137732418
Model 1,20,TotalUnempPct_QoQ_Lag3_last1,0.0033762202279863695,0.9769063340012282
Model 1,1,Spread_cur,0.6803774073809709,0.6803774073809709
Model 1,2,SOX_QoQ,0.13581677080345544,0.8161941781844263
Model 1,3,ROE_last1,0.02903992997920708,0.8452341081636334
Model 1,4,QuarterlyReturn_Lag1,0.018746186765429405,0.8639802949290628
Model 1,5,VIX_QoQ,0.015418312691406895,0.8793986076204697
Model 1,6,QuarterlyReturn_Lag2,0.013491570848669629,0.8928901784691393
Model 1,7,RediscountRate_QoQ_Lag3_last1,0.0128296670467285,0.9057198455158678
Model 1,8,EPS_last1,0.009752075431501646,0.9154719209473695
Model 1,9,QuarterlyReturn_Lag3,0.008800466259847053,0.9242723872072166
Model 1,10,FnG_QoQ,0.007470594978151804,0.9317429821853684
Model 1,11,ROA_last1,0.0058978806294633515,0.9376408628148318
Model 1,12,TotalUnempPct_last1,0.005134409532910159,0.9427752723477419
Model 1,13,TradingVolume_cur,0.005026129658549051,0.947801402006291
Model 1,14,IXIC_QoQ_Lag1,0.004737961033779691,0.9525393630400707
Model 1,15,TotalUnempPct_QoQ_Lag3_last1,0.003755031293260878,0.9562943943333315
Model 1,16,VIX_QoQ_Lag3,0.003723608374710313,0.9600180027080418
Model 1,17,FnG_QoQ_Lag2,0.003705551926601713,0.9637235546346435
Model 1,18,VIX_QoQ_Lag1,0.0036416416731921545,0.9673651963078357
Model 1,19,TradingTurnover_cur,0.0035825886955371954,0.9709477850033729
Model 1,20,DJIA_QoQ,0.0035815769755338316,0.9745293619789067
Model 1,1,Spread_cur,0.6824640652814082,0.6824640652814082
Model 1,2,SOX_QoQ,0.13519048181753038,0.8176545470989386
Model 1,3,ROE_last1,0.02138780552718902,0.8390423526261276
Model 1,4,QuarterlyReturn_Lag1,0.018862728978712575,0.8579050816048401
Model 1,5,VIX_QoQ,0.015885650181154762,0.8737907317859949
Model 1,6,RediscountRate_QoQ_Lag3_last1,0.012893708698195436,0.8866844404841903
Model 1,7,QuarterlyReturn_Lag2,0.01198541556532935,0.8986698560495197
Model 1,8,EPS_last1,0.011584404419046557,0.9102542604685662
Model 1,9,FnG_QoQ,0.009432036387329895,0.9196862968558961
Model 1,10,ROA_last1,0.007007910117235232,0.9266942069731313
Model 1,11,QuarterlyReturn_Lag3,0.006802887911270285,0.9334970948844016
Model 1,12,TradingVolume_cur,0.005817810959469739,0.9393149058438713
Model 1,13,IXIC_QoQ_Lag1,0.00528202969248835,0.9445969355363597
Model 1,14,VIX_QoQ_Lag3,0.004589432874363636,0.9491863684107233
Model 1,15,TotalUnempPct_last1,0.0044304366534349575,0.9536168050641584
Model 1,16,FnG_QoQ_Lag2,0.004244427645816002,0.9578612327099744
Model 1,17,DJIA_QoQ,0.004046484202991703,0.9619077169129661
Model 1,18,VIX_QoQ_Lag1,0.0038280137218920456,0.9657357306348581
Model 1,19,TotalUnempPct_QoQ_Lag3_last1,0.0037927387352190063,0.9695284693700771
Model 1,20,TradingTurnover_cur,0.0032107052567271776,0.9727391746268043
Model 1,1,Spread_cur,0.684297594640412,0.684297594640412
Model 1,2,SOX_QoQ,0.13459341451694465,0.8188910091573566
Model 1,3,ROE_last1,0.020524592221123822,0.8394156013784804
Model 1,4,QuarterlyReturn_Lag1,0.019212000389100488,0.8586276017675809
Model 1,5,VIX_QoQ,0.015744697736257987,0.8743722995038389
Model 1,6,RediscountRate_QoQ_Lag3_last1,0.01298971095056012,0.887362010454399
Model 1,7,EPS_last1,0.011631945720819858,0.8989939561752188
Model 1,8,QuarterlyReturn_Lag2,0.011238133481304237,0.910232089656523
Model 1,9,FnG_QoQ,0.009373197763942161,0.9196052874204652
Model 1,10,QuarterlyReturn_Lag3,0.006691713476085785,0.926297000896551
Model 1,11,ROA_last1,0.006459617501068986,0.9327566183976199
Model 1,12,TradingVolume_cur,0.006072771748571152,0.938829390146191
Model 1,13,IXIC_QoQ_Lag1,0.005228656670939163,0.9440580468171302
Model 1,14,FnG_QoQ_Lag2,0.004545499952977305,0.9486035467701075
Model 1,15,TotalUnempPct_last1,0.004015103086448688,0.9526186498565562
Model 1,16,DJIA_QoQ,0.003929616008028389,0.9565482658645846
Model 1,17,FnG_QoQ_Lag3,0.003915905134431958,0.9604641709990166
Model 1,18,VIX_QoQ_Lag3,0.003800598078793327,0.9642647690778099
Model 1,19,TotalUnempPct_QoQ_Lag3_last1,0.003779997190939499,0.9680447662687494
Model 1,20,VIX_QoQ_Lag1,0.0037093564943912376,0.9717541227631405
Model 1,1,Spread_cur,0.7020150896388602,0.7020150896388602
Model 1,2,SOX_QoQ,0.1480751827866762,0.8500902724255364
Model 1,3,QuarterlyReturn_Lag1,0.016917537106523856,0.8670078095320602
Model 1,4,VIX_QoQ,0.016156758458042778,0.883164567990103
Model 1,5,RediscountRate_QoQ_Lag3_last1,0.013466882404850895,0.896631450394954
Model 1,6,QuarterlyReturn_Lag2,0.01141240737246221,0.9080438577674161
Model 1,7,ROA_last1,0.006911203839722173,0.9149550616071384
Model 1,8,EPS_last1,0.006102802557978576,0.9210578641651169
Model 1,9,TradingVolume_cur,0.005951334108458401,0.9270091982735753
Model 1,10,ROE_last1,0.005647310002948242,0.9326565082765236
Model 1,11,FnG_QoQ,0.005408964926564251,0.9380654732030879
Model 1,12,TotalUnempPct_last1,0.005124841830832624,0.9431903150339205
Model 1,13,IXIC_QoQ_Lag1,0.004576147305620622,0.9477664623395411
Model 1,14,TotalUnempPct_QoQ_Lag3_last1,0.00437396597063099,0.9521404283101721
Model 1,15,FnG_QoQ_Lag2,0.004346531200707564,0.9564869595108797
Model 1,16,DJIA_QoQ,0.003774146960108184,0.9602611064709878
Model 1,17,QuarterlyReturn_Lag3,0.0037638725936660787,0.9640249790646539
Model 1,18,TradingTurnover_cur,0.0032823833987008456,0.9673073624633547
Model 1,19,VIX_QoQ_Lag1,0.0032702396393243394,0.9705776021026791
Model 1,20,RediscountRate_QoQ_Lag2_last1,0.0031921087610804815,0.9737697108637595
Model 1,1,Spread_cur,0.703488300119798,0.703488300119798
Model 1,2,SOX_QoQ,0.14865960975790532,0.8521479098777034
Model 1,3,QuarterlyReturn_Lag1,0.016690332697136673,0.8688382425748401
Model 1,4,VIX_QoQ,0.01648918017829063,0.8853274227531307
Model 1,5,RediscountRate_QoQ_Lag3_last1,0.013215740596807373,0.8985431633499381
Model 1,6,QuarterlyReturn_Lag2,0.011084373711730433,0.9096275370616685
Model 1,7,FnG_QoQ,0.006798147097612877,0.9164256841592814
Model 1,8,EPS_last1,0.006494527367613192,0.9229202115268946
Model 1,9,TradingVolume_cur,0.005721177069605399,0.9286413885965
Model 1,10,IXIC_QoQ_Lag1,0.005264862759674035,0.9339062513561741
Model 1,11,TotalUnempPct_QoQ_Lag3_last1,0.004629481547814373,0.9385357329039885
Model 1,12,FnG_QoQ_Lag2,0.004468293237650964,0.9430040261416395
Model 1,13,DJIA_QoQ,0.004390324879223204,0.9473943510208627
Model 1,14,TotalUnempPct_last1,0.0043411857409815955,0.9517355367618443
Model 1,15,ROA_last1,0.004280155767609448,0.9560156925294537
Model 1,16,ROE_last1,0.0040570587844030205,0.9600727513138567
Model 1,17,QuarterlyReturn_Lag3,0.003899887814742073,0.9639726391285988
Model 1,18,TradingTurnover_cur,0.003449919654809622,0.9674225587834084
Model 1,19,TotalUnempPct_QoQ_last1,0.0032167324357925482,0.970639291219201
Model 1,20,VIX_QoQ_Lag1,0.003111604886075383,0.9737508961052764
Model 1,1,Spread_cur,0.7049475197806728,0.7049475197806728
Model 1,2,SOX_QoQ,0.14741802276398763,0.8523655425446605
Model 1,3,QuarterlyReturn_Lag1,0.016885916956973394,0.8692514595016338
Model 1,4,VIX_QoQ,0.016654519224926733,0.8859059787265606
Model 1,5,RediscountRate_QoQ_Lag3_last1,0.013399016705353688,0.8993049954319143
Model 1,6,QuarterlyReturn_Lag2,0.010231534486008748,0.9095365299179231
Model 1,7,FnG_QoQ,0.006614216479777182,0.9161507463977003
Model 1,8,TradingVolume_cur,0.005984416557563176,0.9221351629552635
Model 1,9,EPS_last1,0.005885385250399759,0.9280205482056633
Model 1,10,IXIC_QoQ_Lag1,0.0052965332209721884,0.9333170814266355
Model 1,11,TotalUnempPct_QoQ_Lag3_last1,0.00504948567545058,0.9383665671020861
Model 1,12,ROA_last1,0.004512316604837236,0.9428788837069233
Model 1,13,FnG_QoQ_Lag2,0.004471401671405291,0.9473502853783285
Model 1,14,ROE_last1,0.0042849287467423445,0.9516352141250709
Model 1,15,DJIA_QoQ,0.004188502425347777,0.9558237165504186
Model 1,16,TotalUnempPct_last1,0.003833203686054189,0.9596569202364729
Model 1,17,TotalUnempPct_QoQ_last1,0.0037251708989226107,0.9633820911353955
Model 1,18,QuarterlyReturn_Lag3,0.003664283180736635,0.9670463743161322
Model 1,19,TradingTurnover_cur,0.003326109656687018,0.9703724839728192
Model 1,20,SP500_QoQ,0.002727980478827751,0.9731004644516469
Model 1,1,Spread_cur,0.3150579819646798,0.3150579819646798
Model 1,2,TradingVolume_cur,0.06299676464049353,0.37805474660517335
Model 1,3,QuarterlyReturn_Lag1,0.061879867535492156,0.4399346141406655
Model 1,4,TradingMoney_cur,0.05433708240388532,0.49427169654455083
Model 1,5,TradingTurnover_cur,0.05315888853115466,0.5474305850757055
Model 1,6,Last3mCumulativeRevenue_last1,0.033048891187108825,0.5804794762628144
Model 1,7,SOX_QoQ,0.030708293574014448,0.6111877698368289
Model 1,8,ROE_last1,0.029266177401365043,0.6404539472381939
Model 1,9,EPS_last1,0.02575716317326729,0.6662111104114612
Model 1,10,Last3mCumulativeRevenueGrowthRate_last1,0.023429083682747827,0.6896401940942091
Model 1,11,SP500_QoQ,0.021758407290245082,0.7113986013844541
Model 1,12,QuarterlyReturn_Lag3,0.021121969430268055,0.7325205708147221
Model 1,13,ROA_last1,0.02091727198520294,0.7534378427999251
Model 1,14,ClosingPrice_cur,0.02000280419865059,0.7734406469985757
Model 1,15,VIX_QoQ,0.018614620472887162,0.7920552674714629
Model 1,16,QuarterlyReturn_Lag2,0.018218578910500927,0.8102738463819639
Model 1,17,FnG_QoQ_Lag2,0.013503164652439286,0.8237770110344032
Model 1,18,DJIA_QoQ,0.013188176637532396,0.8369651876719355
Model 1,19,GrossMargin_last1,0.012212455752351376,0.8491776434242869
Model 1,20,VIX_QoQ_Lag2,0.011793852794198208,0.8609714962184851
Model 1,1,Spread_cur,0.3216340061446997,0.3216340061446997
Model 1,2,TradingVolume_cur,0.05953608088748307,0.3811700870321828
Model 1,3,QuarterlyReturn_Lag1,0.05935354262911821,0.440523629661301
Model 1,4,TradingTurnover_cur,0.05900196410415487,0.49952559376545586
Model 1,5,TradingMoney_cur,0.049958955266803835,0.5494845490322597
Model 1,6,Last3mCumulativeRevenue_last1,0.03325779145755517,0.5827423404898149
Model 1,7,SOX_QoQ,0.03159627680880066,0.6143386172986155
Model 1,8,ROE_last1,0.03014557788153777,0.6444841951801533
Model 1,9,EPS_last1,0.02417298532524127,0.6686571805053946
Model 1,10,Last3mCumulativeRevenueGrowthRate_last1,0.022440706482429535,0.6910978869878242
Model 1,11,QuarterlyReturn_Lag3,0.022414416479788053,0.7135123034676122
Model 1,12,ROA_last1,0.02140714883885516,0.7349194523064674
Model 1,13,VIX_QoQ,0.02131290050788359,0.756232352814351
Model 1,14,QuarterlyReturn_Lag2,0.020060701258017823,0.7762930540723688
Model 1,15,SP500_QoQ,0.017371495403731587,0.7936645494761004
Model 1,16,ClosingPrice_cur,0.017090922326214987,0.8107554718023154
Model 1,17,DJIA_QoQ,0.01513983262496193,0.8258953044272773
Model 1,18,IXIC_QoQ,0.013088177344941497,0.8389834817722188
Model 1,19,FnG_QoQ_Lag2,0.011984016984967271,0.8509674987571861
Model 1,20,GrossMargin_last1,0.01167403128201878,0.862641530039205
Model 1,1,Spread_cur,0.3247848976570442,0.3247848976570442
Model 1,2,TradingTurnover_cur,0.05947971344863939,0.3842646111056836
Model 1,3,QuarterlyReturn_Lag1,0.059241432275940656,0.44350604338162425
Model 1,4,TradingVolume_cur,0.056934021332550114,0.5004400647141743
Model 1,5,TradingMoney_cur,0.05037094248269916,0.5508110071968735
Model 1,6,Last3mCumulativeRevenue_last1,0.034823822234064085,0.5856348294309376
Model 1,7,SOX_QoQ,0.03203407891280887,0.6176689083437464
Model 1,8,ROE_last1,0.029230015616510868,0.6468989239602573
Model 1,9,QuarterlyReturn_Lag3,0.023165922615682583,0.6700648465759399
Model 1,10,EPS_last1,0.023022563416939413,0.6930874099928793
Model 1,11,VIX_QoQ,0.022228032388241503,0.7153154423811208
Model 1,12,Last3mCumulativeRevenueGrowthRate_last1,0.02159510485429274,0.7369105472354135
Model 1,13,ROA_last1,0.020311234181111623,0.7572217814165251
Model 1,14,QuarterlyReturn_Lag2,0.019551433703873362,0.7767732151203984
Model 1,15,SP500_QoQ,0.016699628415668948,0.7934728435360674
Model 1,16,ClosingPrice_cur,0.015839522186664717,0.8093123657227321
Model 1,17,DJIA_QoQ,0.015454554019982565,0.8247669197427147
Model 1,18,IXIC_QoQ,0.01257345696205873,0.8373403767047733
Model 1,19,GrossMargin_last1,0.011734339102154503,0.8490747158069278
Model 1,20,FnG_QoQ_Lag2,0.011457206398511466,0.8605319222054393
Model 1,1,Spread_cur,0.34529450539405,0.34529450539405
Model 1,2,TradingVolume_cur,0.061160877961981316,0.4064553833560313
Model 1,3,TradingTurnover_cur,0.0560113931532249,0.4624667765092562
Model 1,4,TradingMoney_cur,0.05488458673317738,0.5173513632424336
Model 1,5,QuarterlyReturn_Lag1,0.05472225361358883,0.5720736168560224
Model 1,6,Last3mCumulativeRevenue_last1,0.036022667074787046,0.6080962839308095
Model 1,7,SOX_QoQ,0.034163848895613615,0.6422601328264231
Model 1,8,VIX_QoQ,0.022646119996045818,0.664906252822469
Model 1,9,EPS_last1,0.021131120788590647,0.6860373736110597
Model 1,10,SP500_QoQ,0.01992555558470256,0.7059629291957622
Model 1,11,Last3mCumulativeRevenueGrowthRate_last1,0.019241193109812912,0.7252041223055751
Model 1,12,ROE_last1,0.019055423779159995,0.7442595460847351
Model 1,13,ROA_last1,0.0180772772555983,0.7623368233403334
Model 1,14,QuarterlyReturn_Lag3,0.016948238775545053,0.7792850621158784
Model 1,15,QuarterlyReturn_Lag2,0.015509453523692082,0.7947945156395705
Model 1,16,DJIA_QoQ,0.014265500393841769,0.8090600160334123
Model 1,17,IXIC_QoQ,0.01373387917582277,0.8227938952092351
Model 1,18,ClosingPrice_cur,0.011640128983520634,0.8344340241927557
Model 1,19,FnG_QoQ_Lag2,0.011413696859760368,0.845847721052516
Model 1,20,VIX_QoQ_Lag2,0.010422818204827534,0.8562705392573435
Model 1,1,Spread_cur,0.3456843844025854,0.3456843844025854
Model 1,2,TradingTurnover_cur,0.060906328009645745,0.40659071241223116
Model 1,3,TradingVolume_cur,0.05877426028832503,0.4653649727005562
Model 1,4,QuarterlyReturn_Lag1,0.05514851128989168,0.520513483990448
Model 1,5,TradingMoney_cur,0.05374378260720639,0.5742572665976543
Model 1,6,Last3mCumulativeRevenue_last1,0.03613347077066246,0.6103907373683167
Model 1,7,SOX_QoQ,0.03584391562327238,0.6462346529915891
Model 1,8,VIX_QoQ,0.024433095517380876,0.67066774850897
Model 1,9,ROE_last1,0.021323393436257276,0.6919911419452274
Model 1,10,Last3mCumulativeRevenueGrowthRate_last1,0.019291586586289836,0.7112827285315172
Model 1,11,EPS_last1,0.018235051883937304,0.7295177804154545
Model 1,12,SP500_QoQ,0.01792217282736786,0.7474399532428223
Model 1,13,QuarterlyReturn_Lag3,0.01757232130437082,0.7650122745471931
Model 1,14,DJIA_QoQ,0.01645433200610556,0.7814666065532987
Model 1,15,ROA_last1,0.01592698876258607,0.7973935953158847
Model 1,16,QuarterlyReturn_Lag2,0.014824051781003805,0.8122176470968885
Model 1,17,IXIC_QoQ,0.0133472307852461,0.8255648778821346
Model 1,18,FnG_QoQ_Lag2,0.011635505060805792,0.8372003829429404
Model 1,19,ClosingPrice_cur,0.011619085154432104,0.8488194680973725
Model 1,20,VIX_QoQ_Lag2,0.00987385552292658,0.8586933236202992
Model 1,1,Spread_cur,0.35107443056059884,0.35107443056059884
Model 1,2,TradingTurnover_cur,0.06021833826291858,0.4112927688235174
Model 1,3,TradingVolume_cur,0.05847660127047617,0.46976937009399355
Model 1,4,QuarterlyReturn_Lag1,0.055666616641600046,0.5254359867355936
Model 1,5,TradingMoney_cur,0.05167738934548805,0.5771133760810816
Model 1,6,SOX_QoQ,0.036652382018788114,0.6137657580998697
Model 1,7,Last3mCumulativeRevenue_last1,0.03533197764436474,0.6490977357442345
Model 1,8,VIX_QoQ,0.024614502518516948,0.6737122382627514
Model 1,9,ROE_last1,0.02149658191021696,0.6952088201729684
Model 1,10,Last3mCumulativeRevenueGrowthRate_last1,0.019294644249347813,0.7145034644223162
Model 1,11,SP500_QoQ,0.018258241377410687,0.7327617057997269
Model 1,12,EPS_last1,0.01694199815294321,0.74970370395267
Model 1,13,QuarterlyReturn_Lag3,0.016872496770830643,0.7665762007235007
Model 1,14,QuarterlyReturn_Lag2,0.015956842173573457,0.7825330428970741
Model 1,15,DJIA_QoQ,0.01570999301319382,0.798243035910268
Model 1,16,ROA_last1,0.015390684327780915,0.8136337202380489
Model 1,17,IXIC_QoQ,0.013216655974157984,0.8268503762122069
Model 1,18,ClosingPrice_cur,0.01189981023569483,0.8387501864479018
Model 1,19,FnG_QoQ_Lag2,0.011033677135358001,0.8497838635832597
Model 1,20,VIX_QoQ_Lag2,0.010337401262876153,0.8601212648461359
Model 1,1,Spread_cur,0.347270874329633,0.347270874329633
Model 1,2,TradingTurnover_cur,0.06293113810157065,0.41020201243120363
Model 1,3,TradingVolume_cur,0.06107200989920457,0.4712740223304082
Model 1,4,QuarterlyReturn_Lag1,0.05786717183367636,0.5291411941640846
Model 1,5,TradingMoney_cur,0.05482492871751812,0.5839661228816027
Model 1,6,SOX_QoQ,0.038927708318034285,0.6228938311996369
Model 1,7,Last3mCumulativeRevenue_last1,0.036546789324194896,0.6594406205238318
Model 1,8,VIX_QoQ,0.024157995736449785,0.6835986162602816
Model 1,9,SP500_QoQ,0.022024151227759612,0.7056227674880412
Model 1,10,ROE_last1,0.017894582142068485,0.7235173496301097
Model 1,11,Last3mCumulativeRevenueGrowthRate_last1,0.017715724855460937,0.7412330744855706
Model 1,12,DJIA_QoQ,0.015459483657381208,0.7566925581429519
Model 1,13,IXIC_QoQ,0.015110204400141297,0.7718027625430932
Model 1,14,EPS_last1,0.014733344000231161,0.7865361065433244
Model 1,15,QuarterlyReturn_Lag3,0.014454775894612472,0.8009908824379369
Model 1,16,ROA_last1,0.013751718620403405,0.8147426010583403
Model 1,17,QuarterlyReturn_Lag2,0.012927262931765592,0.8276698639901059
Model 1,18,VIX_QoQ_Lag2,0.012373397352353143,0.840043261342459
Model 1,19,FnG_QoQ_Lag2,0.011145839950656206,0.8511891012931152
Model 1,20,VIX_QoQ_Lag1,0.010440186429548878,0.8616292877226641
Model 1,1,Spread_cur,0.3547389154897783,0.3547389154897783
Model 1,2,TradingVolume_cur,0.0626212368650132,0.4173601523547915
Model 1,3,TradingTurnover_cur,0.060437120057868256,0.4777972724126598
Model 1,4,QuarterlyReturn_Lag1,0.057077901128989784,0.5348751735416496
Model 1,5,TradingMoney_cur,0.05542739416118785,0.5903025677028374
Model 1,6,SOX_QoQ,0.03789647920253373,0.6281990469053711
Model 1,7,Last3mCumulativeRevenue_last1,0.03554822368842278,0.6637472705937939
Model 1,8,VIX_QoQ,0.02834578722592296,0.6920930578197169
Model 1,9,SP500_QoQ,0.018741378613283656,0.7108344364330005
Model 1,10,DJIA_QoQ,0.017841136635258773,0.7286755730682593
Model 1,11,IXIC_QoQ,0.017525832603814104,0.7462014056720734
Model 1,12,Last3mCumulativeRevenueGrowthRate_last1,0.016715944439374956,0.7629173501114483
Model 1,13,ROE_last1,0.01631090524407904,0.7792282553555274
Model 1,14,QuarterlyReturn_Lag3,0.01392955083431308,0.7931578061898406
Model 1,15,QuarterlyReturn_Lag2,0.013622713386163313,0.8067805195760038
Model 1,16,FnG_QoQ_Lag2,0.013282666998905597,0.8200631865749094
Model 1,17,EPS_last1,0.013110571616245065,0.8331737581911545
Model 1,18,ROA_last1,0.012742838326718133,0.8459165965178727
Model 1,19,VIX_QoQ_Lag2,0.011217146397555817,0.8571337429154284
Model 1,20,VIX_QoQ_Lag1,0.009726250194429345,0.8668599931098577
Model 1,1,Spread_cur,0.3580816659800166,0.3580816659800166
Model 1,2,TradingVolume_cur,0.06102616628994354,0.4191078322699602
Model 1,3,TradingTurnover_cur,0.06068865968653436,0.47979649195649454
Model 1,4,QuarterlyReturn_Lag1,0.05738517026745193,0.5371816622239465
Model 1,5,TradingMoney_cur,0.05547652935071538,0.5926581915746618
Model 1,6,SOX_QoQ,0.03893314333369315,0.631591334908355
Model 1,7,Last3mCumulativeRevenue_last1,0.035427527738673026,0.6670188626470279
Model 1,8,VIX_QoQ,0.027508380012661805,0.6945272426596897
Model 1,9,SP500_QoQ,0.018547617081050186,0.7130748597407399
Model 1,10,DJIA_QoQ,0.018453507803825587,0.7315283675445655
Model 1,11,IXIC_QoQ,0.016841338863544733,0.7483697064081103
Model 1,12,Last3mCumulativeRevenueGrowthRate_last1,0.016413291348512042,0.7647829977566223
Model 1,13,ROE_last1,0.015897869304569767,0.780680867061192
Model 1,14,QuarterlyReturn_Lag3,0.013755781723984624,0.7944366487851766
Model 1,15,QuarterlyReturn_Lag2,0.013631549393400298,0.8080681981785769
Model 1,16,ROA_last1,0.0125367419714473,0.8206049401500242
Model 1,17,EPS_last1,0.012509767328328467,0.8331147074783526
Model 1,18,FnG_QoQ_Lag2,0.012233762482092882,0.8453484699604454
Model 1,19,VIX_QoQ_Lag2,0.011041993520938601,0.856390463481384
Model 1,20,VIX_QoQ_Lag1,0.009662501760092231,0.8660529652414762
Model 1,1,Spread_cur,0.275176879999187,0.275176879999187
Model 1,2,QuarterlyReturn_Lag1,0.06760051666122027,0.3427773966604073
Model 1,3,TradingVolume_cur,0.06363515535701868,0.406412552017426
Model 1,4,TradingMoney_cur,0.0572647365916054,0.4636772886090314
Model 1,5,TradingTurnover_cur,0.0529731994389091,0.5166504880479406
Model 1,6,Last3mCumulativeRevenue_last1,0.03823065409181911,0.5548811421397597
Model 1,7,ROE_last1,0.029673795137612993,0.5845549372773727
Model 1,8,SOX_QoQ,0.029514070833258653,0.6140690081106314
Model 1,9,QuarterlyReturn_Lag2,0.027689775260399917,0.6417587833710313
Model 1,10,EPS_last1,0.02491832322526644,0.6666771065962978
Model 1,11,Last3mCumulativeRevenueGrowthRate_last1,0.022944707937756333,0.6896218145340541
Model 1,12,QuarterlyReturn_Lag3,0.022800692385111253,0.7124225069191654
Model 1,13,VIX_QoQ,0.022508291113376974,0.7349307980325424
Model 1,14,ROA_last1,0.02096360039477814,0.7558943984273205
Model 1,15,ClosingPrice_cur,0.017965009980580576,0.7738594084079011
Model 1,16,SP500_QoQ,0.014554207837134871,0.788413616245036
Model 1,17,GrossMargin_last1,0.013060227181995978,0.801473843427032
Model 1,18,DJIA_QoQ,0.01249964960037595,0.813973493027408
Model 1,19,IXIC_QoQ,0.012423715580611451,0.8263972086080195
Model 1,20,FnG_QoQ_Lag2,0.010241306936034325,0.8366385155440538
Model 1,1,Spread_cur,0.2835568272355469,0.2835568272355469
Model 1,2,TradingVolume_cur,0.06347918911534094,0.3470360163508879
Model 1,3,QuarterlyReturn_Lag1,0.06260418627542119,0.40964020262630907
Model 1,4,TradingTurnover_cur,0.06162982301575643,0.4712700256420655
Model 1,5,TradingMoney_cur,0.05584788927419027,0.5271179149162558
Model 1,6,Last3mCumulativeRevenue_last1,0.03692985394960105,0.5640477688658568
Model 1,7,ROE_last1,0.02969014907822295,0.5937379179440798
Model 1,8,SOX_QoQ,0.026680501294969686,0.6204184192390495
Model 1,9,EPS_last1,0.024243129932662522,0.644661549171712
Model 1,10,QuarterlyReturn_Lag2,0.023321059284114553,0.6679826084558266
Model 1,11,Last3mCumulativeRevenueGrowthRate_last1,0.02315187229423781,0.6911344807500643
Model 1,12,VIX_QoQ,0.022003690155534165,0.7131381709055985
Model 1,13,QuarterlyReturn_Lag3,0.021794367760518643,0.7349325386661172
Model 1,14,ROA_last1,0.020584186677838564,0.7555167253439558
Model 1,15,DJIA_QoQ,0.01755766583922074,0.7730743911831764
Model 1,16,ClosingPrice_cur,0.01655997410537264,0.7896343652885491
Model 1,17,SP500_QoQ,0.0158777627051567,0.8055121279937059
Model 1,18,GrossMargin_last1,0.01351173255205607,0.8190238605457619
Model 1,19,IXIC_QoQ,0.0120678299226654,0.8310916904684273
Model 1,20,FnG_QoQ_Lag2,0.010243618203059445,0.8413353086714868
Model 1,1,Spread_cur,0.2882108876473666,0.2882108876473666
Model 1,2,TradingTurnover_cur,0.06286599558982627,0.3510768832371928
Model 1,3,TradingVolume_cur,0.06172422053880987,0.4128011037760027
Model 1,4,QuarterlyReturn_Lag1,0.060988796244250645,0.47378990002025334
Model 1,5,TradingMoney_cur,0.05657078345555911,0.5303606834758124
Model 1,6,Last3mCumulativeRevenue_last1,0.036917023610875475,0.5672777070866879
Model 1,7,ROE_last1,0.028737884001435624,0.5960155910881235
Model 1,8,SOX_QoQ,0.02753908573676609,0.6235546768248896
Model 1,9,EPS_last1,0.022804290069674545,0.6463589668945642
Model 1,10,Last3mCumulativeRevenueGrowthRate_last1,0.022796737090018088,0.6691557039845822
Model 1,11,QuarterlyReturn_Lag3,0.02265278621624602,0.6918084902008282
Model 1,12,QuarterlyReturn_Lag2,0.022246741856034674,0.7140552320568629
Model 1,13,ROA_last1,0.021809545844775,0.735864777901638
Model 1,14,VIX_QoQ,0.021290698651558908,0.7571554765531968
Model 1,15,DJIA_QoQ,0.016863900898157425,0.7740193774513542
Model 1,16,ClosingPrice_cur,0.01627051698157261,0.7902898944329267
Model 1,17,SP500_QoQ,0.01586644957018114,0.8061563440031079
Model 1,18,GrossMargin_last1,0.014249902855085208,0.8204062468581931
Model 1,19,IXIC_QoQ,0.011505981802342384,0.8319122286605355
Model 1,20,FnG_QoQ_Lag2,0.010442773479766325,0.8423550021403018
Model 1,1,Spread_cur,0.28689091648264087,0.28689091648264087
Model 1,2,QuarterlyReturn_Lag1,0.06456389988729931,0.3514548163699402
Model 1,3,TradingTurnover_cur,0.06365612627258962,0.4151109426425298
Model 1,4,TradingVolume_cur,0.06096695514275395,0.47607789778528375
Model 1,5,TradingMoney_cur,0.060815781099791216,0.536893678885075
Model 1,6,Last3mCumulativeRevenue_last1,0.03267182094042494,0.5695654998255
Model 1,7,SOX_QoQ,0.031471036457288055,0.6010365362827881
Model 1,8,ROE_last1,0.028940033017283567,0.6299765693000716
Model 1,9,VIX_QoQ,0.02696293413201515,0.6569395034320867
Model 1,10,Last3mCumulativeRevenueGrowthRate_last1,0.02289609162434063,0.6798355950564273
Model 1,11,ROA_last1,0.02173501644337723,0.7015706114998046
Model 1,12,EPS_last1,0.02145270842748677,0.7230233199272914
Model 1,13,QuarterlyReturn_Lag3,0.021343261252102886,0.7443665811793942
Model 1,14,IXIC_QoQ,0.016734247218349277,0.7611008283977435
Model 1,15,QuarterlyReturn_Lag2,0.016375581465103026,0.7774764098628465
Model 1,16,SP500_QoQ,0.014154741932945034,0.7916311517957916
Model 1,17,DJIA_QoQ,0.013617466345498175,0.8052486181412898
Model 1,18,ClosingPrice_cur,0.013596737689604814,0.8188453558308946
Model 1,19,VIX_QoQ_Lag2,0.01054579046297351,0.8293911462938681
Model 1,20,FnG_QoQ_Lag2,0.010205285885543027,0.8395964321794112
Model 1,1,Spread_cur,0.30413443055546785,0.30413443055546785
Model 1,2,TradingTurnover_cur,0.06406356765583267,0.3681979982113005
Model 1,3,TradingVolume_cur,0.062077121394030085,0.4302751196053306
Model 1,4,QuarterlyReturn_Lag1,0.059146345009712685,0.48942146461504327
Model 1,5,TradingMoney_cur,0.056716730576236454,0.5461381951912797
Model 1,6,Last3mCumulativeRevenue_last1,0.033597699551206874,0.5797358947424865
Model 1,7,SOX_QoQ,0.027508623150657167,0.6072445178931437
Model 1,8,ROE_last1,0.02634581199828458,0.6335903298914283
Model 1,9,VIX_QoQ,0.024837839806383318,0.6584281696978116
Model 1,10,Last3mCumulativeRevenueGrowthRate_last1,0.0223486617414537,0.6807768314392653
Model 1,11,ROA_last1,0.019150287243760018,0.6999271186830253
Model 1,12,DJIA_QoQ,0.018967777995943808,0.7188948966789691
Model 1,13,QuarterlyReturn_Lag3,0.018356886925007504,0.7372517836039766
Model 1,14,EPS_last1,0.017195790120678314,0.7544475737246549
Model 1,15,QuarterlyReturn_Lag2,0.01705902421826126,0.7715065979429161
Model 1,16,SP500_QoQ,0.016433228723039785,0.7879398266659559
Model 1,17,IXIC_QoQ,0.014684357693496934,0.8026241843594528
Model 1,18,ClosingPrice_cur,0.013221920213203188,0.815846104572656
Model 1,19,FnG_QoQ_Lag2,0.012125970225396335,0.8279720747980523
Model 1,20,VIX_QoQ_Lag2,0.010966254329534467,0.8389383291275868
Model 1,1,Spread_cur,0.30701006132270936,0.30701006132270936
Model 1,2,TradingTurnover_cur,0.06450618642430157,0.3715162477470109
Model 1,3,TradingVolume_cur,0.06234264340384016,0.4338588911508511
Model 1,4,QuarterlyReturn_Lag1,0.05939244429045254,0.4932513354413036
Model 1,5,TradingMoney_cur,0.057238898231256295,0.5504902336725599
Model 1,6,Last3mCumulativeRevenue_last1,0.035270348161279344,0.5857605818338393
Model 1,7,SOX_QoQ,0.029427229977121973,0.6151878118109613
Model 1,8,VIX_QoQ,0.02463375351515016,0.6398215653261115
Model 1,9,ROE_last1,0.02338145247433055,0.663203017800442
Model 1,10,Last3mCumulativeRevenueGrowthRate_last1,0.020490769854530633,0.6836937876549727
Model 1,11,ROA_last1,0.018878741828382964,0.7025725294833557
Model 1,12,DJIA_QoQ,0.018136912501059043,0.7207094419844148
Model 1,13,EPS_last1,0.017895502616619933,0.7386049446010348
Model 1,14,QuarterlyReturn_Lag3,0.017432880804695378,0.7560378254057302
Model 1,15,SP500_QoQ,0.016976025905474916,0.773013851311205
Model 1,16,QuarterlyReturn_Lag2,0.016490274460475657,0.7895041257716807
Model 1,17,IXIC_QoQ,0.01459747010515099,0.8041015958768317
Model 1,18,ClosingPrice_cur,0.013369556687455623,0.8174711525642874
Model 1,19,FnG_QoQ_Lag2,0.011559791694890851,0.8290309442591782
Model 1,20,VIX_QoQ_Lag2,0.011357515629263197,0.8403884598884415
Model 1,1,Spread_cur,0.30955224716325475,0.30955224716325475
Model 1,2,TradingVolume_cur,0.0645197486273515,0.37407199579060624
Model 1,3,QuarterlyReturn_Lag1,0.06256328855617564,0.4366352843467819
Model 1,4,TradingTurnover_cur,0.06186533952629819,0.4985006238730801
Model 1,5,TradingMoney_cur,0.05733990535223225,0.5558405292253124
Model 1,6,SOX_QoQ,0.03658995162202535,0.5924304808473377
Model 1,7,Last3mCumulativeRevenue_last1,0.03096765114130431,0.623398131988642
Model 1,8,VIX_QoQ,0.027509672934141905,0.6509078049227839
Model 1,9,Last3mCumulativeRevenueGrowthRate_last1,0.02296402565931584,0.6738718305820998
Model 1,10,ROE_last1,0.021852265313607584,0.6957240958957074
Model 1,11,SP500_QoQ,0.019515041313463613,0.715239137209171
Model 1,12,DJIA_QoQ,0.01623996306541627,0.7314791002745873
Model 1,13,QuarterlyReturn_Lag3,0.01582915286467207,0.7473082531392594
Model 1,14,QuarterlyReturn_Lag2,0.01502945342882079,0.7623377065680802
Model 1,15,EPS_last1,0.014374278728670153,0.7767119852967503
Model 1,16,ROA_last1,0.01410635564419269,0.790818340940943
Model 1,17,IXIC_QoQ,0.013307872551637331,0.8041262134925804
Model 1,18,ClosingPrice_cur,0.012592175559211336,0.8167183890517917
Model 1,19,FnG_QoQ,0.01154878638083747,0.8282671754326292
Model 1,20,VIX_QoQ_Lag2,0.0103495925053565,0.8386167679379857
Model 1,1,Spread_cur,0.3160319809762503,0.3160319809762503
Model 1,2,TradingTurnover_cur,0.06687187653292506,0.3829038575091753
Model 1,3,TradingVolume_cur,0.06388689817479071,0.44679075568396603
Model 1,4,QuarterlyReturn_Lag1,0.058644719557079915,0.5054354752410459
Model 1,5,TradingMoney_cur,0.05541900327706621,0.5608544785181121
Model 1,6,Last3mCumulativeRevenue_last1,0.03375099451789367,0.5946054730360057
Model 1,7,SOX_QoQ,0.03217140944247034,0.6267768824784761
Model 1,8,VIX_QoQ,0.026418561770548056,0.6531954442490241
Model 1,9,DJIA_QoQ,0.020172880915181133,0.6733683251642052
Model 1,10,Last3mCumulativeRevenueGrowthRate_last1,0.020169764057349666,0.6935380892215549
Model 1,11,SP500_QoQ,0.01862313059581677,0.7121612198173717
Model 1,12,ROE_last1,0.018114343246190212,0.7302755630635619
Model 1,13,IXIC_QoQ,0.014712120960617015,0.7449876840241789
Model 1,14,QuarterlyReturn_Lag2,0.014607851470086189,0.7595955354942651
Model 1,15,EPS_last1,0.014599556179880773,0.7741950916741458
Model 1,16,ROA_last1,0.01406527981567517,0.788260371489821
Model 1,17,QuarterlyReturn_Lag3,0.013722504255654003,0.801982875745475
Model 1,18,FnG_QoQ_Lag2,0.012569559930968598,0.8145524356764436
Model 1,19,VIX_QoQ_Lag2,0.011445143041212896,0.8259975787176566
Model 1,20,ClosingPrice_cur,0.011183043143420463,0.837180621861077
Model 1,1,Spread_cur,0.32714716935476024,0.32714716935476024
Model 1,2,TradingTurnover_cur,0.06617510934780274,0.393322278702563
Model 1,3,TradingVolume_cur,0.061244187949449296,0.4545664666520123
Model 1,4,QuarterlyReturn_Lag1,0.05862250319888864,0.5131889698509009
Model 1,5,TradingMoney_cur,0.05601220427471387,0.5692011741256148
Model 1,6,SOX_QoQ,0.033128671308474036,0.6023298454340889
Model 1,7,Last3mCumulativeRevenue_last1,0.03272667513190111,0.6350565205659899
Model 1,8,VIX_QoQ,0.02596786974655279,0.6610243903125427
Model 1,9,DJIA_QoQ,0.01918670227511563,0.6802110925876583
Model 1,10,Last3mCumulativeRevenueGrowthRate_last1,0.018897345283181335,0.6991084378708396
Model 1,11,SP500_QoQ,0.018735625825301826,0.7178440636961415
Model 1,12,ROE_last1,0.01702627269717382,0.7348703363933153
Model 1,13,IXIC_QoQ,0.014327659963481017,0.7491979963567964
Model 1,14,ROA_last1,0.01411601463297915,0.7633140109897756
Model 1,15,QuarterlyReturn_Lag2,0.01397397778747587,0.7772879887772515
Model 1,16,EPS_last1,0.01383374456030892,0.7911217333375604
Model 1,17,QuarterlyReturn_Lag3,0.01298871558557617,0.8041104489231365
Model 1,18,FnG_QoQ_Lag2,0.012640539511173929,0.8167509884343105
Model 1,19,VIX_QoQ_Lag2,0.012102481321868893,0.8288534697561794
Model 1,20,ClosingPrice_cur,0.01054619437527454,0.8393996641314538
Model 1,1,Spread_cur,0.515088522331103,0.515088522331103
Model 1,2,SOX_QoQ,0.09774997221295327,0.6128384945440563
Model 1,3,QuarterlyReturn_Lag3,0.048851830737805114,0.6616903252818613
Model 1,4,QuarterlyReturn_Lag1,0.04868456453925616,0.7103748898211175
Model 1,5,QuarterlyReturn_Lag2,0.03475946197245924,0.7451343517935768
Model 1,6,ROE_last1,0.026012043221781623,0.7711463950153584
Model 1,7,TradingVolume_cur,0.02192200286172935,0.7930683978770878
Model 1,8,EPS_last1,0.02119347169014076,0.8142618695672286
Model 1,9,VIX_QoQ,0.014252392523157398,0.8285142620903859
Model 1,10,ROA_last1,0.01324428248024569,0.8417585445706316
Model 1,11,TradingTurnover_cur,0.01285680354866535,0.854615348119297
Model 1,12,TradingMoney_cur,0.011703581096682684,0.8663189292159796
Model 1,13,Last3mCumulativeRevenueGrowthRate_last1,0.011425817631690776,0.8777447468476705
Model 1,14,Last3mCumulativeRevenue_last1,0.010050840038514194,0.8877955868861847
Model 1,15,RediscountRate_QoQ_Lag3_last1,0.009634847299600279,0.8974304341857849
Model 1,16,FnG_QoQ,0.009129504434410483,0.9065599386201955
Model 1,17,FnG_QoQ_Lag3,0.009011565521793816,0.9155715041419893
Model 1,18,ClosingPrice_cur,0.008850462473846767,0.9244219666158361
Model 1,19,GrossMargin_last1,0.007643059476505437,0.9320650260923415
Model 1,20,FnG_QoQ_Lag2,0.006003284742966328,0.9380683108353078
Model 1,1,Spread_cur,0.5168240315993228,0.5168240315993228
Model 1,2,SOX_QoQ,0.09722038900327945,0.6140444206026022
Model 1,3,QuarterlyReturn_Lag1,0.04951291850099768,0.6635573391035999
Model 1,4,QuarterlyReturn_Lag3,0.046103984274897994,0.709661323378498
Model 1,5,QuarterlyReturn_Lag2,0.03366402534585405,0.743325348724352
Model 1,6,ROE_last1,0.02428825400198935,0.7676136027263413
Model 1,7,TradingVolume_cur,0.021752612033473076,0.7893662147598144
Model 1,8,EPS_last1,0.02058990264990845,0.8099561174097228
Model 1,9,VIX_QoQ,0.014581657598043477,0.8245377750077664
Model 1,10,TradingTurnover_cur,0.013918312161698141,0.8384560871694645
Model 1,11,TradingMoney_cur,0.01281354116175707,0.8512696283312216
Model 1,12,ROA_last1,0.012019122245457477,0.863288750576679
Model 1,13,Last3mCumulativeRevenueGrowthRate_last1,0.01112039345702524,0.8744091440337042
Model 1,14,FnG_QoQ,0.010721959196584595,0.8851311032302888
Model 1,15,Last3mCumulativeRevenue_last1,0.010591288592545333,0.8957223918228341
Model 1,16,ClosingPrice_cur,0.00940960014406155,0.9051319919668956
Model 1,17,RediscountRate_QoQ_Lag3_last1,0.009144985779512982,0.9142769777464086
Model 1,18,FnG_QoQ_Lag3,0.00851910633955449,0.922796084085963
Model 1,19,GrossMargin_last1,0.007666024028795959,0.930462108114759
Model 1,20,TotalUnempPct_QoQ_Lag3_last1,0.006566881250199236,0.9370289893649583
Model 1,1,Spread_cur,0.5178029203329535,0.5178029203329535
Model 1,2,SOX_QoQ,0.09710574023028341,0.6149086605632369
Model 1,3,QuarterlyReturn_Lag1,0.04936440460256276,0.6642730651657996
Model 1,4,QuarterlyReturn_Lag3,0.04506425241707853,0.7093373175828782
Model 1,5,QuarterlyReturn_Lag2,0.03374601956957196,0.7430833371524501
Model 1,6,ROE_last1,0.024601925937406004,0.7676852630898561
Model 1,7,TradingVolume_cur,0.022326213036440227,0.7900114761262963
Model 1,8,EPS_last1,0.019768545582624687,0.8097800217089209
Model 1,9,VIX_QoQ,0.014538695985054908,0.8243187176939758
Model 1,10,TradingTurnover_cur,0.013952915942956879,0.8382716336369327
Model 1,11,TradingMoney_cur,0.013211129247603268,0.851482762884536
Model 1,12,ROA_last1,0.01163109119658236,0.8631138540811183
Model 1,13,Last3mCumulativeRevenueGrowthRate_last1,0.011262446743443216,0.8743763008245615
Model 1,14,FnG_QoQ,0.010611374679671411,0.884987675504233
Model 1,15,Last3mCumulativeRevenue_last1,0.010472629905019801,0.8954603054092528
Model 1,16,RediscountRate_QoQ_Lag3_last1,0.009495902488671418,0.9049562078979242
Model 1,17,ClosingPrice_cur,0.009374002212149903,0.9143302101100741
Model 1,18,FnG_QoQ_Lag3,0.008542774566740154,0.9228729846768142
Model 1,19,GrossMargin_last1,0.007606284709375578,0.9304792693861899
Model 1,20,TotalUnempPct_QoQ_Lag3_last1,0.0067034805618897296,0.9371827499480796
Model 1,1,Spread_cur,0.5553313893638178,0.5553313893638178
Model 1,2,SOX_QoQ,0.1068395586410175,0.6621709480048352
Model 1,3,QuarterlyReturn_Lag1,0.042689103299894914,0.7048600513047302
Model 1,4,QuarterlyReturn_Lag2,0.03415314408645027,0.7390131953911805
Model 1,5,ROE_last1,0.03026486855096366,0.7692780639421442
Model 1,6,QuarterlyReturn_Lag3,0.020643683962197373,0.7899217479043416
Model 1,7,EPS_last1,0.017956516000562646,0.8078782639049042
Model 1,8,TradingVolume_cur,0.017699253161768055,0.8255775170666723
Model 1,9,VIX_QoQ,0.0150192368355471,0.8405967539022193
Model 1,10,TradingTurnover_cur,0.01197785558260771,0.852574609484827
Model 1,11,RediscountRate_QoQ_Lag3_last1,0.010358540124816197,0.8629331496096432
Model 1,12,Last3mCumulativeRevenueGrowthRate_last1,0.010196780678891855,0.873129930288535
Model 1,13,ROA_last1,0.009999572401668691,0.8831295026902037
Model 1,14,TradingMoney_cur,0.009572975798065434,0.8927024784882692
Model 1,15,FnG_QoQ,0.009175535027522523,0.9018780135157918
Model 1,16,Last3mCumulativeRevenue_last1,0.008518713557132549,0.9103967270729243
Model 1,17,ClosingPrice_cur,0.007542099255428018,0.9179388263283523
Model 1,18,TotalUnempPct_QoQ_Lag3_last1,0.006750935420821989,0.9246897617491743
Model 1,19,FnG_QoQ_Lag2,0.006132287325676557,0.9308220490748509
Model 1,20,GrossMargin_last1,0.005720837864142393,0.9365428869389932
Model 1,1,Spread_cur,0.5561661433472217,0.5561661433472217
Model 1,2,SOX_QoQ,0.10602154698710252,0.6621876903343242
Model 1,3,QuarterlyReturn_Lag1,0.043173152561553345,0.7053608428958775
Model 1,4,QuarterlyReturn_Lag2,0.03319798375174765,0.7385588266476252
Model 1,5,ROE_last1,0.024388782343165452,0.7629476089907906
Model 1,6,QuarterlyReturn_Lag3,0.01940923896365034,0.7823568479544409
Model 1,7,EPS_last1,0.019162431956938734,0.8015192799113797
Model 1,8,TradingVolume_cur,0.018622097061069008,0.8201413769724487
Model 1,9,VIX_QoQ,0.015229911631767937,0.8353712886042166
Model 1,10,TradingTurnover_cur,0.01145055748581851,0.8468218460900351
Model 1,11,ROA_last1,0.01090429825916491,0.8577261443492
Model 1,12,FnG_QoQ,0.01080649339503672,0.8685326377442367
Model 1,13,RediscountRate_QoQ_Lag3_last1,0.010297497788291891,0.8788301355325286
Model 1,14,TradingMoney_cur,0.010079352170887871,0.8889094877034165
Model 1,15,Last3mCumulativeRevenueGrowthRate_last1,0.009666654090953528,0.8985761417943701
Model 1,16,Last3mCumulativeRevenue_last1,0.00885691624282454,0.9074330580371947
Model 1,17,ClosingPrice_cur,0.00769184423805229,0.9151249022752469
Model 1,18,TotalUnempPct_QoQ_Lag3_last1,0.007124260813735013,0.9222491630889819
Model 1,19,FnG_QoQ_Lag2,0.006169469176664882,0.9284186322656467
Model 1,20,IXIC_QoQ_Lag1,0.005429107087539103,0.9338477393531858
Model 1,1,Spread_cur,0.5569981247463069,0.5569981247463069
Model 1,2,SOX_QoQ,0.10563012314829415,0.6626282478946011
Model 1,3,QuarterlyReturn_Lag1,0.04349280946678236,0.7061210573613834
Model 1,4,QuarterlyReturn_Lag2,0.03309431031250371,0.7392153676738872
Model 1,5,ROE_last1,0.023645185646795765,0.7628605533206829
Model 1,6,QuarterlyReturn_Lag3,0.01935780462979203,0.7822183579504749
Model 1,7,EPS_last1,0.019288623981192916,0.8015069819316678
Model 1,8,TradingVolume_cur,0.018959681115515877,0.8204666630471836
Model 1,9,VIX_QoQ,0.01540424028621922,0.8358709033334029
Model 1,10,TradingTurnover_cur,0.01154555486194479,0.8474164581953476
Model 1,11,FnG_QoQ,0.010746172840164527,0.8581626310355122
Model 1,12,ROA_last1,0.010509548251437637,0.8686721792869498
Model 1,13,RediscountRate_QoQ_Lag3_last1,0.010340889911630175,0.87901306919858
Model 1,14,TradingMoney_cur,0.010157004636118318,0.8891700738346984
Model 1,15,Last3mCumulativeRevenueGrowthRate_last1,0.009592974779466414,0.8987630486141648
Model 1,16,Last3mCumulativeRevenue_last1,0.008894699639996336,0.9076577482541611
Model 1,17,ClosingPrice_cur,0.007358199653857209,0.9150159479080183
Model 1,18,TotalUnempPct_QoQ_Lag3_last1,0.007178903893326938,0.9221948518013453
Model 1,19,FnG_QoQ_Lag2,0.00631408943363722,0.9285089412349825
Model 1,20,IXIC_QoQ_Lag1,0.005524298618805993,0.9340332398537885
Model 1,1,Spread_cur,0.5946121664309563,0.5946121664309563
Model 1,2,SOX_QoQ,0.12116200758403715,0.7157741740149934
Model 1,3,QuarterlyReturn_Lag1,0.03708982747407969,0.7528640014890732
Model 1,4,QuarterlyReturn_Lag2,0.03131551966626097,0.7841795211553342
Model 1,5,TradingVolume_cur,0.01659063758889912,0.8007701587442333
Model 1,6,VIX_QoQ,0.016130731425429777,0.816900890169663
Model 1,7,QuarterlyReturn_Lag3,0.014548415527817136,0.8314493056974802
Model 1,8,EPS_last1,0.01429489943880079,0.845744205136281
Model 1,9,RediscountRate_QoQ_Lag3_last1,0.011432809373974263,0.8571770145102553
Model 1,10,ROE_last1,0.010421323042887953,0.8675983375531433
Model 1,11,ROA_last1,0.009512604453762709,0.877110942006906
Model 1,12,TradingTurnover_cur,0.008545257601982941,0.885656199608889
Model 1,13,Last3mCumulativeRevenueGrowthRate_last1,0.008480731438580877,0.8941369310474698
Model 1,14,FnG_QoQ,0.008462934206717218,0.902599865254187
Model 1,15,TotalUnempPct_QoQ_Lag3_last1,0.007970696579485733,0.9105705618336727
Model 1,16,Last3mCumulativeRevenue_last1,0.0067983436313195835,0.9173689054649923
Model 1,17,TradingMoney_cur,0.006313318520063592,0.9236822239850558
Model 1,18,ClosingPrice_cur,0.006272631880923229,0.929954855865979
Model 1,19,FnG_QoQ_Lag2,0.005799967701955027,0.935754823567934
Model 1,20,IXIC_QoQ_Lag1,0.005379505641809307,0.9411343292097434
Model 1,1,Spread_cur,0.595617600130935,0.595617600130935
Model 1,2,SOX_QoQ,0.12144855915497338,0.7170661592859084
Model 1,3,QuarterlyReturn_Lag1,0.037396754289834806,0.7544629135757432
Model 1,4,QuarterlyReturn_Lag2,0.030904090693080536,0.7853670042688238
Model 1,5,VIX_QoQ,0.016290380537629483,0.8016573848064532
Model 1,6,TradingVolume_cur,0.01596269505665329,0.8176200798631065
Model 1,7,QuarterlyReturn_Lag3,0.014982708821612739,0.8326027886847193
Model 1,8,EPS_last1,0.014481933800700324,0.8470847224854196
Model 1,9,RediscountRate_QoQ_Lag3_last1,0.011109512413635107,0.8581942348990547
Model 1,10,ROE_last1,0.009093858343081424,0.8672880932421361
Model 1,11,FnG_QoQ,0.009058013172865231,0.8763461064150013
Model 1,12,TradingTurnover_cur,0.008684807091070163,0.8850309135060714
Model 1,13,Last3mCumulativeRevenueGrowthRate_last1,0.008375163596338553,0.8934060771024099
Model 1,14,TotalUnempPct_QoQ_Lag3_last1,0.00823812422959191,0.9016442013320018
Model 1,15,ROA_last1,0.007596025420285848,0.9092402267522877
Model 1,16,Last3mCumulativeRevenue_last1,0.0073810876852199265,0.9166213144375076
Model 1,17,TradingMoney_cur,0.00690685187086952,0.9235281663083771
Model 1,18,ClosingPrice_cur,0.0061473204511981695,0.9296754867595752
Model 1,19,IXIC_QoQ_Lag1,0.005837867741161675,0.9355133545007369
Model 1,20,DJIA_QoQ,0.005692122883140925,0.9412054773838778
Model 1,1,Spread_cur,0.5961981377068294,0.5961981377068294
Model 1,2,SOX_QoQ,0.12036721984662849,0.7165653575534578
Model 1,3,QuarterlyReturn_Lag1,0.03751227559925071,0.7540776331527086
Model 1,4,QuarterlyReturn_Lag2,0.03055916455239562,0.7846367977051042
Model 1,5,VIX_QoQ,0.016610758630488533,0.8012475563355927
Model 1,6,TradingVolume_cur,0.0163238753720411,0.8175714317076338
Model 1,7,QuarterlyReturn_Lag3,0.014705688700026804,0.8322771204076606
Model 1,8,EPS_last1,0.013886211328973786,0.8461633317366344
Model 1,9,RediscountRate_QoQ_Lag3_last1,0.011347010945041165,0.8575103426816756
Model 1,10,ROE_last1,0.009355554182684219,0.8668658968643598
Model 1,11,FnG_QoQ,0.008895359482359238,0.875761256346719
Model 1,12,TradingTurnover_cur,0.008735434586113432,0.8844966909328325
Model 1,13,TotalUnempPct_QoQ_Lag3_last1,0.008585954140694182,0.8930826450735266
Model 1,14,Last3mCumulativeRevenueGrowthRate_last1,0.00819155422054773,0.9012741992940744
Model 1,15,ROA_last1,0.007809834305518069,0.9090840335995924
Model 1,16,Last3mCumulativeRevenue_last1,0.007615678573558238,0.9166997121731507
Model 1,17,TradingMoney_cur,0.007282103701051564,0.9239818158742023
Model 1,18,ClosingPrice_cur,0.005984370216459801,0.9299661860906621
Model 1,19,IXIC_QoQ_Lag1,0.005870365512507904,0.9358365516031699
Model 1,20,DJIA_QoQ,0.005682212968766109,0.9415187645719361
Model 1,1,Spread_cur,0.289877055404949,0.289877055404949
Model 1,2,QuarterlyReturn_Lag1,0.05935255996103097,0.34922961536597996
Model 1,3,TradingVolume_cur,0.05785461507039305,0.407084230436373
Model 1,4,TradingMoney_cur,0.05597862343950671,0.4630628538758797
Model 1,5,TradingTurnover_cur,0.05422332842844815,0.5172861823043279
Model 1,6,Last3mCumulativeRevenue_last1,0.04125261585068997,0.5585387981550178
Model 1,7,EPS_last1,0.03120265549687548,0.5897414536518933
Model 1,8,ROE_last1,0.031165315085590936,0.6209067687374843
Model 1,9,Last3mCumulativeRevenueGrowthRate_last1,0.029056149974897093,0.6499629187123814
Model 1,10,QuarterlyReturn_Lag3,0.0288583730909285,0.67882129180331
Model 1,11,QuarterlyReturn_Lag2,0.027097534844303887,0.7059188266476139
Model 1,12,ROA_last1,0.02670253356085059,0.7326213602084645
Model 1,13,SOX_QoQ,0.026634837715324055,0.7592561979237885
Model 1,14,ClosingPrice_cur,0.01994928926627766,0.7792054871900662
Model 1,15,GrossMargin_last1,0.01845190378103366,0.7976573909710999
Model 1,16,SP500_QoQ,0.016648220201556173,0.8143056111726561
Model 1,17,VIX_QoQ,0.015445274292117707,0.8297508854647738
Model 1,18,IXIC_QoQ,0.012178108237949343,0.8419289937027231
Model 1,19,VIX_QoQ_Lag2,0.01098971028476899,0.8529187039874921
Model 1,20,DJIA_QoQ,0.0104996009090353,0.8634183048965275
Model 1,1,Spread_cur,0.29581800490517973,0.29581800490517973
Model 1,2,QuarterlyReturn_Lag1,0.059874893119776604,0.35569289802495635
Model 1,3,TradingTurnover_cur,0.05921976326073818,0.41491266128569454
Model 1,4,TradingVolume_cur,0.05736977705569798,0.4722824383413925
Model 1,5,TradingMoney_cur,0.04955668533918218,0.5218391236805747
Model 1,6,Last3mCumulativeRevenue_last1,0.040514522351251116,0.5623536460318258
Model 1,7,ROE_last1,0.030747815743369343,0.5931014617751952
Model 1,8,Last3mCumulativeRevenueGrowthRate_last1,0.029260000944898862,0.6223614627200941
Model 1,9,EPS_last1,0.02866619427909598,0.6510276569991901
Model 1,10,QuarterlyReturn_Lag3,0.027776191284973106,0.6788038482841632
Model 1,11,SOX_QoQ,0.027300652932445713,0.706104501216609
Model 1,12,QuarterlyReturn_Lag2,0.02720032419386598,0.7333048254104749
Model 1,13,ROA_last1,0.026856125425735945,0.7601609508362108
Model 1,14,ClosingPrice_cur,0.0206038218667647,0.7807647727029755
Model 1,15,GrossMargin_last1,0.018310611054327408,0.7990753837573029
Model 1,16,VIX_QoQ,0.018226989398050737,0.8173023731553537
Model 1,17,SP500_QoQ,0.014042355222730066,0.8313447283780838
Model 1,18,DJIA_QoQ,0.013457290886683657,0.8448020192647675
Model 1,19,IXIC_QoQ,0.011734964225801801,0.8565369834905693
Model 1,20,FnG_QoQ_Lag2,0.00963135939865279,0.8661683428892221
Model 1,1,Spread_cur,0.29537924856386083,0.29537924856386083
Model 1,2,QuarterlyReturn_Lag1,0.06094852220288586,0.3563277707667467
Model 1,3,TradingTurnover_cur,0.05885643768250401,0.41518420844925075
Model 1,4,TradingVolume_cur,0.05706281174412417,0.47224702019337494
Model 1,5,TradingMoney_cur,0.0506728422579747,0.5229198624513497
Model 1,6,Last3mCumulativeRevenue_last1,0.040392636510646854,0.5633124989619965
Model 1,7,ROE_last1,0.03338792514647196,0.5967004241084685
Model 1,8,Last3mCumulativeRevenueGrowthRate_last1,0.028616776677183306,0.6253172007856518
Model 1,9,SOX_QoQ,0.027646979294974842,0.6529641800806266
Model 1,10,QuarterlyReturn_Lag3,0.027204814673163144,0.6801689947537898
Model 1,11,QuarterlyReturn_Lag2,0.026990268351410277,0.7071592631052
Model 1,12,EPS_last1,0.026702800708289606,0.7338620638134896
Model 1,13,ROA_last1,0.02612050963844466,0.7599825734519343
Model 1,14,ClosingPrice_cur,0.020912346821290118,0.7808949202732245
Model 1,15,VIX_QoQ,0.018664085332970783,0.7995590056061953
Model 1,16,GrossMargin_last1,0.018444778498509493,0.8180037841047048
Model 1,17,SP500_QoQ,0.014014215517035727,0.8320179996217405
Model 1,18,DJIA_QoQ,0.013288280508947686,0.8453062801306882
Model 1,19,IXIC_QoQ,0.011232862860138523,0.8565391429908267
Model 1,20,FnG_QoQ_Lag2,0.009047202488984269,0.865586345479811
Model 1,1,Spread_cur,0.31819399001799364,0.31819399001799364
Model 1,2,TradingTurnover_cur,0.0594142054524906,0.37760819547048424
Model 1,3,TradingVolume_cur,0.057050739947269766,0.434658935417754
Model 1,4,QuarterlyReturn_Lag1,0.05639944745636438,0.4910583828741184
Model 1,5,TradingMoney_cur,0.05387104247642744,0.5449294253505459
Model 1,6,Last3mCumulativeRevenue_last1,0.04227855623957752,0.5872079815901234
Model 1,7,SOX_QoQ,0.029486839897501713,0.6166948214876251
Model 1,8,ROE_last1,0.02772427617359752,0.6444190976612226
Model 1,9,Last3mCumulativeRevenueGrowthRate_last1,0.023611757649003907,0.6680308553102265
Model 1,10,ROA_last1,0.023313363979111282,0.6913442192893379
Model 1,11,QuarterlyReturn_Lag2,0.02294161684032297,0.7142858361296608
Model 1,12,QuarterlyReturn_Lag3,0.02256861233319905,0.7368544484628599
Model 1,13,EPS_last1,0.021506757116094993,0.7583612055789548
Model 1,14,VIX_QoQ,0.019993927713183462,0.7783551332921382
Model 1,15,SP500_QoQ,0.017986282338994204,0.7963414156311325
Model 1,16,ClosingPrice_cur,0.01650492565155553,0.812846341282688
Model 1,17,GrossMargin_last1,0.014887202810322589,0.8277335440930106
Model 1,18,IXIC_QoQ,0.012379856830197605,0.8401134009232082
Model 1,19,DJIA_QoQ,0.01232152640484886,0.852434927328057
Model 1,20,FnG_QoQ_Lag2,0.01093856155743328,0.8633734888854903
Model 1,1,Spread_cur,0.3295981362615088,0.3295981362615088
Model 1,2,TradingTurnover_cur,0.05954961320775091,0.38914774946925973
Model 1,3,QuarterlyReturn_Lag1,0.056454742042959034,0.44560249151221876
Model 1,4,TradingVolume_cur,0.05501851590903868,0.5006210074212575
Model 1,5,TradingMoney_cur,0.052452452519708405,0.5530734599409659
Model 1,6,Last3mCumulativeRevenue_last1,0.03962335273814005,0.5926968126791059
Model 1,7,SOX_QoQ,0.031882241917323896,0.6245790545964298
Model 1,8,ROE_last1,0.02618217431260471,0.6507612289090345
Model 1,9,Last3mCumulativeRevenueGrowthRate_last1,0.023292266351501063,0.6740534952605356
Model 1,10,QuarterlyReturn_Lag2,0.02237812212774209,0.6964316173882776
Model 1,11,ROA_last1,0.021710168634746403,0.718141786023024
Model 1,12,EPS_last1,0.02140818231129645,0.7395499683343205
Model 1,13,QuarterlyReturn_Lag3,0.021381332029202484,0.760931300363523
Model 1,14,VIX_QoQ,0.021139981327206715,0.7820712816907297
Model 1,15,SP500_QoQ,0.016233006528401994,0.7983042882191317
Model 1,16,ClosingPrice_cur,0.015869635691000337,0.814173923910132
Model 1,17,DJIA_QoQ,0.014759922693598592,0.8289338466037306
Model 1,18,GrossMargin_last1,0.01366876825875666,0.8426026148624872
Model 1,19,IXIC_QoQ,0.012442688761265596,0.8550453036237529
Model 1,20,FnG_QoQ_Lag2,0.011413948888183357,0.8664592525119362
Model 1,1,Spread_cur,0.3297812884046898,0.3297812884046898
Model 1,2,TradingTurnover_cur,0.06127051513759835,0.39105180354228813
Model 1,3,QuarterlyReturn_Lag1,0.05682199145028441,0.4478737949925725
Model 1,4,TradingVolume_cur,0.05525545975903957,0.5031292547516121
Model 1,5,TradingMoney_cur,0.05164406817998354,0.5547733229315956
Model 1,6,Last3mCumulativeRevenue_last1,0.039730588769699544,0.5945039117012952
Model 1,7,SOX_QoQ,0.032269837043655006,0.6267737487449503
Model 1,8,ROE_last1,0.026516591120629724,0.65329033986558
Model 1,9,Last3mCumulativeRevenueGrowthRate_last1,0.023115456975228873,0.6764057968408089
Model 1,10,QuarterlyReturn_Lag2,0.022173788792622735,0.6985795856334317
Model 1,11,VIX_QoQ,0.02181788588887266,0.7203974715223044
Model 1,12,QuarterlyReturn_Lag3,0.021114529595183153,0.7415120011174875
Model 1,13,EPS_last1,0.020988405773269884,0.7625004068907574
Model 1,14,ROA_last1,0.020907637127596145,0.7834080440183535
Model 1,15,SP500_QoQ,0.015692710789361252,0.7991007548077148
Model 1,16,ClosingPrice_cur,0.015582341840116769,0.8146830966478316
Model 1,17,DJIA_QoQ,0.01451569132164097,0.8291987879694726
Model 1,18,GrossMargin_last1,0.013061435203405062,0.8422602231728776
Model 1,19,IXIC_QoQ,0.01269228519986406,0.8549525083727417
Model 1,20,FnG_QoQ_Lag2,0.010742238388027394,0.8656947467607691
Model 1,1,Spread_cur,0.3526560056438087,0.3526560056438087
Model 1,2,TradingVolume_cur,0.0616649345098383,0.414320940153647
Model 1,3,TradingTurnover_cur,0.0600137047156255,0.4743346448692725
Model 1,4,QuarterlyReturn_Lag1,0.056462295026351125,0.5307969398956236
Model 1,5,TradingMoney_cur,0.051789715716079765,0.5825866556117034
Model 1,6,Last3mCumulativeRevenue_last1,0.035750990934581915,0.6183376465462853
Model 1,7,SOX_QoQ,0.03324049339275312,0.6515781399390385
Model 1,8,VIX_QoQ,0.02192860922773124,0.6735067491667697
Model 1,9,Last3mCumulativeRevenueGrowthRate_last1,0.02153177205411524,0.6950385212208849
Model 1,10,SP500_QoQ,0.020933710938541832,0.7159722321594267
Model 1,11,QuarterlyReturn_Lag2,0.018597113810143152,0.7345693459695699
Model 1,12,ROA_last1,0.01718302984959939,0.7517523758191693
Model 1,13,EPS_last1,0.015854584031077087,0.7676069598502464
Model 1,14,QuarterlyReturn_Lag3,0.015773507891755825,0.7833804677420022
Model 1,15,DJIA_QoQ,0.015517255086385242,0.7988977228283874
Model 1,16,ROE_last1,0.014650424688368125,0.8135481475167555
Model 1,17,IXIC_QoQ,0.013591253139738345,0.8271394006564938
Model 1,18,VIX_QoQ_Lag2,0.013009590326603992,0.8401489909830978
Model 1,19,ClosingPrice_cur,0.01178706925999748,0.8519360602430953
Model 1,20,FnG_QoQ_Lag2,0.011381128410936253,0.8633171886540316
Model 1,1,Spread_cur,0.3494363481254296,0.3494363481254296
Model 1,2,TradingTurnover_cur,0.06577185713261018,0.4152082052580398
Model 1,3,TradingVolume_cur,0.05859320450023784,0.47380140975827767
Model 1,4,QuarterlyReturn_Lag1,0.05713557874229032,0.530936988500568
Model 1,5,TradingMoney_cur,0.05132173051989383,0.5822587190204619
Model 1,6,Last3mCumulativeRevenue_last1,0.036911864028200576,0.6191705830486625
Model 1,7,SOX_QoQ,0.03427778998364362,0.6534483730323061
Model 1,8,VIX_QoQ,0.024956669277285858,0.678405042309592
Model 1,9,Last3mCumulativeRevenueGrowthRate_last1,0.02032687798917543,0.6987319202987674
Model 1,10,QuarterlyReturn_Lag2,0.01784807836392519,0.7165799986626926
Model 1,11,SP500_QoQ,0.017606483910690328,0.7341864825733829
Model 1,12,DJIA_QoQ,0.01740356503157754,0.7515900476049605
Model 1,13,ROE_last1,0.01651423299848253,0.768104280603443
Model 1,14,ROA_last1,0.015587673673169208,0.7836919542766122
Model 1,15,EPS_last1,0.015476214718765865,0.799168168995378
Model 1,16,QuarterlyReturn_Lag3,0.015327743943560013,0.814495912938938
Model 1,17,IXIC_QoQ,0.01371568000013962,0.8282115929390776
Model 1,18,FnG_QoQ_Lag2,0.012367149644231284,0.8405787425833089
Model 1,19,ClosingPrice_cur,0.011411759014433828,0.8519905015977427
Model 1,20,VIX_QoQ_Lag2,0.010489993286323916,0.8624804948840666
Model 1,1,Spread_cur,0.3520610214650747,0.3520610214650747
Model 1,2,TradingTurnover_cur,0.06534577743461507,0.41740679889968973
Model 1,3,TradingVolume_cur,0.058168260966763495,0.4755750598664532
Model 1,4,QuarterlyReturn_Lag1,0.05691289553697033,0.5324879554034235
Model 1,5,TradingMoney_cur,0.05083732843460698,0.5833252838380305
Model 1,6,Last3mCumulativeRevenue_last1,0.036549200731269334,0.6198744845692998
Model 1,7,SOX_QoQ,0.03572034863360631,0.6555948332029061
Model 1,8,VIX_QoQ,0.025581764968343204,0.6811765981712493
Model 1,9,Last3mCumulativeRevenueGrowthRate_last1,0.019521205398411408,0.7006978035696607
Model 1,10,SP500_QoQ,0.017360559316028857,0.7180583628856896
Model 1,11,ROE_last1,0.017330058612717632,0.7353884214984072
Model 1,12,QuarterlyReturn_Lag2,0.017297442849221436,0.7526858643476286
Model 1,13,DJIA_QoQ,0.016790377920756015,0.7694762422683846
Model 1,14,ROA_last1,0.01551115214117895,0.7849873944095636
Model 1,15,EPS_last1,0.015496228315019484,0.8004836227245831
Model 1,16,QuarterlyReturn_Lag3,0.015291361359737785,0.8157749840843208
Model 1,17,IXIC_QoQ,0.01367545159892679,0.8294504356832476
Model 1,18,ClosingPrice_cur,0.01136311219665833,0.8408135478799059
Model 1,19,FnG_QoQ_Lag2,0.011018400454373852,0.8518319483342798
Model 1,20,VIX_QoQ_Lag2,0.010102298478479162,0.861934246812759
Model 1,1,Spread_cur,0.2722782622225218,0.2722782622225218
Model 1,2,TradingTurnover_cur,0.05994457643867508,0.3322228386611969
Model 1,3,QuarterlyReturn_Lag1,0.05819849481255207,0.39042133347374897
Model 1,4,TradingMoney_cur,0.05672954343358404,0.447150876907333
Model 1,5,TradingVolume_cur,0.0547806378862642,0.5019315147935972
Model 1,6,Last3mCumulativeRevenue_last1,0.04518524163091428,0.5471167564245115
Model 1,7,ROE_last1,0.03619395106528032,0.5833107074897919
Model 1,8,QuarterlyReturn_Lag3,0.031033030792255965,0.6143437382820478
Model 1,9,Last3mCumulativeRevenueGrowthRate_last1,0.02980936253757409,0.6441531008196218
Model 1,10,EPS_last1,0.0284363587721111,0.672589459591733
Model 1,11,QuarterlyReturn_Lag2,0.02725594088788812,0.6998454004796211
Model 1,12,SOX_QoQ,0.026747980980588865,0.7265933814602099
Model 1,13,ROA_last1,0.02410707327302615,0.7507004547332361
Model 1,14,ClosingPrice_cur,0.022229998393415617,0.7729304531266518
Model 1,15,GrossMargin_last1,0.019651287355132524,0.7925817404817843
Model 1,16,VIX_QoQ,0.01942443049867785,0.8120061709804621
Model 1,17,SP500_QoQ,0.01171986307860275,0.8237260340590649
Model 1,18,DJIA_QoQ,0.010937826736390039,0.8346638607954548
Model 1,19,IXIC_QoQ,0.009981437387912549,0.8446452981833674
Model 1,20,FnG_QoQ_Lag2,0.008940665560296763,0.8535859637436641
Model 1,1,Spread_cur,0.27240593252267836,0.27240593252267836
Model 1,2,TradingTurnover_cur,0.060988764244348036,0.3333946967670264
Model 1,3,QuarterlyReturn_Lag1,0.06009366027870352,0.3934883570457299
Model 1,4,TradingVolume_cur,0.05834739207631225,0.4518357491220421
Model 1,5,TradingMoney_cur,0.055016781016659126,0.5068525301387012
Model 1,6,Last3mCumulativeRevenue_last1,0.042946726990865436,0.5497992571295667
Model 1,7,ROE_last1,0.03448221323686685,0.5842814703664335
Model 1,8,QuarterlyReturn_Lag3,0.03021736123676397,0.6144988316031975
Model 1,9,Last3mCumulativeRevenueGrowthRate_last1,0.03012897769152543,0.644627809294723
Model 1,10,ROA_last1,0.02786081207332755,0.6724886213680505
Model 1,11,EPS_last1,0.02767496286696646,0.700163584235017
Model 1,12,QuarterlyReturn_Lag2,0.0275719783325018,0.7277355625675188
Model 1,13,SOX_QoQ,0.023774471136380315,0.7515100337038991
Model 1,14,ClosingPrice_cur,0.022775553456975257,0.7742855871608744
Model 1,15,GrossMargin_last1,0.019131136756470785,0.7934167239173452
Model 1,16,VIX_QoQ,0.01777075756413282,0.811187481481478
Model 1,17,DJIA_QoQ,0.01382995291309806,0.8250174343945761
Model 1,18,SP500_QoQ,0.01328217155811237,0.8382996059526885
Model 1,19,IXIC_QoQ,0.00955770046468204,0.8478573064173706
Model 1,20,FnG_QoQ_Lag2,0.009461072958679569,0.8573183793760502
Model 1,1,Spread_cur,0.2762266550806605,0.2762266550806605
Model 1,2,TradingTurnover_cur,0.06143226262136165,0.33765891770202217
Model 1,3,QuarterlyReturn_Lag1,0.05842013645797441,0.39607905415999656
Model 1,4,TradingVolume_cur,0.05714696265127829,0.45322601681127483
Model 1,5,TradingMoney_cur,0.05603619468929745,0.5092622115005723
Model 1,6,Last3mCumulativeRevenue_last1,0.0422645975926606,0.5515268090932328
Model 1,7,ROE_last1,0.03441655035474293,0.5859433594479757
Model 1,8,Last3mCumulativeRevenueGrowthRate_last1,0.030263493005234184,0.6162068524532099
Model 1,9,QuarterlyReturn_Lag3,0.02962419634370937,0.6458310487969193
Model 1,10,QuarterlyReturn_Lag2,0.027881514080668027,0.6737125628775874
Model 1,11,ROA_last1,0.027823854248190144,0.7015364171257775
Model 1,12,EPS_last1,0.027404829912528284,0.7289412470383058
Model 1,13,SOX_QoQ,0.024303654186129463,0.7532449012244352
Model 1,14,ClosingPrice_cur,0.022622810121177356,0.7758677113456126
Model 1,15,GrossMargin_last1,0.01948964110361537,0.795357352449228
Model 1,16,VIX_QoQ,0.017854271092191256,0.8132116235414193
Model 1,17,DJIA_QoQ,0.013205017314225064,0.8264166408556444
Model 1,18,SP500_QoQ,0.013035736545571237,0.8394523774012156
Model 1,19,IXIC_QoQ,0.009756929163954906,0.8492093065651705
Model 1,20,FnG_QoQ_Lag2,0.009078823577597966,0.8582881301427684
Model 1,1,Spread_cur,0.28041846759239153,0.28041846759239153
Model 1,2,QuarterlyReturn_Lag1,0.06567726733241089,0.3460957349248024
Model 1,3,TradingVolume_cur,0.06492015854707084,0.41101589347187323
Model 1,4,TradingMoney_cur,0.05753912264906609,0.4685550161209393
Model 1,5,TradingTurnover_cur,0.05659013972914217,0.5251451558500815
Model 1,6,Last3mCumulativeRevenue_last1,0.039345034689235704,0.5644901905393171
Model 1,7,SOX_QoQ,0.030725194243169985,0.5952153847824871
Model 1,8,ROE_last1,0.02929125580361884,0.6245066405861059
Model 1,9,EPS_last1,0.027174562721206313,0.6516812033073123
Model 1,10,Last3mCumulativeRevenueGrowthRate_last1,0.02683353188610426,0.6785147351934165
Model 1,11,QuarterlyReturn_Lag3,0.023480760377925017,0.7019954955713416
Model 1,12,VIX_QoQ,0.021531266540798708,0.7235267621121403
Model 1,13,ROA_last1,0.02125083220446235,0.7447775943166026
Model 1,14,QuarterlyReturn_Lag2,0.02081933911124176,0.7655969334278444
Model 1,15,ClosingPrice_cur,0.018351057333945913,0.7839479907617903
Model 1,16,GrossMargin_last1,0.016587257294414307,0.8005352480562047
Model 1,17,SP500_QoQ,0.013881784327434577,0.8144170323836393
Model 1,18,IXIC_QoQ,0.012840519597337797,0.8272575519809771
Model 1,19,DJIA_QoQ,0.012398957075205134,0.8396565090561822
Model 1,20,VIX_QoQ_Lag2,0.010165316740208534,0.8498218257963907
Model 1,1,Spread_cur,0.29909545809508087,0.29909545809508087
Model 1,2,TradingVolume_cur,0.062322366611372464,0.36141782470645334
Model 1,3,QuarterlyReturn_Lag1,0.061768619178693016,0.42318644388514637
Model 1,4,TradingTurnover_cur,0.060154516055390496,0.4833409599405369
Model 1,5,TradingMoney_cur,0.053729771119679456,0.5370707310602163
Model 1,6,Last3mCumulativeRevenue_last1,0.037539428232457164,0.5746101592926735
Model 1,7,ROE_last1,0.027943586234504905,0.6025537455271783
Model 1,8,SOX_QoQ,0.026444257189250486,0.6289980027164288
Model 1,9,Last3mCumulativeRevenueGrowthRate_last1,0.02555154561551655,0.6545495483319453
Model 1,10,EPS_last1,0.023485084973172334,0.6780346333051177
Model 1,11,QuarterlyReturn_Lag3,0.021798008301955572,0.6998326416070733
Model 1,12,QuarterlyReturn_Lag2,0.021535452999495833,0.7213680946065691
Model 1,13,ROA_last1,0.02139312744830652,0.7427612220548757
Model 1,14,VIX_QoQ,0.020320777774347702,0.7630819998292234
Model 1,15,ClosingPrice_cur,0.0181819004173382,0.7812639002465617
Model 1,16,DJIA_QoQ,0.01564056076687488,0.7969044610134366
Model 1,17,GrossMargin_last1,0.015529373397042764,0.8124338344104793
Model 1,18,SP500_QoQ,0.01498775948865174,0.8274215938991311
Model 1,19,IXIC_QoQ,0.012597613043608335,0.8400192069427393
Model 1,20,FnG_QoQ_Lag2,0.009548067964488068,0.8495672749072274
Model 1,1,Spread_cur,0.3008194302563448,0.3008194302563448
Model 1,2,TradingTurnover_cur,0.06144519027801677,0.36226462053436154
Model 1,3,QuarterlyReturn_Lag1,0.06077992073937971,0.42304454127374125
Model 1,4,TradingVolume_cur,0.06016280871600316,0.4832073499897444
Model 1,5,TradingMoney_cur,0.05503708736904947,0.5382444373587939
Model 1,6,Last3mCumulativeRevenue_last1,0.0384642437199321,0.576708681078726
Model 1,7,ROE_last1,0.027181300755699737,0.6038899818344257
Model 1,8,SOX_QoQ,0.026499349319760255,0.6303893311541859
Model 1,9,Last3mCumulativeRevenueGrowthRate_last1,0.025787268867980283,0.6561766000221663
Model 1,10,QuarterlyReturn_Lag2,0.022199607711435795,0.6783762077336021
Model 1,11,EPS_last1,0.022125124515312518,0.7005013322489146
Model 1,12,QuarterlyReturn_Lag3,0.02164047046251926,0.7221418027114339
Model 1,13,ROA_last1,0.021128306641640306,0.7432701093530742
Model 1,14,VIX_QoQ,0.0205825201310675,0.7638526294841418
Model 1,15,ClosingPrice_cur,0.017896615744607196,0.781749245228749
Model 1,16,GrossMargin_last1,0.015037880851164328,0.7967871260799133
Model 1,17,DJIA_QoQ,0.015016846101241297,0.8118039721811546
Model 1,18,SP500_QoQ,0.014941906957373954,0.8267458791385286
Model 1,19,IXIC_QoQ,0.011987016952461415,0.83873289609099
Model 1,20,FnG_QoQ_Lag2,0.00970568279696462,0.8484385788879546
Model 1,1,Spread_cur,0.3040792912753433,0.3040792912753433
Model 1,2,TradingTurnover_cur,0.0693932252704913,0.3734725165458346
Model 1,3,QuarterlyReturn_Lag1,0.0635965866024626,0.43706910314829717
Model 1,4,TradingVolume_cur,0.060396372653573054,0.4974654758018702
Model 1,5,TradingMoney_cur,0.05618818542407214,0.5536536612259424
Model 1,6,Last3mCumulativeRevenue_last1,0.03503833763543488,0.5886919988613772
Model 1,7,SOX_QoQ,0.03493767094059359,0.6236296698019709
Model 1,8,Last3mCumulativeRevenueGrowthRate_last1,0.026846940646031003,0.6504766104480019
Model 1,9,VIX_QoQ,0.024613438782046318,0.6750900492300482
Model 1,10,ROE_last1,0.018876880307477136,0.6939669295375254
Model 1,11,EPS_last1,0.01825254365839752,0.7122194731959229
Model 1,12,QuarterlyReturn_Lag2,0.01709302341527254,0.7293124966111955
Model 1,13,SP500_QoQ,0.015561227121174404,0.7448737237323698
Model 1,14,QuarterlyReturn_Lag3,0.015094988071316788,0.7599687118036866
Model 1,15,ROA_last1,0.01475686667235755,0.7747255784760442
Model 1,16,IXIC_QoQ,0.014700950311703476,0.7894265287877477
Model 1,17,DJIA_QoQ,0.014573341368122068,0.8039998701558697
Model 1,18,ClosingPrice_cur,0.013941988690751233,0.817941858846621
Model 1,19,VIX_QoQ_Lag2,0.011865676592950508,0.8298075354395714
Model 1,20,FnG_QoQ_Lag2,0.0104125851646245,0.8402201206041959
Model 1,1,Spread_cur,0.3115990342554906,0.3115990342554906
Model 1,2,TradingTurnover_cur,0.06828385527846319,0.3798828895339538
Model 1,3,TradingVolume_cur,0.06278884314335499,0.4426717326773088
Model 1,4,QuarterlyReturn_Lag1,0.061600561666327415,0.5042722943436362
Model 1,5,TradingMoney_cur,0.055394356444103156,0.5596666507877394
Model 1,6,Last3mCumulativeRevenue_last1,0.03527846219359954,0.5949451129813389
Model 1,7,SOX_QoQ,0.02829186936926625,0.6232369823506051
Model 1,8,VIX_QoQ,0.024261544401323797,0.6474985267519289
Model 1,9,Last3mCumulativeRevenueGrowthRate_last1,0.023774373071424104,0.671272899823353
Model 1,10,DJIA_QoQ,0.01857243164378257,0.6898453314671356
Model 1,11,ROE_last1,0.018473047178268014,0.7083183786454036
Model 1,12,EPS_last1,0.01836745121016681,0.7266858298555704
Model 1,13,QuarterlyReturn_Lag2,0.01697019366011907,0.7436560235156895
Model 1,14,SP500_QoQ,0.01645903494395159,0.7601150584596411
Model 1,15,QuarterlyReturn_Lag3,0.01566901945274095,0.775784077912382
Model 1,16,ROA_last1,0.015315837834610942,0.791099915746993
Model 1,17,IXIC_QoQ,0.014480673768097805,0.8055805895150908
Model 1,18,ClosingPrice_cur,0.013865679495705099,0.8194462690107959
Model 1,19,FnG_QoQ_Lag2,0.011719092875079103,0.831165361885875
Model 1,20,VIX_QoQ_Lag2,0.011077003031968454,0.8422423649178434
Model 1,1,Spread_cur,0.32065279919773265,0.32065279919773265
Model 1,2,TradingTurnover_cur,0.06789305228138656,0.38854585147911924
Model 1,3,TradingVolume_cur,0.06063123188926171,0.44917708336838097
Model 1,4,QuarterlyReturn_Lag1,0.05999348354232921,0.5091705669107102
Model 1,5,TradingMoney_cur,0.05431269199074416,0.5634832589014543
Model 1,6,Last3mCumulativeRevenue_last1,0.03457565758138607,0.5980589164828404
Model 1,7,SOX_QoQ,0.029642739185558112,0.6277016556683985
Model 1,8,VIX_QoQ,0.024404066273328657,0.6521057219417272
Model 1,9,Last3mCumulativeRevenueGrowthRate_last1,0.022475048018738925,0.6745807699604661
Model 1,10,ROE_last1,0.018065914318431145,0.6926466842788973
Model 1,11,DJIA_QoQ,0.017914316675971684,0.710561000954869
Model 1,12,EPS_last1,0.017170824565379064,0.7277318255202481
Model 1,13,QuarterlyReturn_Lag2,0.016967122604410984,0.7446989481246591
Model 1,14,ROA_last1,0.01601020200632954,0.7607091501309886
Model 1,15,QuarterlyReturn_Lag3,0.01587205791311352,0.7765812080441021
Model 1,16,SP500_QoQ,0.015702352542522603,0.7922835605866247
Model 1,17,IXIC_QoQ,0.014152071983901277,0.806435632570526
Model 1,18,ClosingPrice_cur,0.013418881992689882,0.8198545145632159
Model 1,19,FnG_QoQ_Lag2,0.011611737299561496,0.8314662518627773
Model 1,20,VIX_QoQ_Lag2,0.01112754926509266,0.84259380112787
Model 1,1,Spread_cur,0.4598098342013607,0.4598098342013607
Model 1,2,SOX_QoQ,0.08522374952711242,0.5450335837284731
Model 1,3,QuarterlyReturn_Lag1,0.05378595207103285,0.598819535799506
Model 1,4,QuarterlyReturn_Lag3,0.05339078525129084,0.6522103210507968
Model 1,5,QuarterlyReturn_Lag2,0.041342753564775264,0.693553074615572
Model 1,6,ROE_last1,0.02969397220893982,0.7232470468245118
Model 1,7,EPS_last1,0.026751960943592838,0.7499990077681047
Model 1,8,TradingVolume_cur,0.02631383454800549,0.7763128423161102
Model 1,9,Last3mCumulativeRevenueGrowthRate_last1,0.01870173651922838,0.7950145788353385
Model 1,10,Last3mCumulativeRevenue_last1,0.01722564518301446,0.812240224018353
Model 1,11,ROA_last1,0.016987624584614665,0.8292278486029677
Model 1,12,TradingTurnover_cur,0.01656315432787673,0.8457910029308444
Model 1,13,ClosingPrice_cur,0.01625499065930727,0.8620459935901517
Model 1,14,TradingMoney_cur,0.015973255695777122,0.8780192492859288
Model 1,15,GrossMargin_last1,0.013864095258114046,0.8918833445440428
Model 1,16,VIX_QoQ,0.013212527744406113,0.9050958722884489
Model 1,17,FnG_QoQ,0.009011710197027277,0.9141075824854762
Model 1,18,FnG_QoQ_Lag3,0.008497068985334021,0.9226046514708102
Model 1,19,RediscountRate_QoQ_Lag3_last1,0.008447173984225627,0.9310518254550358
Model 1,20,FnG_QoQ_Lag2,0.005839760757046213,0.936891586212082
Model 1,1,Spread_cur,0.4609975667647588,0.4609975667647588
Model 1,2,SOX_QoQ,0.0846661245468993,0.545663691311658
Model 1,3,QuarterlyReturn_Lag1,0.054364269684571476,0.6000279609962296
Model 1,4,QuarterlyReturn_Lag3,0.051171530264708734,0.6511994912609383
Model 1,5,QuarterlyReturn_Lag2,0.0407251355038248,0.6919246267647632
Model 1,6,ROE_last1,0.027735920430872103,0.7196605471956353
Model 1,7,EPS_last1,0.026265085818684267,0.7459256330143196
Model 1,8,TradingVolume_cur,0.026223726841515305,0.7721493598558349
Model 1,9,Last3mCumulativeRevenueGrowthRate_last1,0.018523685242270264,0.7906730450981051
Model 1,10,Last3mCumulativeRevenue_last1,0.017450199982062247,0.8081232450801673
Model 1,11,TradingTurnover_cur,0.017414544850032226,0.8255377899301996
Model 1,12,TradingMoney_cur,0.017260932541822954,0.8427987224720225
Model 1,13,ClosingPrice_cur,0.01669041000867823,0.8594891324807007
Model 1,14,ROA_last1,0.016427082766112405,0.8759162152468131
Model 1,15,GrossMargin_last1,0.013803440898430046,0.8897196561452431
Model 1,16,VIX_QoQ,0.013405976976891014,0.9031256331221341
Model 1,17,FnG_QoQ,0.009907299884008233,0.9130329330061423
Model 1,18,RediscountRate_QoQ_Lag3_last1,0.00819668365638444,0.9212296166625268
Model 1,19,FnG_QoQ_Lag3,0.007972683324647333,0.9292022999871741
Model 1,20,TotalUnempPct_QoQ_Lag3_last1,0.006431638320544221,0.9356339383077183
Model 1,1,Spread_cur,0.461644634399125,0.461644634399125
Model 1,2,SOX_QoQ,0.08449178135248171,0.5461364157516068
Model 1,3,QuarterlyReturn_Lag1,0.05420471408483554,0.6003411298364423
Model 1,4,QuarterlyReturn_Lag3,0.05024646540984363,0.650587595246286
Model 1,5,QuarterlyReturn_Lag2,0.04074684565590885,0.6913344409021948
Model 1,6,ROE_last1,0.02799552013811573,0.7193299610403104
Model 1,7,TradingVolume_cur,0.02668030756353214,0.7460102686038426
Model 1,8,EPS_last1,0.02569831246396916,0.7717085810678117
Model 1,9,Last3mCumulativeRevenueGrowthRate_last1,0.01873252655869217,0.7904411076265039
Model 1,10,TradingMoney_cur,0.017674995546153767,0.8081161031726577
Model 1,11,TradingTurnover_cur,0.017494233102209898,0.8256103362748676
Model 1,12,Last3mCumulativeRevenue_last1,0.01736603068315926,0.8429763669580268
Model 1,13,ClosingPrice_cur,0.016739101176746474,0.8597154681347733
Model 1,14,ROA_last1,0.016057512066763566,0.8757729802015368
Model 1,15,GrossMargin_last1,0.013762575221437456,0.8895355554229742
Model 1,16,VIX_QoQ,0.013297809778042947,0.9028333652010172
Model 1,17,FnG_QoQ,0.009924662095943362,0.9127580272969605
Model 1,18,RediscountRate_QoQ_Lag3_last1,0.008478269707748762,0.9212362970047093
Model 1,19,FnG_QoQ_Lag3,0.007936801112052952,0.9291730981167623
Model 1,20,TotalUnempPct_QoQ_Lag3_last1,0.006482377170251516,0.9356554752870138
Model 1,1,Spread_cur,0.511120543206176,0.511120543206176
Model 1,2,SOX_QoQ,0.09633134308836479,0.6074518862945407
Model 1,3,QuarterlyReturn_Lag1,0.04689893193101852,0.6543508182255593
Model 1,4,QuarterlyReturn_Lag2,0.03935653846488023,0.6937073566904395
Model 1,5,ROE_last1,0.03207647537296252,0.725783832063402
Model 1,6,QuarterlyReturn_Lag3,0.026728576546425676,0.7525124086098277
Model 1,7,EPS_last1,0.02281316574851072,0.7753255743583384
Model 1,8,TradingVolume_cur,0.021094020729072363,0.7964195950874108
Model 1,9,Last3mCumulativeRevenueGrowthRate_last1,0.015464099222178057,0.8118836943095888
Model 1,10,TradingTurnover_cur,0.014794554583390622,0.8266782488929795
Model 1,11,VIX_QoQ,0.014455995054118294,0.8411342439470978
Model 1,12,Last3mCumulativeRevenue_last1,0.013871103074785956,0.8550053470218838
Model 1,13,ROA_last1,0.01332995231773565,0.8683352993396194
Model 1,14,ClosingPrice_cur,0.013284744794203843,0.8816200441338232
Model 1,15,TradingMoney_cur,0.012616734706433909,0.8942367788402571
Model 1,16,GrossMargin_last1,0.010019390747977136,0.9042561695882342
Model 1,17,RediscountRate_QoQ_Lag3_last1,0.009262156155347305,0.9135183257435815
Model 1,18,FnG_QoQ,0.008691249211983235,0.9222095749555648
Model 1,19,TotalUnempPct_QoQ_Lag3_last1,0.006717178641946931,0.9289267535975118
Model 1,20,FnG_QoQ_Lag2,0.0059292464934567,0.9348560000909685
Model 1,1,Spread_cur,0.5115442329331055,0.5115442329331055
Model 1,2,SOX_QoQ,0.0956945571052465,0.607238790038352
Model 1,3,QuarterlyReturn_Lag1,0.047193599410229624,0.6544323894485816
Model 1,4,QuarterlyReturn_Lag2,0.0387005449386964,0.6931329343872781
Model 1,5,ROE_last1,0.027089902154225232,0.7202228365415033
Model 1,6,QuarterlyReturn_Lag3,0.02574611463078612,0.7459689511722895
Model 1,7,EPS_last1,0.023928308676429408,0.7698972598487188
Model 1,8,TradingVolume_cur,0.02190384399147833,0.7918011038401972
Model 1,9,Last3mCumulativeRevenueGrowthRate_last1,0.015066154684112829,0.8068672585243101
Model 1,10,VIX_QoQ,0.014542138686711328,0.8214093972110214
Model 1,11,TradingTurnover_cur,0.014273610600347804,0.8356830078113692
Model 1,12,Last3mCumulativeRevenue_last1,0.014005533771214577,0.8496885415825838
Model 1,13,ROA_last1,0.01391071449981394,0.8635992560823977
Model 1,14,ClosingPrice_cur,0.013540761821694645,0.8771400179040924
Model 1,15,TradingMoney_cur,0.013234024705959068,0.8903740426100514
Model 1,16,FnG_QoQ,0.010131052583472033,0.9005050951935234
Model 1,17,GrossMargin_last1,0.00967492125345769,0.9101800164469811
Model 1,18,RediscountRate_QoQ_Lag3_last1,0.009446898085275945,0.9196269145322571
Model 1,19,TotalUnempPct_QoQ_Lag3_last1,0.0069302105040047555,0.9265571250362619
Model 1,20,FnG_QoQ_Lag2,0.006028099413100894,0.9325852244493628
Model 1,1,Spread_cur,0.5121914441841066,0.5121914441841066
Model 1,2,SOX_QoQ,0.0953846271526932,0.6075760713367998
Model 1,3,QuarterlyReturn_Lag1,0.047451355910208125,0.6550274272470079
Model 1,4,QuarterlyReturn_Lag2,0.03860300200565605,0.6936304292526639
Model 1,5,ROE_last1,0.026345816633150842,0.7199762458858148
Model 1,6,QuarterlyReturn_Lag3,0.025720626187920793,0.7456968720737356
Model 1,7,EPS_last1,0.02410758442784889,0.7698044565015845
Model 1,8,TradingVolume_cur,0.022212575333913815,0.7920170318354983
Model 1,9,Last3mCumulativeRevenueGrowthRate_last1,0.015024270971627667,0.8070413028071259
Model 1,10,VIX_QoQ,0.01454199826705567,0.8215833010741816
Model 1,11,TradingTurnover_cur,0.014384955777998643,0.8359682568521802
Model 1,12,Last3mCumulativeRevenue_last1,0.014115860201182695,0.850084117053363
Model 1,13,ROA_last1,0.013509733233641243,0.8635938502870042
Model 1,14,TradingMoney_cur,0.013330334120209484,0.8769241844072136
Model 1,15,ClosingPrice_cur,0.013277180487378623,0.8902013648945922
Model 1,16,FnG_QoQ,0.01019723007145616,0.9003985949660483
Model 1,17,GrossMargin_last1,0.009599623479524083,0.9099982184455724
Model 1,18,RediscountRate_QoQ_Lag3_last1,0.009473595015181833,0.9194718134607542
Model 1,19,TotalUnempPct_QoQ_Lag3_last1,0.006903729182835332,0.9263755426435896
Model 1,20,FnG_QoQ_Lag2,0.006176641672677102,0.9325521843162666
Model 1,1,Spread_cur,0.5650825876216918,0.5650825876216918
Model 1,2,SOX_QoQ,0.11376597666492122,0.6788485642866131
Model 1,3,QuarterlyReturn_Lag1,0.039747599695772504,0.7185961639823856
Model 1,4,QuarterlyReturn_Lag2,0.034831811328779376,0.7534279753111649
Model 1,5,QuarterlyReturn_Lag3,0.01864030702345,0.7720682823346149
Model 1,6,TradingVolume_cur,0.01852873940973213,0.790597021744347
Model 1,7,EPS_last1,0.01785351896316681,0.8084505407075138
Model 1,8,VIX_QoQ,0.015254408476867556,0.8237049491843813
Model 1,9,ROE_last1,0.012787005496407024,0.8364919546807883
Model 1,10,Last3mCumulativeRevenueGrowthRate_last1,0.011983024129806953,0.8484749788105953
Model 1,11,ROA_last1,0.011227721039401863,0.8597026998499971
Model 1,12,RediscountRate_QoQ_Lag3_last1,0.01060810891010981,0.8703108087601069
Model 1,13,TradingTurnover_cur,0.01023510530666092,0.8805459140667679
Model 1,14,Last3mCumulativeRevenue_last1,0.010225288939056432,0.8907712030058242
Model 1,15,ClosingPrice_cur,0.010152234312602182,0.9009234373184264
Model 1,16,TradingMoney_cur,0.008136251696128307,0.9090596890145547
Model 1,17,TotalUnempPct_QoQ_Lag3_last1,0.007944278443176552,0.9170039674577313
Model 1,18,FnG_QoQ,0.007313756978045727,0.924317724435777
Model 1,19,GrossMargin_last1,0.005961170722357972,0.930278895158135
Model 1,20,IXIC_QoQ_Lag1,0.0056422924510051795,0.9359211876091402
Model 1,1,Spread_cur,0.5658917825163156,0.5658917825163156
Model 1,2,SOX_QoQ,0.11405541402017552,0.679947196536491
Model 1,3,QuarterlyReturn_Lag1,0.04004813306963171,0.7199953296061228
Model 1,4,QuarterlyReturn_Lag2,0.034531931268819864,0.7545272608749426
Model 1,5,QuarterlyReturn_Lag3,0.019045942920538197,0.7735732037954808
Model 1,6,EPS_last1,0.01809147091332801,0.7916646747088087
Model 1,7,TradingVolume_cur,0.01806374027535708,0.8097284149841658
Model 1,8,VIX_QoQ,0.015613346755171434,0.8253417617393373
Model 1,9,Last3mCumulativeRevenueGrowthRate_last1,0.011912133880644334,0.8372538956199816
Model 1,10,ROE_last1,0.011487789904037583,0.8487416855240192
Model 1,11,Last3mCumulativeRevenue_last1,0.01074012562848309,0.8594818111525023
Model 1,12,RediscountRate_QoQ_Lag3_last1,0.010547668285204906,0.8700294794377073
Model 1,13,TradingTurnover_cur,0.010295858435919897,0.8803253378736271
Model 1,14,ClosingPrice_cur,0.010033717147505047,0.8903590550211321
Model 1,15,ROA_last1,0.009479589445213276,0.8998386444663454
Model 1,16,TradingMoney_cur,0.008716377197725486,0.9085550216640709
Model 1,17,FnG_QoQ,0.008668198220676672,0.9172232198847475
Model 1,18,TotalUnempPct_QoQ_Lag3_last1,0.008040685364007037,0.9252639052487546
Model 1,19,GrossMargin_last1,0.005961559251700694,0.9312254645004553
Model 1,20,DJIA_QoQ,0.005829072442789525,0.9370545369432448
Model 1,1,Spread_cur,0.566538809982347,0.566538809982347
Model 1,2,SOX_QoQ,0.11316997154399835,0.6797087815263453
Model 1,3,QuarterlyReturn_Lag1,0.040203321050111505,0.7199121025764568
Model 1,4,QuarterlyReturn_Lag2,0.03418841688145361,0.7541005194579103
Model 1,5,QuarterlyReturn_Lag3,0.018739809016872448,0.7728403284747828
Model 1,6,TradingVolume_cur,0.018420975112644473,0.7912613035874273
Model 1,7,EPS_last1,0.01752928250464385,0.8087905860920711
Model 1,8,VIX_QoQ,0.015927619290949595,0.8247182053830207
Model 1,9,Last3mCumulativeRevenueGrowthRate_last1,0.011685754516153307,0.8364039598991739
Model 1,10,ROE_last1,0.011673438213355675,0.8480773981125296
Model 1,11,Last3mCumulativeRevenue_last1,0.010969490859907435,0.859046888972437
Model 1,12,RediscountRate_QoQ_Lag3_last1,0.01060012360655209,0.869647012578989
Model 1,13,TradingTurnover_cur,0.010337489461950152,0.8799845020409391
Model 1,14,ClosingPrice_cur,0.009894739149386713,0.8898792411903259
Model 1,15,ROA_last1,0.009636955215751673,0.8995161964060776
Model 1,16,TradingMoney_cur,0.00906270095764476,0.9085788973637223
Model 1,17,FnG_QoQ,0.008518395137145812,0.9170972925008681
Model 1,18,TotalUnempPct_QoQ_Lag3_last1,0.008359884563042895,0.9254571770639111
Model 1,19,GrossMargin_last1,0.0059992059803383015,0.9314563830442494
Model 1,20,DJIA_QoQ,0.005716413817042679,0.9371727968612921
Model 1,1,Spread_cur,0.2320384830236435,0.2320384830236435
Model 1,2,QuarterlyReturn_Lag1,0.13555532693862915,0.36759382486343384
Model 1,3,FnG_QoQ_Lag3,0.08766883611679077,0.4552626609802246
Model 1,4,SOX_QoQ,0.07455598562955856,0.5298186540603638
Model 1,5,QuarterlyReturn_Lag3,0.0711393654346466,0.600957989692688
Model 1,6,SP500_QoQ,0.06736709177494049,0.6683250665664673
Model 1,7,EPS_last1,0.058953505009412766,0.7272785902023315
Model 1,8,VIX_QoQ,0.058794643729925156,0.7860732078552246
Model 1,9,DJIA_QoQ,0.047428324818611145,0.8335015177726746
Model 1,10,FnG_QoQ,0.0381515808403492,0.8716530799865723
Model 1,11,FnG_QoQ_Lag2,0.03171611577272415,0.9033691883087158
Model 1,12,TotalUnempPct_QoQ_Lag3_last1,0.024085862562060356,0.9274550676345825
Model 1,13,TradingTurnover_cur,0.019240325316786766,0.9466953873634338
Model 1,14,TradingVolume_cur,0.01916806399822235,0.9658634662628174
Model 1,15,ClosingPrice_cur,0.01913967728614807,0.9850031137466431
Model 1,16,OverallIndex_last1,0.012067672796547413,0.9970707893371582
Model 1,17,QuarterlyReturn_Lag2,0.0029291247483342886,0.9999999403953552
Model 1,18,ESG_climate_related_issues_management_last1,0.0,0.9999999403953552
Model 1,19,ESG_investor_communication_last1,0.0,0.9999999403953552
Model 1,20,ESG_occupational_health_and_safety_last1,0.0,0.9999999403953552
Model 1,1,Spread_cur,0.1326148360967636,0.1326148360967636
Model 1,2,QuarterlyReturn_Lag1,0.07479836046695709,0.2074131965637207
Model 1,3,FnG_QoQ_Lag3,0.06287524849176407,0.2702884376049042
Model 1,4,SOX_QoQ,0.05347268283367157,0.32376110553741455
Model 1,5,QuarterlyReturn_Lag3,0.050850506871938705,0.37461161613464355
Model 1,6,VIX_QoQ,0.038856297731399536,0.4134679138660431
Model 1,7,DJIA_QoQ,0.03586820885539055,0.44933611154556274
Model 1,8,SP500_QoQ,0.03497033566236496,0.4843064546585083
Model 1,9,IXIC_QoQ_Lag1,0.03197883814573288,0.5162853002548218
Model 1,10,EPS_last1,0.031174195930361748,0.5474594831466675
Model 1,11,RediscountRate_QoQ_Lag3_last1,0.030399160459637642,0.5778586268424988
Model 1,12,FnG_QoQ,0.029265087097883224,0.6071237325668335
Model 1,13,TradingVolume_cur,0.027107715606689453,0.634231448173523
Model 1,14,SOX_QoQ_Lag1,0.026807798072695732,0.6610392332077026
Model 1,15,OverallIndex_QoQ_Lag2_last1,0.026434121653437614,0.6874733567237854
Model 1,16,RediscountRate_QoQ_Lag2_last1,0.026233462616801262,0.7137067914009094
Model 1,17,TradingTurnover_cur,0.024674808606505394,0.7383816242218018
Model 1,18,TradingMoney_cur,0.0202323067933321,0.7586139440536499
Model 1,19,TotalUnempPct_QoQ_Lag3_last1,0.020213671028614044,0.7788276076316833
Model 1,20,ROE_last1,0.019276395440101624,0.7981039881706238
Model 1,1,Spread_cur,0.10776062309741974,0.10776062309741974
Model 1,2,SOX_QoQ,0.06155704706907272,0.16931766271591187
Model 1,3,FnG_QoQ_Lag3,0.058260176330804825,0.2275778353214264
Model 1,4,QuarterlyReturn_Lag1,0.05480699986219406,0.28238484263420105
Model 1,5,QuarterlyReturn_Lag3,0.05102407932281494,0.333408921957016
Model 1,6,VIX_QoQ,0.042582932859659195,0.3759918510913849
Model 1,7,DJIA_QoQ,0.039676908403635025,0.4156687557697296
Model 1,8,RediscountRate_QoQ_Lag2_last1,0.031438834965229034,0.44710758328437805
Model 1,9,IXIC_QoQ_Lag1,0.030902089551091194,0.4780096709728241
Model 1,10,RediscountRate_QoQ_Lag3_last1,0.02998567931354046,0.5079953670501709
Model 1,11,SOX_QoQ_Lag1,0.027506541460752487,0.5355018973350525
Model 1,12,EPS_last1,0.024807019159197807,0.5603089332580566
Model 1,13,TradingTurnover_cur,0.02411457523703575,0.5844234824180603
Model 1,14,OverallIndex_QoQ_Lag2_last1,0.023732304573059082,0.6081557869911194
Model 1,15,TradingVolume_cur,0.023226000368595123,0.6313818097114563
Model 1,16,FnG_QoQ,0.022661631926894188,0.654043436050415
Model 1,17,VIX_QoQ_Lag1,0.022203348577022552,0.6762467622756958
Model 1,18,SP500_QoQ,0.02027757652103901,0.6965243220329285
Model 1,19,OverallIndex_QoQ_Lag3_last1,0.01695851795375347,0.7134828567504883
Model 1,20,TradingMoney_cur,0.01692119613289833,0.7304040789604187
Model 1,1,Spread_cur,0.18626150488853455,0.18626150488853455
Model 1,2,FnG_QoQ_Lag3,0.08975474536418915,0.2760162353515625
Model 1,3,SOX_QoQ,0.059630006551742554,0.33564624190330505
Model 1,4,RediscountRate_QoQ_Lag3_last1,0.04823719337582588,0.38388344645500183
Model 1,5,QuarterlyReturn_Lag1,0.046678803861141205,0.43056225776672363
Model 1,6,SP500_QoQ,0.038193222135305405,0.46875548362731934
Model 1,7,QuarterlyReturn_Lag3,0.0358719639480114,0.5046274662017822
Model 1,8,RediscountRate_QoQ_Lag2_last1,0.035797957330942154,0.5404254198074341
Model 1,9,IXIC_QoQ_Lag1,0.029359105974435806,0.5697845220565796
Model 1,10,TradingTurnover_cur,0.023610331118106842,0.5933948755264282
Model 1,11,FnG_QoQ,0.02217242680490017,0.6155673265457153
Model 1,12,TotalUnempPct_last1,0.021921919658780098,0.6374892592430115
Model 1,13,VIX_QoQ,0.019634241238236427,0.6571235060691833
Model 1,14,IXIC_QoQ,0.019134996458888054,0.6762585043907166
Model 1,15,DJIA_QoQ,0.019085096195340157,0.6953436136245728
Model 1,16,SOX_QoQ_Lag1,0.018495259806513786,0.7138388752937317
Model 1,17,VIX_QoQ_Lag3,0.018099859356880188,0.7319387197494507
Model 1,18,TotalUnempPct_QoQ_Lag3_last1,0.01749691739678383,0.7494356632232666
Model 1,19,DJIA_QoQ_Lag1,0.01674140803515911,0.7661770582199097
Model 1,20,ROE_last1,0.015441067516803741,0.7816181182861328
Model 1,1,Spread_cur,0.13084039092063904,0.13084039092063904
Model 1,2,FnG_QoQ_Lag3,0.07510454952716827,0.2059449404478073
Model 1,3,SOX_QoQ,0.05988890305161476,0.26583385467529297
Model 1,4,RediscountRate_QoQ_Lag3_last1,0.046054236590862274,0.31188809871673584
Model 1,5,QuarterlyReturn_Lag1,0.03986050933599472,0.35174861550331116
Model 1,6,RediscountRate_QoQ_Lag2_last1,0.038233641535043716,0.3899822533130646
Model 1,7,IXIC_QoQ_Lag1,0.03359757363796234,0.4235798120498657
Model 1,8,QuarterlyReturn_Lag3,0.025261692702770233,0.44884151220321655
Model 1,9,TotalUnempPct_last1,0.025113925337791443,0.4739554524421692
Model 1,10,SP500_QoQ,0.02453867718577385,0.49849411845207214
Model 1,11,DJIA_QoQ,0.022623179480433464,0.5211172699928284
Model 1,12,VIX_QoQ,0.022252054885029793,0.5433693528175354
Model 1,13,FnG_QoQ,0.019840344786643982,0.5632097125053406
Model 1,14,DJIA_QoQ_Lag1,0.019415948539972305,0.582625687122345
Model 1,15,TradingTurnover_cur,0.019253132864832878,0.601878821849823
Model 1,16,TotalUnempPct_QoQ_Lag3_last1,0.01915038377046585,0.6210291981697083
Model 1,17,SOX_QoQ_Lag1,0.018171118572354317,0.6392003297805786
Model 1,18,TradingVolume_cur,0.01747509464621544,0.656675398349762
Model 1,19,QuarterlyReturn_Lag2,0.017183231189846992,0.673858642578125
Model 1,20,ROE_last1,0.015557834878563881,0.6894164681434631
Model 1,1,Spread_cur,0.0961446613073349,0.0961446613073349
Model 1,2,ESG_occupational_health_and_safety_last1,0.07474628835916519,0.1708909571170807
Model 1,3,SOX_QoQ,0.06517190486192703,0.23606285452842712
Model 1,4,FnG_QoQ_Lag3,0.05622437968850136,0.2922872304916382
Model 1,5,RediscountRate_QoQ_Lag3_last1,0.05162818729877472,0.3439154028892517
Model 1,6,IXIC_QoQ_Lag1,0.039025936275720596,0.382941335439682
Model 1,7,QuarterlyReturn_Lag1,0.03345382958650589,0.4163951575756073
Model 1,8,RediscountRate_QoQ_Lag2_last1,0.030623333528637886,0.44701850414276123
Model 1,9,TotalUnempPct_last1,0.023932993412017822,0.47095149755477905
Model 1,10,DJIA_QoQ,0.023009425029158592,0.4939609169960022
Model 1,11,TradingTurnover_cur,0.02298133634030819,0.5169422626495361
Model 1,12,VIX_QoQ,0.022885043174028397,0.539827287197113
Model 1,13,QuarterlyReturn_Lag3,0.021250365301966667,0.5610776543617249
Model 1,14,DJIA_QoQ_Lag1,0.02070484310388565,0.5817825198173523
Model 1,15,FnG_QoQ,0.01823345012962818,0.6000159978866577
Model 1,16,SOX_QoQ_Lag1,0.01771826297044754,0.6177342534065247
Model 1,17,OverallIndex_last1,0.01750963181257248,0.6352438926696777
Model 1,18,SP500_QoQ,0.016729779541492462,0.6519736647605896
Model 1,19,TradingVolume_cur,0.015844255685806274,0.6678179502487183
Model 1,20,QuarterlyReturn_Lag2,0.015594566240906715,0.683412492275238
Model 1,1,Spread_cur,0.1366255134344101,0.1366255134344101
Model 1,2,FnG_QoQ_Lag3,0.10373958200216293,0.24036508798599243
Model 1,3,ESG_occupational_health_and_safety_last1,0.09250175207853317,0.3328668475151062
Model 1,4,SOX_QoQ,0.06799851357936859,0.400865375995636
Model 1,5,RediscountRate_QoQ_Lag3_last1,0.06504295766353607,0.46590834856033325
Model 1,6,Quarter_4,0.04910799860954285,0.5150163173675537
Model 1,7,IXIC_QoQ_Lag1,0.035271383821964264,0.5502877235412598
Model 1,8,QuarterlyReturn_Lag1,0.023963145911693573,0.5742508769035339
Model 1,9,OverallIndex_QoQ_Lag3_last1,0.020580371841788292,0.5948312282562256
Model 1,10,FnG_QoQ,0.0187979843467474,0.6136292219161987
Model 1,11,TotalUnempPct_last1,0.018169889226555824,0.6317991018295288
Model 1,12,VIX_QoQ,0.01678422838449478,0.6485833525657654
Model 1,13,RediscountRate_QoQ_Lag2_last1,0.01568782702088356,0.6642711758613586
Model 1,14,OverallIndex_last1,0.015246199443936348,0.679517388343811
Model 1,15,SOX_QoQ_Lag1,0.014900587499141693,0.6944179534912109
Model 1,16,QuarterlyReturn_Lag3,0.014529936946928501,0.7089478969573975
Model 1,17,IXIC_QoQ,0.014199878089129925,0.7231477499008179
Model 1,18,TotalUnempPct_QoQ_Lag3_last1,0.013762696646153927,0.7369104623794556
Model 1,19,FnG_QoQ_Lag2,0.011510178446769714,0.7484206557273865
Model 1,20,DJIA_QoQ,0.011496958322823048,0.7599176168441772
Model 1,1,Spread_cur,0.1082778051495552,0.1082778051495552
Model 1,2,ESG_occupational_health_and_safety_last1,0.08704628050327301,0.1953240931034088
Model 1,3,RediscountRate_QoQ_Lag3_last1,0.08118913322687149,0.2765132188796997
Model 1,4,SOX_QoQ,0.06663121283054352,0.34314441680908203
Model 1,5,FnG_QoQ_Lag3,0.06345897167921066,0.4066033959388733
Model 1,6,Quarter_4,0.04820806533098221,0.4548114538192749
Model 1,7,IXIC_QoQ_Lag1,0.038310352712869644,0.49312180280685425
Model 1,8,QuarterlyReturn_Lag1,0.024123363196849823,0.5172451734542847
Model 1,9,VIX_QoQ,0.019540762528777122,0.5367859601974487
Model 1,10,OverallIndex_last1,0.017927218228578568,0.5547131896018982
Model 1,11,TotalUnempPct_last1,0.016367128118872643,0.5710803270339966
Model 1,12,RediscountRate_QoQ_Lag2_last1,0.016150789335370064,0.5872310996055603
Model 1,13,IXIC_QoQ,0.0159669890999794,0.6031981110572815
Model 1,14,FnG_QoQ,0.01576179638504982,0.618959903717041
Model 1,15,QuarterlyReturn_Lag3,0.015172891318798065,0.6341328024864197
Model 1,16,TotalUnempPct_QoQ_Lag3_last1,0.014945811592042446,0.6490786075592041
Model 1,17,FnG_QoQ_Lag1,0.014093149453401566,0.6631717681884766
Model 1,18,SOX_QoQ_Lag1,0.01388007216155529,0.677051842212677
Model 1,19,DJIA_QoQ,0.013536070473492146,0.6905879378318787
Model 1,20,SP500_QoQ,0.011883502826094627,0.7024714350700378
Model 1,1,RediscountRate_QoQ_Lag3_last1,0.09829125553369522,0.09829125553369522
Model 1,2,Spread_cur,0.09247139096260071,0.19076263904571533
Model 1,3,ESG_occupational_health_and_safety_last1,0.0833110436797142,0.27407369017601013
Model 1,4,SOX_QoQ,0.0778646171092987,0.35193830728530884
Model 1,5,FnG_QoQ_Lag3,0.059107743203639984,0.4110460579395294
Model 1,6,Quarter_4,0.04365675896406174,0.45470282435417175
Model 1,7,IXIC_QoQ_Lag1,0.043021004647016525,0.4977238178253174
Model 1,8,QuarterlyReturn_Lag1,0.022251641377806664,0.519975483417511
Model 1,9,VIX_QoQ,0.019523372873663902,0.5394988656044006
Model 1,10,OverallIndex_last1,0.01777244359254837,0.5572713017463684
Model 1,11,TotalUnempPct_last1,0.01762775145471096,0.5748990774154663
Model 1,12,FnG_QoQ,0.015677127987146378,0.5905762314796448
Model 1,13,QuarterlyReturn_Lag3,0.015061969868838787,0.6056382060050964
Model 1,14,IXIC_QoQ,0.014447840861976147,0.6200860738754272
Model 1,15,FnG_QoQ_Lag1,0.013787880539894104,0.6338739395141602
Model 1,16,DJIA_QoQ,0.013517116196453571,0.6473910808563232
Model 1,17,TotalUnempPct_QoQ_Lag3_last1,0.013443910516798496,0.6608349680900574
Model 1,18,DJIA_QoQ_Lag1,0.012831966392695904,0.6736669540405273
Model 1,19,SOX_QoQ_Lag1,0.012196725234389305,0.6858636736869812
Model 1,20,RediscountRate_QoQ_Lag2_last1,0.01194925606250763,0.6978129148483276
Model 1,1,Spread_cur,0.11733215302228928,0.11733215302228928
Model 1,2,SOX_QoQ,0.07153050601482391,0.1888626515865326
Model 1,3,FnG_QoQ_Lag3,0.06143280863761902,0.2502954602241516
Model 1,4,QuarterlyReturn_Lag3,0.05924366042017937,0.3095391094684601
Model 1,5,QuarterlyReturn_Lag1,0.05716026574373245,0.36669936776161194
Model 1,6,DJIA_QoQ,0.05423790588974953,0.42093726992607117
Model 1,7,VIX_QoQ,0.04647872969508171,0.467415988445282
Model 1,8,RediscountRate_QoQ_Lag2_last1,0.03597220778465271,0.5033881664276123
Model 1,9,IXIC_QoQ_Lag1,0.03467553108930588,0.5380637049674988
Model 1,10,TradingTurnover_cur,0.03096950054168701,0.5690332055091858
Model 1,11,SOX_QoQ_Lag1,0.029998397454619408,0.5990316271781921
Model 1,12,EPS_last1,0.027677012607455254,0.6267086267471313
Model 1,13,TradingMoney_cur,0.02645726688206196,0.653165876865387
Model 1,14,FnG_QoQ,0.026443611830472946,0.679609477519989
Model 1,15,TradingVolume_cur,0.02488057315349579,0.704490065574646
Model 1,16,SOX_QoQ_Lag3,0.02145516872406006,0.725945234298706
Model 1,17,OverallIndex_QoQ_Lag3_last1,0.018203172832727432,0.7441484332084656
Model 1,18,FnG_QoQ_Lag2,0.018177581951022148,0.7623260021209717
Model 1,19,ESG_board_of_directors_last1,0.017711646854877472,0.7800376415252686
Model 1,20,QuarterlyReturn_Lag2,0.01757226698100567,0.7976099252700806
Model 1,1,Spread_cur,0.0864989161491394,0.0864989161491394
Model 1,2,SOX_QoQ,0.08435411751270294,0.17085303366184235
Model 1,3,ESG_occupational_health_and_safety_last1,0.072362020611763,0.24321505427360535
Model 1,4,RediscountRate_QoQ_Lag2_last1,0.0557996891438961,0.29901474714279175
Model 1,5,DJIA_QoQ,0.05106935277581215,0.3500840961933136
Model 1,6,FnG_QoQ_Lag3,0.04932348057627678,0.3994075655937195
Model 1,7,VIX_QoQ,0.04075262323021889,0.44016018509864807
Model 1,8,IXIC_QoQ_Lag1,0.03934117406606674,0.4795013666152954
Model 1,9,QuarterlyReturn_Lag3,0.03678074851632118,0.5162821412086487
Model 1,10,QuarterlyReturn_Lag1,0.03133272007107735,0.5476148724555969
Model 1,11,ESG_board_of_directors_last1,0.027474109083414078,0.5750889778137207
Model 1,12,FnG_QoQ,0.02632882073521614,0.6014177799224854
Model 1,13,TradingVolume_cur,0.023974796757102013,0.6253925561904907
Model 1,14,SOX_QoQ_Lag3,0.020563090220093727,0.6459556221961975
Model 1,15,TotalUnempPct_QoQ_last1,0.01878073439002037,0.6647363305091858
Model 1,16,TradingTurnover_cur,0.018038086593151093,0.6827744245529175
Model 1,17,VIX_QoQ_Lag1,0.017791572958230972,0.7005659937858582
Model 1,18,SOX_QoQ_Lag1,0.01700763963162899,0.7175736427307129
Model 1,19,QuarterlyReturn_Lag2,0.016895588487386703,0.7344692349433899
Model 1,20,TotalUnempPct_last1,0.01688634790480137,0.7513555884361267
Model 1,1,SOX_QoQ,0.09200716018676758,0.09200716018676758
Model 1,2,Spread_cur,0.08250578492879868,0.17451295256614685
Model 1,3,ESG_occupational_health_and_safety_last1,0.07649023830890656,0.2510032057762146
Model 1,4,IXIC_QoQ_Lag1,0.052599988877773285,0.3036032021045685
Model 1,5,FnG_QoQ_Lag3,0.042927660048007965,0.34653085470199585
Model 1,6,RediscountRate_QoQ_Lag2_last1,0.04161136597394943,0.3881422281265259
Model 1,7,VIX_QoQ,0.04075567424297333,0.4288979172706604
Model 1,8,DJIA_QoQ,0.03685295209288597,0.46575087308883667
Model 1,9,ESG_board_of_directors_last1,0.0367334708571434,0.5024843215942383
Model 1,10,QuarterlyReturn_Lag3,0.03355054184794426,0.536034882068634
Model 1,11,FnG_QoQ,0.028171395882964134,0.5642063021659851
Model 1,12,QuarterlyReturn_Lag1,0.026457810774445534,0.5906640887260437
Model 1,13,TotalUnempPct_last1,0.024794546887278557,0.615458607673645
Model 1,14,TradingVolume_cur,0.020333951339125633,0.6357925534248352
Model 1,15,TotalUnempPct_QoQ_last1,0.020273152738809586,0.6560657024383545
Model 1,16,SOX_QoQ_Lag3,0.020153304561972618,0.6762189865112305
Model 1,17,SOX_QoQ_Lag1,0.01784568279981613,0.6940646767616272
Model 1,18,QuarterlyReturn_Lag2,0.017816413193941116,0.7118811011314392
Model 1,19,TradingTurnover_cur,0.015568557195365429,0.7274496555328369
Model 1,20,Quarter_3,0.01487814448773861,0.7423278093338013
Model 1,1,Spread_cur,0.09390944242477417,0.09390944242477417
Model 1,2,ESG_occupational_health_and_safety_last1,0.07238893955945969,0.16629838943481445
Model 1,3,SOX_QoQ,0.06503685563802719,0.23133525252342224
Model 1,4,RediscountRate_QoQ_Lag3_last1,0.06435739994049072,0.29569265246391296
Model 1,5,FnG_QoQ_Lag3,0.059468645602464676,0.35516130924224854
Model 1,6,IXIC_QoQ_Lag1,0.036853332072496414,0.39201465249061584
Model 1,7,QuarterlyReturn_Lag1,0.03368509188294411,0.42569974064826965
Model 1,8,TotalUnempPct_last1,0.02538580261170864,0.45108553767204285
Model 1,9,Quarter_4,0.023287419229745865,0.4743729531764984
Model 1,10,SP500_QoQ,0.022944677621126175,0.4973176419734955
Model 1,11,DJIA_QoQ_Lag1,0.022867945954203606,0.5201855897903442
Model 1,12,DJIA_QoQ,0.022716403007507324,0.5429019927978516
Model 1,13,QuarterlyReturn_Lag3,0.02170228213071823,0.5646042823791504
Model 1,14,VIX_QoQ,0.02115701325237751,0.585761308670044
Model 1,15,RediscountRate_QoQ_Lag2_last1,0.02070302702486515,0.6064643263816833
Model 1,16,FnG_QoQ,0.019180437549948692,0.6256447434425354
Model 1,17,TradingTurnover_cur,0.01887819543480873,0.6445229649543762
Model 1,18,SOX_QoQ_Lag1,0.01704789511859417,0.6615708470344543
Model 1,19,QuarterlyReturn_Lag2,0.016058040782809258,0.6776288747787476
Model 1,20,TradingVolume_cur,0.015507983975112438,0.6931368708610535
Model 1,1,SOX_QoQ,0.09774180501699448,0.09774180501699448
Model 1,2,Spread_cur,0.07486313581466675,0.17260494828224182
Model 1,3,RediscountRate_QoQ_Lag3_last1,0.05903194844722748,0.2316368967294693
Model 1,4,ESG_occupational_health_and_safety_last1,0.05793716013431549,0.2895740568637848
Model 1,5,FnG_QoQ_Lag3,0.05148753896355629,0.3410615921020508
Model 1,6,IXIC_QoQ_Lag1,0.041742973029613495,0.3828045725822449
Model 1,7,Quarter_4,0.03231152519583702,0.4151161015033722
Model 1,8,QuarterlyReturn_Lag1,0.028651656582951546,0.4437677562236786
Model 1,9,VIX_QoQ,0.023488178849220276,0.46725594997406006
Model 1,10,DJIA_QoQ_Lag1,0.02107793278992176,0.48833388090133667
Model 1,11,TradingMoney_cur,0.019383806735277176,0.5077176690101624
Model 1,12,DJIA_QoQ,0.019351378083229065,0.5270690321922302
Model 1,13,SOX_QoQ_Lag1,0.019264280796051025,0.5463333129882812
Model 1,14,QuarterlyReturn_Lag3,0.019045373424887657,0.5653786659240723
Model 1,15,TotalUnempPct_last1,0.01902158558368683,0.5844002366065979
Model 1,16,FnG_QoQ,0.018113985657691956,0.6025142073631287
Model 1,17,RediscountRate_last1,0.017915889620780945,0.6204301118850708
Model 1,18,TradingTurnover_cur,0.017632730305194855,0.6380628347396851
Model 1,19,OverallIndex_last1,0.017314279451966286,0.6553770899772644
Model 1,20,TotalUnempPct_QoQ_Lag3_last1,0.01518357452005148,0.6705606579780579
Model 1,1,SOX_QoQ,0.10719870775938034,0.10719870775938034
Model 1,2,Spread_cur,0.06983045488595963,0.17702916264533997
Model 1,3,RediscountRate_QoQ_Lag3_last1,0.06117979437112808,0.23820894956588745
Model 1,4,ESG_occupational_health_and_safety_last1,0.05891349911689758,0.29712244868278503
Model 1,5,FnG_QoQ_Lag3,0.05610715597867966,0.3532296121120453
Model 1,6,IXIC_QoQ_Lag1,0.03880453109741211,0.3920341432094574
Model 1,7,QuarterlyReturn_Lag1,0.02642432600259781,0.4184584617614746
Model 1,8,Quarter_4,0.02626161277294159,0.4447200894355774
Model 1,9,DJIA_QoQ_Lag1,0.02458859421312809,0.46930867433547974
Model 1,10,VIX_QoQ,0.023933617398142815,0.4932422935962677
Model 1,11,RediscountRate_last1,0.022425107657909393,0.5156673789024353
Model 1,12,ESG_board_of_directors_last1,0.020148148760199547,0.5358155369758606
Model 1,13,SOX_QoQ_Lag1,0.01913646049797535,0.5549520254135132
Model 1,14,FnG_QoQ,0.017989831045269966,0.5729418396949768
Model 1,15,OverallIndex_last1,0.017932463437318802,0.5908743143081665
Model 1,16,DJIA_QoQ,0.017539121210575104,0.6084134578704834
Model 1,17,OverallIndex_QoQ_Lag2_last1,0.01719137839972973,0.6256048083305359
Model 1,18,TotalUnempPct_last1,0.0171645674854517,0.6427693963050842
Model 1,19,QuarterlyReturn_Lag3,0.017156245186924934,0.659925639629364
Model 1,20,TradingMoney_cur,0.017062656581401825,0.6769883036613464
Model 1,1,Spread_cur,0.10057902336120605,0.10057902336120605
Model 1,2,SOX_QoQ,0.08560115844011307,0.18618017435073853
Model 1,3,RediscountRate_QoQ_Lag3_last1,0.07955902069807053,0.26573920249938965
Model 1,4,FnG_QoQ_Lag3,0.06621651351451874,0.3319557309150696
Model 1,5,IXIC_QoQ_Lag1,0.04984856769442558,0.38180428743362427
Model 1,6,Quarter_4,0.048598457127809525,0.4304027557373047
Model 1,7,ESG_occupational_health_and_safety_last1,0.02876012958586216,0.4591628909111023
Model 1,8,QuarterlyReturn_Lag1,0.023502949625253677,0.4826658368110657
Model 1,9,VIX_QoQ,0.022636529058218002,0.505302369594574
Model 1,10,TotalUnempPct_last1,0.020617930218577385,0.5259202718734741
Model 1,11,OverallIndex_last1,0.019734537228941917,0.545654833316803
Model 1,12,IXIC_QoQ,0.018057353794574738,0.5637121796607971
Model 1,13,FnG_QoQ,0.01692897453904152,0.5806411504745483
Model 1,14,SOX_QoQ_Lag1,0.01653546281158924,0.5971766114234924
Model 1,15,QuarterlyReturn_Lag3,0.015444936230778694,0.612621545791626
Model 1,16,DJIA_QoQ,0.014773317612707615,0.6273948550224304
Model 1,17,TotalUnempPct_QoQ_Lag3_last1,0.014598541893064976,0.6419934034347534
Model 1,18,TradingTurnover_cur,0.013895507901906967,0.6558889150619507
Model 1,19,FnG_QoQ_Lag1,0.013518874533474445,0.6694077849388123
Model 1,20,QuarterlyReturn_Lag2,0.012397904880344868,0.6818056702613831
Model 1,1,SOX_QoQ,0.11492835730314255,0.11492835730314255
Model 1,2,RediscountRate_QoQ_Lag3_last1,0.08316170424222946,0.198090061545372
Model 1,3,Spread_cur,0.07621744275093079,0.2743074893951416
Model 1,4,FnG_QoQ_Lag3,0.06667044758796692,0.3409779369831085
Model 1,5,IXIC_QoQ_Lag1,0.06466010957956314,0.40563803911209106
Model 1,6,Quarter_4,0.04136292263865471,0.4470009505748749
Model 1,7,ESG_occupational_health_and_safety_last1,0.02287139929831028,0.4698723554611206
Model 1,8,VIX_QoQ,0.021869530901312828,0.4917418956756592
Model 1,9,QuarterlyReturn_Lag1,0.02083590254187584,0.5125777721405029
Model 1,10,OverallIndex_last1,0.020560653880238533,0.5331384539604187
Model 1,11,TotalUnempPct_last1,0.018205326050519943,0.5513437986373901
Model 1,12,SOX_QoQ_Lag1,0.01650160178542137,0.5678454041481018
Model 1,13,FnG_QoQ,0.01563495770096779,0.5834803581237793
Model 1,14,TotalUnempPct_QoQ_Lag3_last1,0.015377468429505825,0.5988578200340271
Model 1,15,IXIC_QoQ,0.014411624521017075,0.6132694482803345
Model 1,16,QuarterlyReturn_Lag3,0.013999330811202526,0.6272687911987305
Model 1,17,ESG_board_of_directors_last1,0.013962717726826668,0.6412315368652344
Model 1,18,FnG_QoQ_Lag1,0.013846255838871002,0.6550778150558472
Model 1,19,DJIA_QoQ,0.013639936223626137,0.6687177419662476
Model 1,20,TradingMoney_cur,0.013466950505971909,0.6821846961975098
Model 1,1,SOX_QoQ,0.12661494314670563,0.12661494314670563
Model 1,2,RediscountRate_QoQ_Lag3_last1,0.08381709456443787,0.2104320377111435
Model 1,3,Spread_cur,0.07194054871797562,0.2823725938796997
Model 1,4,FnG_QoQ_Lag3,0.0627327412366867,0.3451053500175476
Model 1,5,IXIC_QoQ_Lag1,0.05816157907247543,0.40326693654060364
Model 1,6,Quarter_4,0.03910680115222931,0.44237375259399414
Model 1,7,ESG_occupational_health_and_safety_last1,0.023490607738494873,0.465864360332489
Model 1,8,VIX_QoQ,0.022892551496624947,0.48875692486763
Model 1,9,OverallIndex_last1,0.02037554606795311,0.509132444858551
Model 1,10,QuarterlyReturn_Lag1,0.020205818116664886,0.5293382406234741
Model 1,11,TotalUnempPct_last1,0.01781533472239971,0.5471535921096802
Model 1,12,ESG_board_of_directors_last1,0.01640290394425392,0.5635564923286438
Model 1,13,TotalUnempPct_QoQ_Lag3_last1,0.015952864661812782,0.5795093774795532
Model 1,14,SOX_QoQ_Lag1,0.015874119475483894,0.5953835248947144
Model 1,15,FnG_QoQ,0.014410540461540222,0.6097940802574158
Model 1,16,IXIC_QoQ,0.014229456894099712,0.6240235567092896
Model 1,17,FnG_QoQ_Lag1,0.014053239487111568,0.6380767822265625
Model 1,18,QuarterlyReturn_Lag3,0.013755840249359608,0.651832640171051
Model 1,19,DJIA_QoQ,0.012963949702680111,0.6647965908050537
Model 1,20,ESG_green_gas_emission_last1,0.01259677205234766,0.67739337682724
Model 1,1,Spread_cur,0.09520548582077026,0.09520548582077026
Model 1,2,SOX_QoQ,0.07179056107997894,0.1669960469007492
Model 1,3,ESG_occupational_health_and_safety_last1,0.060634903609752655,0.22763094305992126
Model 1,4,DJIA_QoQ,0.0555967353284359,0.28322768211364746
Model 1,5,FnG_QoQ_Lag3,0.05194801837205887,0.33517569303512573
Model 1,6,RediscountRate_QoQ_Lag3_last1,0.04949162155389786,0.384667307138443
Model 1,7,VIX_QoQ_Lag2,0.04135825112462044,0.4260255694389343
Model 1,8,QuarterlyReturn_Lag3,0.040838755667209625,0.46686431765556335
Model 1,9,QuarterlyReturn_Lag1,0.03811182454228401,0.5049761533737183
Model 1,10,IXIC_QoQ_Lag1,0.03559071570634842,0.5405668616294861
Model 1,11,VIX_QoQ,0.03556383401155472,0.5761306881904602
Model 1,12,ESG_board_of_directors_last1,0.025994792580604553,0.6021254658699036
Model 1,13,TradingVolume_cur,0.025359557941555977,0.6274850368499756
Model 1,14,OverallIndex_QoQ_Lag2_last1,0.02197869122028351,0.6494637131690979
Model 1,15,SOX_QoQ_Lag1,0.021836383268237114,0.6713001132011414
Model 1,16,OverallIndex_QoQ_Lag3_last1,0.021348778158426285,0.6926488876342773
Model 1,17,SOX_QoQ_Lag3,0.021329311653971672,0.7139781713485718
Model 1,18,DJIA_QoQ_Lag1,0.01817473955452442,0.7321529388427734
Model 1,19,TradingTurnover_cur,0.0169786736369133,0.7491316199302673
Model 1,20,QuarterlyReturn_Lag2,0.01668534241616726,0.7658169865608215
Model 1,1,SOX_QoQ,0.08880975842475891,0.08880975842475891
Model 1,2,ESG_occupational_health_and_safety_last1,0.07418840378522873,0.16299816966056824
Model 1,3,Spread_cur,0.07165699452161789,0.23465517163276672
Model 1,4,IXIC_QoQ_Lag1,0.04644987732172012,0.28110504150390625
Model 1,5,ESG_board_of_directors_last1,0.04598210006952286,0.3270871341228485
Model 1,6,RediscountRate_QoQ_Lag3_last1,0.045477062463760376,0.3725641965866089
Model 1,7,DJIA_QoQ,0.03961179777979851,0.4121759831905365
Model 1,8,VIX_QoQ,0.03507218137383461,0.4472481608390808
Model 1,9,QuarterlyReturn_Lag3,0.03291984274983406,0.48016801476478577
Model 1,10,FnG_QoQ_Lag3,0.03179345279932022,0.5119614601135254
Model 1,11,TotalUnempPct_last1,0.031019093468785286,0.5429805517196655
Model 1,12,QuarterlyReturn_Lag1,0.026662884280085564,0.5696434378623962
Model 1,13,OverallIndex_QoQ_Lag1_last1,0.023930110037326813,0.5935735702514648
Model 1,14,DJIA_QoQ_Lag1,0.02234385721385479,0.615917444229126
Model 1,15,OverallIndex_last1,0.020367108285427094,0.6362845301628113
Model 1,16,SOX_QoQ_Lag1,0.01979341357946396,0.6560779213905334
Model 1,17,FnG_QoQ,0.019723350182175636,0.6758012771606445
Model 1,18,TradingVolume_cur,0.019018160179257393,0.694819450378418
Model 1,19,SOX_QoQ_Lag3,0.017463628202676773,0.7122830748558044
Model 1,20,QuarterlyReturn_Lag2,0.01702391542494297,0.7293069958686829
Model 1,1,SOX_QoQ,0.10408755391836166,0.10408755391836166
Model 1,2,ESG_occupational_health_and_safety_last1,0.10053631663322449,0.20462387800216675
Model 1,3,Spread_cur,0.0686582699418068,0.27328214049339294
Model 1,4,IXIC_QoQ_Lag1,0.04593629762530327,0.3192184269428253
Model 1,5,DJIA_QoQ,0.032813962548971176,0.3520323932170868
Model 1,6,ESG_board_of_directors_last1,0.03246055915951729,0.384492963552475
Model 1,7,FnG_QoQ_Lag3,0.03177008032798767,0.41626304388046265
Model 1,8,VIX_QoQ,0.03146616742014885,0.4477292001247406
Model 1,9,QuarterlyReturn_Lag3,0.0303108599036932,0.47804006934165955
Model 1,10,RediscountRate_QoQ_Lag3_last1,0.029205964878201485,0.5072460174560547
Model 1,11,TotalUnempPct_last1,0.024193644523620605,0.5314396619796753
Model 1,12,QuarterlyReturn_Lag1,0.023787599056959152,0.5552272796630859
Model 1,13,SOX_QoQ_Lag1,0.023511093109846115,0.5787383913993835
Model 1,14,OverallIndex_QoQ_Lag1_last1,0.022396279498934746,0.6011346578598022
Model 1,15,FnG_QoQ,0.021245772019028664,0.6223804354667664
Model 1,16,SOX_QoQ_Lag3,0.021126123145222664,0.6435065865516663
Model 1,17,DJIA_QoQ_Lag1,0.02082240581512451,0.6643289923667908
Model 1,18,OverallIndex_last1,0.020499786362051964,0.6848287582397461
Model 1,19,RediscountRate_QoQ_Lag2_last1,0.01963331550359726,0.7044620513916016
Model 1,20,QuarterlyReturn_Lag2,0.016026757657527924,0.7204887866973877
Model 1,1,RediscountRate_QoQ_Lag3_last1,0.10579781979322433,0.10579781979322433
Model 1,2,SOX_QoQ,0.08479836583137512,0.19059619307518005
Model 1,3,Spread_cur,0.081927090883255,0.27252328395843506
Model 1,4,IXIC_QoQ_Lag1,0.05907237157225609,0.33159565925598145
Model 1,5,FnG_QoQ_Lag3,0.04836636409163475,0.3799620270729065
Model 1,6,DJIA_QoQ_Lag1,0.029268717393279076,0.4092307388782501
Model 1,7,QuarterlyReturn_Lag1,0.028229186311364174,0.43745991587638855
Model 1,8,VIX_QoQ,0.02282632514834404,0.4602862298488617
Model 1,9,OverallIndex_last1,0.02231532149016857,0.4826015532016754
Model 1,10,TradingMoney_cur,0.022058600559830666,0.5046601295471191
Model 1,11,FnG_QoQ,0.021709399297833443,0.5263695120811462
Model 1,12,QuarterlyReturn_Lag3,0.02094968780875206,0.5473191738128662
Model 1,13,DJIA_QoQ,0.020399924367666245,0.5677191019058228
Model 1,14,TradingTurnover_cur,0.019001390784978867,0.5867204666137695
Model 1,15,ESG_occupational_health_and_safety_last1,0.017408814281225204,0.6041292548179626
Model 1,16,TotalUnempPct_last1,0.016414551064372063,0.6205437779426575
Model 1,17,OverallIndex_QoQ_Lag3_last1,0.016258876770734787,0.6368026733398438
Model 1,18,SOX_QoQ_Lag1,0.01512658130377531,0.6519292593002319
Model 1,19,QuarterlyReturn_Lag2,0.014997536316514015,0.6669268012046814
Model 1,20,ESG_board_of_directors_last1,0.01406970527023077,0.6809964776039124
Model 1,1,RediscountRate_QoQ_Lag3_last1,0.11314887553453445,0.11314887553453445
Model 1,2,SOX_QoQ,0.10358987003564835,0.2167387455701828
Model 1,3,Spread_cur,0.06939973682165146,0.28613847494125366
Model 1,4,IXIC_QoQ_Lag1,0.06002933159470558,0.34616780281066895
Model 1,5,FnG_QoQ_Lag3,0.04533211886882782,0.39149993658065796
Model 1,6,OverallIndex_last1,0.03075721114873886,0.4222571551799774
Model 1,7,QuarterlyReturn_Lag1,0.026844020932912827,0.44910117983818054
Model 1,8,VIX_QoQ,0.02441461943089962,0.4735158085823059
Model 1,9,ESG_board_of_directors_last1,0.022902360185980797,0.49641817808151245
Model 1,10,TotalUnempPct_last1,0.019955018535256386,0.5163732171058655
Model 1,11,ESG_occupational_health_and_safety_last1,0.019783440977334976,0.5361566543579102
Model 1,12,DJIA_QoQ_Lag1,0.019381072372198105,0.5555377006530762
Model 1,13,QuarterlyReturn_Lag3,0.0180607121437788,0.5735983848571777
Model 1,14,Quarter_3,0.017892541363835335,0.5914909243583679
Model 1,15,FnG_QoQ,0.0178301390260458,0.6093210577964783
Model 1,16,TotalUnempPct_QoQ_Lag3_last1,0.017376353964209557,0.6266974210739136
Model 1,17,SOX_QoQ_Lag1,0.017116181552410126,0.6438136100769043
Model 1,18,DJIA_QoQ_Lag3,0.016128212213516235,0.6599417924880981
Model 1,19,SOX_QoQ_Lag3,0.015335491858422756,0.6752772927284241
Model 1,20,TradingMoney_cur,0.015200397931039333,0.6904776692390442
Model 1,1,SOX_QoQ,0.10603859275579453,0.10603859275579453
Model 1,2,RediscountRate_QoQ_Lag3_last1,0.09250856190919876,0.1985471546649933
Model 1,3,Spread_cur,0.06902486085891724,0.2675720155239105
Model 1,4,IXIC_QoQ_Lag1,0.0624845027923584,0.3300565183162689
Model 1,5,FnG_QoQ_Lag3,0.049666427075862885,0.3797229528427124
Model 1,6,OverallIndex_last1,0.03427308425307274,0.41399604082107544
Model 1,7,QuarterlyReturn_Lag1,0.02631470188498497,0.4403107464313507
Model 1,8,VIX_QoQ,0.02503596991300583,0.46534672379493713
Model 1,9,DJIA_QoQ_Lag3,0.0224537942558527,0.4878005087375641
Model 1,10,ESG_occupational_health_and_safety_last1,0.02136722207069397,0.5091677308082581
Model 1,11,TotalUnempPct_last1,0.01976439170539379,0.5289320945739746
Model 1,12,DJIA_QoQ_Lag1,0.018958404660224915,0.5478904843330383
Model 1,13,SOX_QoQ_Lag1,0.018831711262464523,0.5667222142219543
Model 1,14,QuarterlyReturn_Lag3,0.01803680695593357,0.584758996963501
Model 1,15,ESG_board_of_directors_last1,0.017911817878484726,0.6026707887649536
Model 1,16,TotalUnempPct_QoQ_Lag3_last1,0.017824674025177956,0.6204954385757446
Model 1,17,Quarter_3,0.015675267204642296,0.6361706852912903
Model 1,18,FnG_QoQ,0.015594773925840855,0.6517654657363892
Model 1,19,SOX_QoQ_Lag3,0.014978342689573765,0.666743814945221
Model 1,20,DJIA_QoQ,0.014878547750413418,0.6816223859786987
Model 1,1,ESG_occupational_health_and_safety_last1,0.12700748443603516,0.12700748443603516
Model 1,2,SOX_QoQ,0.08318644016981125,0.210193932056427
Model 1,3,Spread_cur,0.07206078618764877,0.28225472569465637
Model 1,4,IXIC_QoQ_Lag1,0.0617467500269413,0.3440014719963074
Model 1,5,RediscountRate_QoQ_Lag3_last1,0.06083640456199646,0.40483787655830383
Model 1,6,FnG_QoQ_Lag3,0.05425073206424713,0.45908862352371216
Model 1,7,Quarter_4,0.048905953764915466,0.5079945921897888
Model 1,8,VIX_QoQ,0.021397646516561508,0.5293922424316406
Model 1,9,QuarterlyReturn_Lag1,0.01877903938293457,0.5481712818145752
Model 1,10,SP500_QoQ_Lag1,0.018316246569156647,0.5664875507354736
Model 1,11,TotalUnempPct_last1,0.01772531308233738,0.5842128396034241
Model 1,12,OverallIndex_last1,0.01651174947619438,0.6007245779037476
Model 1,13,IXIC_QoQ,0.015808802098035812,0.6165333986282349
Model 1,14,RediscountRate_last1,0.014355679973959923,0.6308890581130981
Model 1,15,FnG_QoQ_Lag2,0.013542339205741882,0.6444314122200012
Model 1,16,FnG_QoQ,0.013442520052194595,0.6578739285469055
Model 1,17,TradingMoney_cur,0.0128300990909338,0.6707040071487427
Model 1,18,DJIA_QoQ_Lag1,0.0127168670296669,0.6834208965301514
Model 1,19,SP500_QoQ,0.012671110220253468,0.6960920095443726
Model 1,20,TotalUnempPct_QoQ_Lag3_last1,0.012650141492486,0.7087421417236328
Model 1,1,ESG_occupational_health_and_safety_last1,0.12046744674444199,0.12046744674444199
Model 1,2,SOX_QoQ,0.10888183861970901,0.229349285364151
Model 1,3,IXIC_QoQ_Lag1,0.06698919832706451,0.2963384985923767
Model 1,4,Spread_cur,0.06332482397556305,0.35966330766677856
Model 1,5,RediscountRate_QoQ_Lag3_last1,0.06142200529575348,0.42108529806137085
Model 1,6,FnG_QoQ_Lag3,0.05227097496390343,0.4733562767505646
Model 1,7,Quarter_4,0.0451095774769783,0.5184658765792847
Model 1,8,SP500_QoQ_Lag1,0.02416708692908287,0.5426329374313354
Model 1,9,VIX_QoQ,0.02044491656124592,0.5630778670310974
Model 1,10,OverallIndex_last1,0.017800774425268173,0.5808786153793335
Model 1,11,QuarterlyReturn_Lag1,0.017476174980401993,0.5983548164367676
Model 1,12,TotalUnempPct_last1,0.015147131867706776,0.6135019659996033
Model 1,13,IXIC_QoQ,0.014798776246607304,0.6283007264137268
Model 1,14,RediscountRate_last1,0.014796765521168709,0.6430975198745728
Model 1,15,ESG_board_of_directors_last1,0.013585573062300682,0.656683087348938
Model 1,16,TotalUnempPct_QoQ_Lag3_last1,0.013452867045998573,0.6701359748840332
Model 1,17,OverallIndex_QoQ_Lag2_last1,0.013347027823328972,0.6834830045700073
Model 1,18,SOX_QoQ_Lag1,0.01214672066271305,0.6956297159194946
Model 1,19,FnG_QoQ,0.011805137619376183,0.7074348330497742
Model 1,20,QuarterlyReturn_Lag3,0.011542366817593575,0.7189772129058838
Model 1,1,SOX_QoQ,0.114169642329216,0.114169642329216
Model 1,2,ESG_occupational_health_and_safety_last1,0.09600195288658142,0.21017159521579742
Model 1,3,Spread_cur,0.0672350525856018,0.27740663290023804
Model 1,4,IXIC_QoQ_Lag1,0.06690163165330887,0.3443082571029663
Model 1,5,RediscountRate_QoQ_Lag3_last1,0.05669790878891945,0.40100616216659546
Model 1,6,FnG_QoQ_Lag3,0.04872067645192146,0.4497268497943878
Model 1,7,Quarter_4,0.045235421508550644,0.49496227502822876
Model 1,8,VIX_QoQ,0.021639930084347725,0.5166022181510925
Model 1,9,SP500_QoQ_Lag1,0.020969193428754807,0.5375714302062988
Model 1,10,OverallIndex_last1,0.018749190494418144,0.5563206076622009
Model 1,11,QuarterlyReturn_Lag1,0.018217414617538452,0.574537992477417
Model 1,12,ESG_board_of_directors_last1,0.01589679718017578,0.5904347896575928
Model 1,13,OverallIndex_QoQ_Lag2_last1,0.01565391942858696,0.6060886979103088
Model 1,14,TotalUnempPct_last1,0.015465210191905499,0.621553897857666
Model 1,15,TotalUnempPct_QoQ_Lag3_last1,0.014853108674287796,0.6364070177078247
Model 1,16,IXIC_QoQ,0.013497229665517807,0.6499042510986328
Model 1,17,SOX_QoQ_Lag1,0.013053384609520435,0.6629576086997986
Model 1,18,FnG_QoQ,0.012539396993815899,0.6754969954490662
Model 1,19,SOX_QoQ_Lag2,0.012477410957217216,0.6879743933677673
Model 1,20,FnG_QoQ_Lag2,0.012103993445634842,0.7000783681869507
Model 2,1,Spread_cur,0.31846099146294,0.31846099146294
Model 2,2,TradingVolume_cur,0.08045805001796123,0.39891904148090124
Model 2,3,TradingTurnover_cur,0.07341433058803912,0.4723333720689403
Model 2,4,TradingMoney_cur,0.060821463624922426,0.5331548356938628
Model 2,5,QuarterlyReturn_Lag1,0.0555437116576678,0.5886985473515306
Model 2,6,RediscountRate_YoY_last1,0.02788727602721855,0.6165858233787491
Model 2,7,Last3mCumulativeRevenue_last1,0.02343178736093064,0.6400176107396798
Model 2,8,VIX_YoY,0.022118718896500272,0.6621363296361801
Model 2,9,ROE_last1,0.021238310604583335,0.6833746402407634
Model 2,10,FnG_YoY,0.020416245178961772,0.7037908854197252
Model 2,11,VIX_YoY_Lag2,0.020400336663114763,0.72419122208284
Model 2,12,FnG_YoY_Lag2,0.017878195907644053,0.7420694179904841
Model 2,13,EPS_last1,0.01660402079190927,0.7586734387823934
Model 2,14,IXIC_YoY_Lag3,0.0155680385976558,0.7742414773800491
Model 2,15,SOX_YoY,0.014937035330693918,0.789178512710743
Model 2,16,Last3mCumulativeRevenueGrowthRate_last1,0.011702935153989402,0.8008814478647324
Model 2,17,ROA_last1,0.011685839835699255,0.8125672877004316
Model 2,18,OverallIndex_YoY_last1,0.01098570811472131,0.823552995815153
Model 2,19,SP500_YoY,0.010931570759469917,0.8344845665746229
Model 2,20,QuarterlyReturn_Lag3,0.010321346649416282,0.8448059132240392
Model 2,1,Spread_cur,0.33419403491308697,0.33419403491308697
Model 2,2,TradingVolume_cur,0.07542339610130677,0.40961743101439374
Model 2,3,TradingTurnover_cur,0.07269675082674133,0.48231418184113506
Model 2,4,TradingMoney_cur,0.06391268126019653,0.5462268631013316
Model 2,5,QuarterlyReturn_Lag1,0.058145396646577654,0.6043722597479093
Model 2,6,VIX_YoY,0.0249880613512687,0.629360321099178
Model 2,7,Last3mCumulativeRevenue_last1,0.023131345278058407,0.6524916663772364
Model 2,8,RediscountRate_YoY_last1,0.021253866846132213,0.6737455332233686
Model 2,9,ROE_last1,0.02106844260577627,0.6948139758291448
Model 2,10,SOX_YoY,0.01928239588167286,0.7140963717108177
Model 2,11,FnG_YoY,0.01904824352246095,0.7331446152332787
Model 2,12,FnG_YoY_Lag2,0.018270514401883393,0.7514151296351621
Model 2,13,VIX_YoY_Lag2,0.017072951265038203,0.7684880809002003
Model 2,14,IXIC_YoY_Lag3,0.013735660137131192,0.7822237410373315
Model 2,15,QuarterlyReturn_Lag3,0.013429764964175615,0.7956535060015071
Model 2,16,EPS_last1,0.013416735672504787,0.8090702416740119
Model 2,17,IXIC_YoY,0.012934687447318611,0.8220049291213305
Model 2,18,Last3mCumulativeRevenueGrowthRate_last1,0.011881031200281363,0.8338859603216119
Model 2,19,ROA_last1,0.011326867784822895,0.8452128281064348
Model 2,20,OverallIndex_YoY_last1,0.010806683717898663,0.8560195118243334
Model 2,1,Spread_cur,0.33809413412438066,0.33809413412438066
Model 2,2,TradingTurnover_cur,0.0753299703785354,0.41342410450291606
Model 2,3,TradingVolume_cur,0.07352063152481407,0.48694473602773014
Model 2,4,TradingMoney_cur,0.06473285187517532,0.5516775879029054
Model 2,5,QuarterlyReturn_Lag1,0.05651118467629437,0.6081887725791998
Model 2,6,VIX_YoY,0.02447436195160875,0.6326631345308086
Model 2,7,ROE_last1,0.024119751646034877,0.6567828861768434
Model 2,8,RediscountRate_YoY_last1,0.022953756592475547,0.679736642769319
Model 2,9,Last3mCumulativeRevenue_last1,0.02269826832746993,0.7024349110967889
Model 2,10,SOX_YoY,0.020159003889193165,0.722593914985982
Model 2,11,FnG_YoY,0.01832132410963483,0.7409152390956169
Model 2,12,FnG_YoY_Lag2,0.018264722576099925,0.7591799616717168
Model 2,13,VIX_YoY_Lag2,0.016152134901409664,0.7753320965731264
Model 2,14,IXIC_YoY_Lag3,0.012413952188920233,0.7877460487620467
Model 2,15,IXIC_YoY,0.012021620895120183,0.7997676696571668
Model 2,16,ROA_last1,0.011806732876640975,0.8115744025338079
Model 2,17,EPS_last1,0.011734513397581331,0.8233089159313892
Model 2,18,QuarterlyReturn_Lag3,0.011053200173330453,0.8343621161047197
Model 2,19,OverallIndex_YoY_last1,0.01061845501121366,0.8449805711159333
Model 2,20,Last3mCumulativeRevenueGrowthRate_last1,0.01007508431236457,0.8550556554282979
Model 2,1,Spread_cur,0.31569004905835435,0.31569004905835435
Model 2,2,TradingTurnover_cur,0.08373035657173732,0.3994204056300917
Model 2,3,TradingVolume_cur,0.07120229782347827,0.47062270345356993
Model 2,4,TradingMoney_cur,0.068972135282488,0.539594838736058
Model 2,5,QuarterlyReturn_Lag1,0.06799046204776608,0.607585300783824
Model 2,6,VIX_YoY,0.02570452622331594,0.63328982700714
Model 2,7,Last3mCumulativeRevenue_last1,0.024254246491438643,0.6575440734985786
Model 2,8,RediscountRate_YoY_last1,0.021880230183194578,0.6794243036817732
Model 2,9,VIX_YoY_Lag2,0.02142509976691108,0.7008494034486843
Model 2,10,FnG_YoY,0.020292824920187236,0.7211422283688715
Model 2,11,ROE_last1,0.01978117423804179,0.7409234026069134
Model 2,12,FnG_YoY_Lag2,0.018783880850843298,0.7597072834577566
Model 2,13,SOX_YoY,0.01683532090144214,0.7765426043591988
Model 2,14,IXIC_YoY_Lag3,0.01414944093660312,0.7906920452958018
Model 2,15,EPS_last1,0.012120877767805295,0.8028129230636072
Model 2,16,DJIA_YoY_Lag3,0.012093790462975098,0.8149067135265823
Model 2,17,OverallIndex_YoY_last1,0.01075546730892353,0.8256621808355058
Model 2,18,ROA_last1,0.010463409113466464,0.8361255899489722
Model 2,19,IXIC_YoY,0.010043086189985386,0.8461686761389576
Model 2,20,VIX_YoY_Lag1,0.0096277717396357,0.8557964478785933
Model 2,1,Spread_cur,0.3358145404805524,0.3358145404805524
Model 2,2,TradingTurnover_cur,0.0747574149368065,0.4105719554173589
Model 2,3,TradingVolume_cur,0.07459415300175218,0.4851661084191111
Model 2,4,TradingMoney_cur,0.06606949250363876,0.5512356009227499
Model 2,5,QuarterlyReturn_Lag1,0.061650942246369383,0.6128865431691193
Model 2,6,VIX_YoY,0.02829256822165073,0.64117911139077
Model 2,7,Last3mCumulativeRevenue_last1,0.024716466669822714,0.6658955780605927
Model 2,8,FnG_YoY_Lag2,0.020758144063572032,0.6866537221241648
Model 2,9,RediscountRate_YoY_last1,0.019488647295584034,0.7061423694197488
Model 2,10,ROE_last1,0.01936752478582634,0.7255098942055752
Model 2,11,VIX_YoY_Lag2,0.019025861538371866,0.744535755743947
Model 2,12,SOX_YoY,0.018876225522374786,0.7634119812663218
Model 2,13,FnG_YoY,0.018296890288352703,0.7817088715546745
Model 2,14,OverallIndex_YoY_last1,0.013118596951897588,0.794827468506572
Model 2,15,IXIC_YoY,0.013067099765940669,0.8078945682725127
Model 2,16,IXIC_YoY_Lag3,0.013052519696923861,0.8209470879694366
Model 2,17,Last3mCumulativeRevenueGrowthRate_last1,0.010661371585417152,0.8316084595548537
Model 2,18,DJIA_YoY_Lag3,0.010569010990309782,0.8421774705451636
Model 2,19,VIX_YoY_Lag1,0.010297808233412887,0.8524752787785764
Model 2,20,EPS_last1,0.009774160924613563,0.86224943970319
Model 2,1,Spread_cur,0.3465854682121245,0.3465854682121245
Model 2,2,TradingTurnover_cur,0.07487382865301602,0.4214592968651405
Model 2,3,TradingVolume_cur,0.07280390134076657,0.4942631982059071
Model 2,4,TradingMoney_cur,0.06636664503906606,0.5606298432449731
Model 2,5,QuarterlyReturn_Lag1,0.06015897856289251,0.6207888218078657
Model 2,6,VIX_YoY,0.027608233020941605,0.6483970548288073
Model 2,7,Last3mCumulativeRevenue_last1,0.02398735839169403,0.6723844132205014
Model 2,8,RediscountRate_YoY_last1,0.021247300156339795,0.6936317133768412
Model 2,9,FnG_YoY_Lag2,0.020193797797848963,0.7138255111746901
Model 2,10,SOX_YoY,0.02002040057316209,0.7338459117478522
Model 2,11,ROE_last1,0.019021468170978207,0.7528673799188303
Model 2,12,VIX_YoY_Lag2,0.018057446058792212,0.7709248259776226
Model 2,13,FnG_YoY,0.01737338986176174,0.7882982158393843
Model 2,14,IXIC_YoY_Lag3,0.012681156661371143,0.8009793725007555
Model 2,15,OverallIndex_YoY_last1,0.012003253931649109,0.8129826264324046
Model 2,16,IXIC_YoY,0.011887027737917229,0.8248696541703219
Model 2,17,VIX_YoY_Lag1,0.009950914096295681,0.8348205682666175
Model 2,18,DJIA_YoY_Lag3,0.009732467295589166,0.8445530355622067
Model 2,19,Last3mCumulativeRevenueGrowthRate_last1,0.009379762900420842,0.8539327984626276
Model 2,20,EPS_last1,0.009378913202122401,0.86331171166475
Model 2,1,Spread_cur,0.3200097655654083,0.3200097655654083
Model 2,2,TradingTurnover_cur,0.0917811870890568,0.4117909526544651
Model 2,3,TradingVolume_cur,0.07609809183177121,0.48788904448623627
Model 2,4,TradingMoney_cur,0.06806474506716852,0.5559537895534048
Model 2,5,QuarterlyReturn_Lag1,0.06761135895223908,0.6235651485056439
Model 2,6,VIX_YoY,0.02898472415794334,0.6525498726635872
Model 2,7,RediscountRate_YoY_last1,0.024750432114707097,0.6773003047782943
Model 2,8,Last3mCumulativeRevenue_last1,0.023256605724572988,0.7005569105028673
Model 2,9,FnG_YoY,0.02101391562821353,0.7215708261310808
Model 2,10,VIX_YoY_Lag2,0.019522777132091794,0.7410936032631726
Model 2,11,FnG_YoY_Lag2,0.017850992043956085,0.7589445953071288
Model 2,12,ROE_last1,0.015077043077989556,0.7740216383851183
Model 2,13,SOX_YoY,0.013769683904724012,0.7877913222898423
Model 2,14,IXIC_YoY_Lag3,0.012567618696623699,0.800358940986466
Model 2,15,Last3mCumulativeRevenueGrowthRate_last1,0.011854774604595775,0.8122137155910618
Model 2,16,VIX_YoY_Lag1,0.011558587580843958,0.8237723031719058
Model 2,17,OverallIndex_YoY_last1,0.01119350526563432,0.8349658084375401
Model 2,18,DJIA_YoY_Lag3,0.009917282190568501,0.8448830906281086
Model 2,19,IXIC_YoY,0.008701180961537573,0.8535842715896462
Model 2,20,TotalUnempPct_YoY_last1,0.008631663588726286,0.8622159351783725
Model 2,1,Spread_cur,0.34672994257585493,0.34672994257585493
Model 2,2,TradingVolume_cur,0.07852217002668435,0.42525211260253926
Model 2,3,TradingTurnover_cur,0.07762536794688858,0.5028774805494278
Model 2,4,TradingMoney_cur,0.06574112707193587,0.5686186076213637
Model 2,5,QuarterlyReturn_Lag1,0.060677894656233564,0.6292965022775973
Model 2,6,VIX_YoY,0.028926982825716346,0.6582234851033136
Model 2,7,Last3mCumulativeRevenue_last1,0.022335815018808033,0.6805593001221216
Model 2,8,RediscountRate_YoY_last1,0.02118075742313485,0.7017400575452565
Model 2,9,SOX_YoY,0.019769431361921885,0.7215094889071784
Model 2,10,FnG_YoY_Lag2,0.019670914406529044,0.7411804033137074
Model 2,11,VIX_YoY_Lag2,0.01861766166305192,0.7597980649767593
Model 2,12,FnG_YoY,0.018093025627213183,0.7778910906039724
Model 2,13,ROE_last1,0.013701590594000168,0.7915926811979725
Model 2,14,OverallIndex_YoY_last1,0.012433744042902336,0.8040264252408749
Model 2,15,IXIC_YoY_Lag3,0.012251276189633549,0.8162777014305084
Model 2,16,IXIC_YoY,0.011855877548468308,0.8281335789789767
Model 2,17,VIX_YoY_Lag1,0.01135783281511644,0.8394914117940931
Model 2,18,Last3mCumulativeRevenueGrowthRate_last1,0.010882498936683891,0.8503739107307771
Model 2,19,DJIA_YoY_Lag3,0.009633294514634133,0.8600072052454112
Model 2,20,VIX_YoY_Lag3,0.009466371187788553,0.8694735764331998
Model 2,1,Spread_cur,0.35681168329477353,0.35681168329477353
Model 2,2,TradingTurnover_cur,0.07960620080770006,0.4364178841024736
Model 2,3,TradingVolume_cur,0.07560355334366527,0.5120214374461389
Model 2,4,TradingMoney_cur,0.06482767826153378,0.5768491157076727
Model 2,5,QuarterlyReturn_Lag1,0.059124726995729994,0.6359738427034027
Model 2,6,VIX_YoY,0.028206139937924736,0.6641799826413275
Model 2,7,RediscountRate_YoY_last1,0.023343369229320513,0.6875233518706481
Model 2,8,Last3mCumulativeRevenue_last1,0.021991021230343504,0.7095143731009915
Model 2,9,SOX_YoY,0.01981161453012288,0.7293259876311144
Model 2,10,FnG_YoY_Lag2,0.01917360772469349,0.7484995953558079
Model 2,11,VIX_YoY_Lag2,0.01774427494301466,0.7662438702988226
Model 2,12,FnG_YoY,0.01745792140464926,0.7837017917034719
Model 2,13,ROE_last1,0.013630291861016258,0.7973320835644881
Model 2,14,IXIC_YoY_Lag3,0.012028316042732898,0.8093603996072211
Model 2,15,IXIC_YoY,0.011368685373991352,0.8207290849812124
Model 2,16,OverallIndex_YoY_last1,0.01100359748653181,0.8317326824677442
Model 2,17,VIX_YoY_Lag1,0.011002405309321348,0.8427350877770656
Model 2,18,Last3mCumulativeRevenueGrowthRate_last1,0.009576573170437447,0.8523116609475031
Model 2,19,DJIA_YoY_Lag3,0.009326712181692651,0.8616383731291958
Model 2,20,VIX_YoY_Lag3,0.008568285922262652,0.8702066590514584
Model 2,1,Spread_cur,0.29148624967527165,0.29148624967527165
Model 2,2,TradingTurnover_cur,0.07160069727035519,0.3630869469456268
Model 2,3,TradingVolume_cur,0.0687764907992016,0.43186343774482844
Model 2,4,QuarterlyReturn_Lag1,0.0573141529745445,0.48917759071937295
Model 2,5,TradingMoney_cur,0.05168558067155211,0.5408631713909251
Model 2,6,VIX_YoY,0.029086607909154984,0.5699497793000801
Model 2,7,RediscountRate_YoY_last1,0.02687319115968712,0.5968229704597672
Model 2,8,ROE_last1,0.02662027902931226,0.6234432494890795
Model 2,9,VIX_YoY_Lag2,0.023367567696411018,0.6468108171854905
Model 2,10,FnG_YoY,0.02281459105495781,0.6696254082404482
Model 2,11,Last3mCumulativeRevenue_last1,0.02190118173698908,0.6915265899774373
Model 2,12,Last3mCumulativeRevenueGrowthRate_last1,0.02065280275055982,0.7121793927279971
Model 2,13,SOX_YoY,0.018921047095016724,0.7311004398230139
Model 2,14,ROA_last1,0.01817645491824883,0.7492768947412627
Model 2,15,IXIC_YoY_Lag3,0.01637136920397093,0.7656482639452337
Model 2,16,OverallIndex_YoY_last1,0.013312355798996553,0.7789606197442303
Model 2,17,IXIC_YoY,0.012989535987447664,0.7919501557316779
Model 2,18,FnG_YoY_Lag2,0.012903516409668622,0.8048536721413465
Model 2,19,QuarterlyReturn_Lag2,0.01201624444240914,0.8168699165837556
Model 2,20,EPS_last1,0.010789260561482003,0.8276591771452376
Model 2,1,Spread_cur,0.29251000368517355,0.29251000368517355
Model 2,2,TradingVolume_cur,0.07621820609635378,0.3687282097815273
Model 2,3,TradingTurnover_cur,0.07198636483050921,0.44071457461203656
Model 2,4,QuarterlyReturn_Lag1,0.060229274773844946,0.5009438493858815
Model 2,5,TradingMoney_cur,0.054878663687574984,0.5558225130734565
Model 2,6,VIX_YoY,0.025151231906320813,0.5809737449797774
Model 2,7,ROE_last1,0.025030906000216777,0.6060046509799941
Model 2,8,RediscountRate_YoY_last1,0.021824005401594702,0.6278286563815888
Model 2,9,FnG_YoY,0.021181899988099374,0.6490105563696882
Model 2,10,Last3mCumulativeRevenue_last1,0.020080750977605418,0.6690913073472936
Model 2,11,VIX_YoY_Lag2,0.018611573741948856,0.6877028810892425
Model 2,12,SOX_YoY,0.018160256718090323,0.7058631378073328
Model 2,13,Last3mCumulativeRevenueGrowthRate_last1,0.017993213304411164,0.723856351111744
Model 2,14,FnG_YoY_Lag2,0.01725595651075783,0.7411123076225018
Model 2,15,IXIC_YoY_Lag3,0.014921174685426388,0.7560334823079282
Model 2,16,ROA_last1,0.013946275017763314,0.7699797573256916
Model 2,17,IXIC_YoY,0.01373874524452624,0.7837185025702178
Model 2,18,OverallIndex_YoY_last1,0.011760400445148908,0.7954789030153667
Model 2,19,EPS_last1,0.011022200773312174,0.8065011037886789
Model 2,20,VIX_YoY_Lag1,0.011007491558280607,0.8175085953469595
Model 2,1,Spread_cur,0.2980399897108985,0.2980399897108985
Model 2,2,TradingVolume_cur,0.07427348393870153,0.37231347364960005
Model 2,3,TradingTurnover_cur,0.07351023289208981,0.44582370654168985
Model 2,4,TradingMoney_cur,0.06090590072506854,0.5067296072667584
Model 2,5,QuarterlyReturn_Lag1,0.0604005331992052,0.5671301404659637
Model 2,6,VIX_YoY,0.026704497668931893,0.5938346381348956
Model 2,7,ROE_last1,0.023053578265234985,0.6168882164001306
Model 2,8,RediscountRate_YoY_last1,0.02262862434433448,0.639516840744465
Model 2,9,Last3mCumulativeRevenue_last1,0.02107009169340156,0.6605869324378666
Model 2,10,FnG_YoY,0.01877990222926943,0.679366834667136
Model 2,11,SOX_YoY,0.018402754307843095,0.6977695889749791
Model 2,12,FnG_YoY_Lag2,0.018111377475596612,0.7158809664505758
Model 2,13,VIX_YoY_Lag2,0.016360840008064252,0.73224180645864
Model 2,14,IXIC_YoY,0.015072886507962981,0.747314692966603
Model 2,15,Last3mCumulativeRevenueGrowthRate_last1,0.014540621177241067,0.7618553141438441
Model 2,16,IXIC_YoY_Lag3,0.014304342990500322,0.7761596571343444
Model 2,17,ROA_last1,0.014031369059330842,0.7901910261936753
Model 2,18,OverallIndex_YoY_last1,0.01235859012638442,0.8025496163200597
Model 2,19,VIX_YoY_Lag1,0.01124835233983975,0.8137979686598995
Model 2,20,EPS_last1,0.011001604555985808,0.8247995732158853
Model 2,1,Spread_cur,0.26386019323079574,0.26386019323079574
Model 2,2,TradingTurnover_cur,0.08348628796349922,0.34734648119429495
Model 2,3,TradingVolume_cur,0.0694389025394328,0.41678538373372775
Model 2,4,TradingMoney_cur,0.0669854596951958,0.48377084342892357
Model 2,5,QuarterlyReturn_Lag1,0.05841933635140699,0.5421901797803306
Model 2,6,VIX_YoY,0.03244868795419816,0.5746388677345288
Model 2,7,RediscountRate_YoY_last1,0.02661882684206804,0.6012576945765968
Model 2,8,FnG_YoY,0.024498709764883036,0.6257564043414798
Model 2,9,VIX_YoY_Lag2,0.024270460493257612,0.6500268648347375
Model 2,10,Last3mCumulativeRevenueGrowthRate_last1,0.023900003725184808,0.6739268685599223
Model 2,11,ROE_last1,0.020894522534851065,0.6948213910947734
Model 2,12,SOX_YoY,0.01875862650597932,0.7135800176007527
Model 2,13,FnG_YoY_Lag2,0.018495384418574266,0.732075402019327
Model 2,14,Last3mCumulativeRevenue_last1,0.017814721110264158,0.7498901231295911
Model 2,15,IXIC_YoY_Lag3,0.01700715288752273,0.7668972760171139
Model 2,16,OverallIndex_YoY_last1,0.014407573101246436,0.7813048491183603
Model 2,17,IXIC_YoY,0.01214569908905767,0.793450548207418
Model 2,18,QuarterlyReturn_Lag2,0.011831215690904584,0.8052817638983226
Model 2,19,DJIA_YoY,0.011540255037594137,0.8168220189359168
Model 2,20,DJIA_YoY_Lag3,0.010770032910679572,0.8275920518465963
Model 2,1,Spread_cur,0.28260603529380723,0.28260603529380723
Model 2,2,TradingTurnover_cur,0.08324882552719577,0.365854860821003
Model 2,3,TradingVolume_cur,0.07885039177151831,0.4447052525925213
Model 2,4,QuarterlyReturn_Lag1,0.05925459992548349,0.5039598525180048
Model 2,5,TradingMoney_cur,0.05885658049061814,0.5628164330086229
Model 2,6,VIX_YoY,0.02663674737811927,0.5894531803867422
Model 2,7,RediscountRate_YoY_last1,0.02365941463854043,0.6131125950252826
Model 2,8,FnG_YoY,0.022370328124480247,0.6354829231497628
Model 2,9,FnG_YoY_Lag2,0.0201359010854485,0.6556188242352113
Model 2,10,VIX_YoY_Lag2,0.018983101964699354,0.6746019261999107
Model 2,11,Last3mCumulativeRevenue_last1,0.018951986779362225,0.6935539129792729
Model 2,12,ROE_last1,0.01878145373103228,0.7123353667103052
Model 2,13,SOX_YoY,0.017467256175821535,0.7298026228861267
Model 2,14,Last3mCumulativeRevenueGrowthRate_last1,0.016702600800132836,0.7465052236862596
Model 2,15,IXIC_YoY_Lag3,0.015928810207580996,0.7624340338938406
Model 2,16,OverallIndex_YoY_last1,0.014160922706656693,0.7765949566004973
Model 2,17,IXIC_YoY,0.013119706422357618,0.7897146630228549
Model 2,18,DJIA_YoY_Lag3,0.012485214965972376,0.8021998779888272
Model 2,19,VIX_YoY_Lag1,0.011648717650427146,0.8138485956392544
Model 2,20,DJIA_YoY,0.010507638602518792,0.8243562342417732
Model 2,1,Spread_cur,0.2945422330990773,0.2945422330990773
Model 2,2,TradingTurnover_cur,0.08102793262373398,0.37557016572281127
Model 2,3,TradingVolume_cur,0.0768210985243486,0.45239126424715986
Model 2,4,TradingMoney_cur,0.06332237194677767,0.5157136361939375
Model 2,5,QuarterlyReturn_Lag1,0.05965868212466886,0.5753723183186064
Model 2,6,VIX_YoY,0.027421680886427994,0.6027939992050344
Model 2,7,RediscountRate_YoY_last1,0.024479277866322056,0.6272732770713565
Model 2,8,FnG_YoY_Lag2,0.02024029524064133,0.6475135723119978
Model 2,9,FnG_YoY,0.020199290953183874,0.6677128632651816
Model 2,10,Last3mCumulativeRevenue_last1,0.019287411477530887,0.6870002747427125
Model 2,11,SOX_YoY,0.018015931917242493,0.705016206659955
Model 2,12,VIX_YoY_Lag2,0.01754754263050699,0.722563749290462
Model 2,13,ROE_last1,0.01718432391973735,0.7397480732101993
Model 2,14,IXIC_YoY_Lag3,0.01578715600827139,0.7555352292184707
Model 2,15,Last3mCumulativeRevenueGrowthRate_last1,0.014140337767109483,0.7696755669855802
Model 2,16,IXIC_YoY,0.013990636450162143,0.7836662034357423
Model 2,17,OverallIndex_YoY_last1,0.013596647331416984,0.7972628507671593
Model 2,18,VIX_YoY_Lag1,0.011962711988542932,0.8092255627557022
Model 2,19,DJIA_YoY_Lag3,0.011034097504436766,0.820259660260139
Model 2,20,VIX_YoY_Lag3,0.010795595994696662,0.8310552562548357
Model 2,1,Spread_cur,0.31491411817280696,0.31491411817280696
Model 2,2,TradingTurnover_cur,0.07822071703460762,0.39313483520741455
Model 2,3,TradingVolume_cur,0.07754843072402236,0.4706832659314369
Model 2,4,QuarterlyReturn_Lag1,0.05825435301960612,0.528937618951043
Model 2,5,TradingMoney_cur,0.05713808315201286,0.5860757021030558
Model 2,6,VIX_YoY,0.028134047549450078,0.6142097496525059
Model 2,7,FnG_YoY,0.02679161099769256,0.6410013606501984
Model 2,8,RediscountRate_YoY_last1,0.024864583900788825,0.6658659445509872
Model 2,9,VIX_YoY_Lag2,0.02070990985169347,0.6865758544026808
Model 2,10,SOX_YoY,0.01990478503864698,0.7064806394413278
Model 2,11,Last3mCumulativeRevenue_last1,0.017928818236551576,0.7244094576778793
Model 2,12,Last3mCumulativeRevenueGrowthRate_last1,0.017586607465496482,0.7419960651433758
Model 2,13,FnG_YoY_Lag2,0.01668952817501114,0.7586855933183869
Model 2,14,IXIC_YoY_Lag3,0.013857006197950869,0.7725425995163377
Model 2,15,IXIC_YoY,0.01307567536578905,0.7856182748821268
Model 2,16,OverallIndex_YoY_last1,0.013027081076583054,0.7986453559587098
Model 2,17,DJIA_YoY_Lag3,0.012505816251220898,0.8111511722099307
Model 2,18,ROE_last1,0.010997109932953332,0.822148282142884
Model 2,19,FnG_YoY_Lag3,0.010513988727597855,0.832662270870482
Model 2,20,VIX_YoY_Lag1,0.010021313660721669,0.8426835845312036
Model 2,1,Spread_cur,0.30141418972919987,0.30141418972919987
Model 2,2,TradingVolume_cur,0.08560042782120703,0.3870146175504069
Model 2,3,TradingTurnover_cur,0.07560077574934271,0.4626153932997496
Model 2,4,TradingMoney_cur,0.0586770709217071,0.5212924642214567
Model 2,5,QuarterlyReturn_Lag1,0.05793008873617894,0.5792225529576356
Model 2,6,VIX_YoY,0.026024592175147975,0.6052471451327835
Model 2,7,FnG_YoY,0.02353610624724706,0.6287832513800307
Model 2,8,RediscountRate_YoY_last1,0.02335932066334062,0.6521425720433713
Model 2,9,Last3mCumulativeRevenue_last1,0.02151657882149756,0.6736591508648689
Model 2,10,FnG_YoY_Lag2,0.02109483407406197,0.6947539849389309
Model 2,11,SOX_YoY,0.018159412098021303,0.7129133970369522
Model 2,12,VIX_YoY_Lag2,0.017429127942567183,0.7303425249795195
Model 2,13,IXIC_YoY_Lag3,0.015118816360548938,0.7454613413400684
Model 2,14,Last3mCumulativeRevenueGrowthRate_last1,0.014528107269838275,0.7599894486099066
Model 2,15,IXIC_YoY,0.014013216305468295,0.7740026649153748
Model 2,16,OverallIndex_YoY_last1,0.012717135964855944,0.7867198008802307
Model 2,17,ROE_last1,0.01267469567313342,0.7993944965533641
Model 2,18,DJIA_YoY_Lag3,0.012637905350803674,0.8120324019041678
Model 2,19,VIX_YoY_Lag3,0.011297804025763247,0.823330205929931
Model 2,20,VIX_YoY_Lag1,0.011200666225428892,0.8345308721553599
Model 2,1,Spread_cur,0.3120483865406414,0.3120483865406414
Model 2,2,TradingVolume_cur,0.08108528385831175,0.39313367039895314
Model 2,3,TradingTurnover_cur,0.0772384569126587,0.4703721273116118
Model 2,4,TradingMoney_cur,0.062391810454669315,0.5327639377662812
Model 2,5,QuarterlyReturn_Lag1,0.05798207862056535,0.5907460163868465
Model 2,6,VIX_YoY,0.028156378339080083,0.6189023947259267
Model 2,7,RediscountRate_YoY_last1,0.02474377714232123,0.6436461718682479
Model 2,8,Last3mCumulativeRevenue_last1,0.02148770640721964,0.6651338782754675
Model 2,9,FnG_YoY,0.02113350631345087,0.6862673845889184
Model 2,10,FnG_YoY_Lag2,0.020793831099850908,0.7070612156887693
Model 2,11,SOX_YoY,0.01891959338329923,0.7259808090720685
Model 2,12,VIX_YoY_Lag2,0.016684610398611008,0.7426654194706795
Model 2,13,IXIC_YoY_Lag3,0.014687407577105334,0.7573528270477848
Model 2,14,IXIC_YoY,0.014674886041149212,0.772027713088934
Model 2,15,OverallIndex_YoY_last1,0.012656425054126978,0.784684138143061
Model 2,16,ROE_last1,0.012215520420440789,0.7968996585635019
Model 2,17,Last3mCumulativeRevenueGrowthRate_last1,0.011927143336881827,0.8088268019003837
Model 2,18,VIX_YoY_Lag1,0.011916622628920686,0.8207434245293044
Model 2,19,DJIA_YoY_Lag3,0.011118920429235277,0.8318623449585396
Model 2,20,VIX_YoY_Lag3,0.010289294974852491,0.8421516399333921
Model 2,1,Spread_cur,0.6689004300996615,0.6689004300996615
Model 2,2,VIX_YoY,0.044005780020894045,0.7129062101205556
Model 2,3,QuarterlyReturn_Lag3,0.04268046470159293,0.7555866748221485
Model 2,4,FnG_YoY,0.03929019084481215,0.7948768656669606
Model 2,5,OverallIndex_YoY_last1,0.028075949484501844,0.8229528151514625
Model 2,6,FnG_YoY_Lag2,0.017599121292022218,0.8405519364434847
Model 2,7,ROE_last1,0.016787648662602316,0.857339585106087
Model 2,8,QuarterlyReturn_Lag1,0.016484069788307354,0.8738236548943943
Model 2,9,RediscountRate_YoY_Lag3_last1,0.01216655564028164,0.885990210534676
Model 2,10,ROA_last1,0.01122302151971948,0.8972132320543954
Model 2,11,QuarterlyReturn_Lag2,0.01111481742775797,0.9083280494821534
Model 2,12,VIX_YoY_Lag1,0.010556646355639928,0.9188846958377933
Model 2,13,EPS_last1,0.007687545983060664,0.926572241820854
Model 2,14,SOX_YoY,0.007271866215901891,0.9338441080367559
Model 2,15,TradingVolume_cur,0.005918445281227567,0.9397625533179834
Model 2,16,FnG_YoY_Lag3,0.005368716443120375,0.9451312697611038
Model 2,17,FnG_YoY_Lag1,0.003973811635660246,0.9491050813967641
Model 2,18,DJIA_YoY_Lag1,0.003925740282540493,0.9530308216793045
Model 2,19,TradingTurnover_cur,0.0039072557250455974,0.9569380774043501
Model 2,20,TotalUnempPct_YoY_last1,0.0037661017648980234,0.9607041791692481
Model 2,1,Spread_cur,0.6771014829382087,0.6771014829382087
Model 2,2,VIX_YoY,0.04448189880301092,0.7215833817412196
Model 2,3,QuarterlyReturn_Lag3,0.0371514377600814,0.7587348195013011
Model 2,4,FnG_YoY,0.03697148563360077,0.7957063051349018
Model 2,5,OverallIndex_YoY_last1,0.02866819028546818,0.82437449542037
Model 2,6,ROE_last1,0.01946811410392029,0.8438426095242902
Model 2,7,QuarterlyReturn_Lag1,0.01898527027107931,0.8628278797953696
Model 2,8,FnG_YoY_Lag2,0.017289159828529656,0.8801170396238992
Model 2,9,RediscountRate_YoY_Lag3_last1,0.012501204103161126,0.8926182437270603
Model 2,10,QuarterlyReturn_Lag2,0.011703124232111277,0.9043213679591716
Model 2,11,VIX_YoY_Lag1,0.010320897369512813,0.9146422653286844
Model 2,12,EPS_last1,0.009636830846740553,0.924279096175425
Model 2,13,ROA_last1,0.007739183206490103,0.9320182793819152
Model 2,14,FnG_YoY_Lag3,0.0062776210888878916,0.938295900470803
Model 2,15,SOX_YoY,0.00616984371049374,0.9444657441812968
Model 2,16,TradingVolume_cur,0.004539130692538244,0.949004874873835
Model 2,17,IXIC_YoY_Lag1,0.004083400002366079,0.9530882748762011
Model 2,18,TotalUnempPct_YoY_Lag3_last1,0.0035832674104756125,0.9566715422866767
Model 2,19,TradingTurnover_cur,0.0034865378243261703,0.9601580801110029
Model 2,20,FnG_YoY_Lag1,0.0033582241758549404,0.9635163042868579
Model 2,1,Spread_cur,0.6773299996148483,0.6773299996148483
Model 2,2,VIX_YoY,0.044371158012071116,0.7217011576269194
Model 2,3,FnG_YoY,0.03628907680119599,0.7579902344281154
Model 2,4,QuarterlyReturn_Lag3,0.03449000805579465,0.79248024248391
Model 2,5,OverallIndex_YoY_last1,0.02905951662994277,0.8215397591138528
Model 2,6,ROE_last1,0.02117845130776146,0.8427182104216142
Model 2,7,QuarterlyReturn_Lag1,0.0188313821290467,0.8615495925506609
Model 2,8,FnG_YoY_Lag2,0.01796335958913313,0.879512952139794
Model 2,9,RediscountRate_YoY_Lag3_last1,0.012901380954521426,0.8924143330943154
Model 2,10,QuarterlyReturn_Lag2,0.011574829763223089,0.9039891628575385
Model 2,11,VIX_YoY_Lag1,0.01015190428776922,0.9141410671453077
Model 2,12,EPS_last1,0.00940617215030055,0.9235472392956083
Model 2,13,ROA_last1,0.00807351208321502,0.9316207513788234
Model 2,14,FnG_YoY_Lag3,0.006324792676104039,0.9379455440549275
Model 2,15,SOX_YoY,0.0060643512676051775,0.9440098953225327
Model 2,16,TradingVolume_cur,0.005631317126538639,0.9496412124490713
Model 2,17,IXIC_YoY_Lag1,0.0041837457361988935,0.9538249581852701
Model 2,18,TotalUnempPct_YoY_Lag3_last1,0.003877155367555706,0.9577021135528259
Model 2,19,DJIA_YoY_Lag1,0.00306691056429127,0.9607690241171172
Model 2,20,TotalUnempPct_YoY_last1,0.00295601014839553,0.9637250342655127
Model 2,1,Spread_cur,0.696606994118401,0.696606994118401
Model 2,2,VIX_YoY,0.04647991826263397,0.743086912381035
Model 2,3,FnG_YoY,0.044076129727704375,0.7871630421087393
Model 2,4,OverallIndex_YoY_last1,0.027862851857984587,0.8150258939667239
Model 2,5,FnG_YoY_Lag2,0.018614138685055334,0.8336400326517792
Model 2,6,EPS_last1,0.016360244201399178,0.8500002768531784
Model 2,7,QuarterlyReturn_Lag1,0.015879490741176474,0.8658797675943548
Model 2,8,RediscountRate_YoY_Lag3_last1,0.013164958088549854,0.8790447256829047
Model 2,9,VIX_YoY_Lag1,0.010978529061558788,0.8900232547444635
Model 2,10,ROE_last1,0.010961093306815255,0.9009843480512788
Model 2,11,QuarterlyReturn_Lag2,0.009523649582351447,0.9105079976336302
Model 2,12,SOX_YoY,0.008121517408452296,0.9186295150420826
Model 2,13,QuarterlyReturn_Lag3,0.00614840971238858,0.9247779247544712
Model 2,14,TradingVolume_cur,0.006004317029925937,0.9307822417843972
Model 2,15,ROA_last1,0.005945074797902234,0.9367273165822994
Model 2,16,FnG_YoY_Lag3,0.004959380149234251,0.9416866967315336
Model 2,17,DJIA_YoY,0.004166258791906258,0.9458529555234398
Model 2,18,RediscountRate_YoY_last1,0.00408640187831081,0.9499393574017506
Model 2,19,IXIC_YoY_Lag1,0.003933508901161089,0.9538728663029117
Model 2,20,FnG_YoY_Lag1,0.003904516680516975,0.9577773829834286
Model 2,1,Spread_cur,0.7014399427563142,0.7014399427563142
Model 2,2,VIX_YoY,0.04663178573526941,0.7480717284915835
Model 2,3,FnG_YoY,0.040696011258116574,0.7887677397497002
Model 2,4,OverallIndex_YoY_last1,0.028671685561520426,0.8174394253112206
Model 2,5,FnG_YoY_Lag2,0.018762989514415518,0.8362024148256362
Model 2,6,QuarterlyReturn_Lag1,0.018356334805077465,0.8545587496307137
Model 2,7,RediscountRate_YoY_Lag3_last1,0.013602976029175118,0.8681617256598888
Model 2,8,ROE_last1,0.011567988096596241,0.879729713756485
Model 2,9,VIX_YoY_Lag1,0.011264331263045338,0.8909940450195304
Model 2,10,QuarterlyReturn_Lag2,0.01094539883731805,0.9019394438568484
Model 2,11,EPS_last1,0.010359171121166544,0.912298614978015
Model 2,12,QuarterlyReturn_Lag3,0.009432360751122814,0.9217309757291379
Model 2,13,SOX_YoY,0.0068859775450973775,0.9286169532742352
Model 2,14,RediscountRate_YoY_last1,0.005552684329453483,0.9341696376036887
Model 2,15,TradingVolume_cur,0.005331617170437906,0.9395012547741266
Model 2,16,VIX_YoY_Lag3,0.004985993589793594,0.9444872483639202
Model 2,17,ROA_last1,0.004734565291258884,0.9492218136551791
Model 2,18,IXIC_YoY_Lag1,0.0041968800576919355,0.953418693712871
Model 2,19,DJIA_YoY,0.0040779157548755315,0.9574966094677465
Model 2,20,FnG_YoY_Lag3,0.003955685776500864,0.9614522952442474
Model 2,1,Spread_cur,0.7011885701926069,0.7011885701926069
Model 2,2,VIX_YoY,0.04666539447120033,0.7478539646638073
Model 2,3,FnG_YoY,0.039784757568316724,0.787638722232124
Model 2,4,OverallIndex_YoY_last1,0.028984272594048382,0.8166229948261723
Model 2,5,FnG_YoY_Lag2,0.01911780253910917,0.8357407973652815
Model 2,6,QuarterlyReturn_Lag1,0.018095873338901544,0.853836670704183
Model 2,7,RediscountRate_YoY_Lag3_last1,0.014079699581119882,0.8679163702853029
Model 2,8,ROE_last1,0.012047648869951882,0.8799640191552548
Model 2,9,QuarterlyReturn_Lag2,0.011050891196798859,0.8910149103520536
Model 2,10,VIX_YoY_Lag1,0.010909154348694662,0.9019240647007483
Model 2,11,EPS_last1,0.010285536802548553,0.9122096015032968
Model 2,12,QuarterlyReturn_Lag3,0.008176620118946406,0.9203862216222432
Model 2,13,SOX_YoY,0.007010681055939621,0.9273969026781828
Model 2,14,ROA_last1,0.005938265967694811,0.9333351686458775
Model 2,15,RediscountRate_YoY_last1,0.0058885516612499685,0.9392237203071275
Model 2,16,TradingVolume_cur,0.005284965914861612,0.9445086862219891
Model 2,17,DJIA_YoY,0.004598698151926223,0.9491073843739154
Model 2,18,IXIC_YoY_Lag1,0.004353680758818214,0.9534610651327337
Model 2,19,FnG_YoY_Lag3,0.00426878409988898,0.9577298492326226
Model 2,20,VIX_YoY_Lag3,0.004257429573585037,0.9619872788062076
Model 2,1,Spread_cur,0.7192202456885384,0.7192202456885384
Model 2,2,VIX_YoY,0.049328574395894886,0.7685488200844333
Model 2,3,FnG_YoY,0.04438682950698878,0.8129356495914221
Model 2,4,OverallIndex_YoY_last1,0.027623093646411623,0.8405587432378336
Model 2,5,FnG_YoY_Lag2,0.019902492001499454,0.860461235239333
Model 2,6,QuarterlyReturn_Lag1,0.015052229582234043,0.8755134648215671
Model 2,7,RediscountRate_YoY_Lag3_last1,0.01318523480083281,0.8886986996223999
Model 2,8,VIX_YoY_Lag1,0.01222604698078707,0.900924746603187
Model 2,9,SOX_YoY,0.008918941058928978,0.909843687662116
Model 2,10,QuarterlyReturn_Lag2,0.008273518267591637,0.9181172059297076
Model 2,11,EPS_last1,0.006722177089097507,0.9248393830188051
Model 2,12,TotalUnempPct_YoY_Lag3_last1,0.006273130854455341,0.9311125138732604
Model 2,13,QuarterlyReturn_Lag3,0.0049368661627683325,0.9360493800360288
Model 2,14,TradingVolume_cur,0.004921015813055733,0.9409703958490845
Model 2,15,DJIA_YoY,0.004378292052444164,0.9453486879015286
Model 2,16,IXIC_YoY_Lag1,0.004285776946377415,0.949634464847906
Model 2,17,DJIA_YoY_Lag1,0.004109524852883,0.953743989700789
Model 2,18,TotalUnempPct_YoY_last1,0.00396483516617389,0.9577088248669628
Model 2,19,ROA_last1,0.003886882197950085,0.9615957070649129
Model 2,20,ROE_last1,0.0032483570408126227,0.9648440641057255
Model 2,1,Spread_cur,0.7222967486115714,0.7222967486115714
Model 2,2,VIX_YoY,0.04892596895877637,0.7712227175703478
Model 2,3,FnG_YoY,0.042539759647691404,0.8137624772180392
Model 2,4,OverallIndex_YoY_last1,0.028478358717807156,0.8422408359358463
Model 2,5,FnG_YoY_Lag2,0.019275017333054815,0.8615158532689011
Model 2,6,QuarterlyReturn_Lag1,0.016454023703540172,0.8779698769724413
Model 2,7,RediscountRate_YoY_Lag3_last1,0.013823321452928231,0.8917931984253695
Model 2,8,VIX_YoY_Lag1,0.01175804909421946,0.903551247519589
Model 2,9,QuarterlyReturn_Lag2,0.009296624212880796,0.9128478717324698
Model 2,10,SOX_YoY,0.008991757039847198,0.9218396287723171
Model 2,11,TotalUnempPct_YoY_Lag3_last1,0.00658484498035746,0.9284244737526746
Model 2,12,ROA_last1,0.005365449125262678,0.9337899228779373
Model 2,13,QuarterlyReturn_Lag3,0.005352448823727913,0.9391423717016651
Model 2,14,TradingVolume_cur,0.004805244341318771,0.9439476160429839
Model 2,15,IXIC_YoY_Lag1,0.0044832005671009275,0.9484308166100849
Model 2,16,DJIA_YoY,0.0043492794320498405,0.9527800960421348
Model 2,17,EPS_last1,0.0037633731115739757,0.9565434691537087
Model 2,18,SP500_YoY,0.003118559239591493,0.9596620283933002
Model 2,19,TradingTurnover_cur,0.0027998556398838572,0.962461884033184
Model 2,20,FnG_YoY_Lag1,0.002701200365238414,0.9651630843984225
Model 2,1,Spread_cur,0.7222871619175236,0.7222871619175236
Model 2,2,VIX_YoY,0.04864604227900685,0.7709332041965304
Model 2,3,FnG_YoY,0.04174356570775792,0.8126767699042884
Model 2,4,OverallIndex_YoY_last1,0.029116461510432422,0.8417932314147208
Model 2,5,FnG_YoY_Lag2,0.019904350732536963,0.8616975821472578
Model 2,6,QuarterlyReturn_Lag1,0.016153066048476168,0.877850648195734
Model 2,7,RediscountRate_YoY_Lag3_last1,0.014502332829337931,0.8923529810250719
Model 2,8,VIX_YoY_Lag1,0.011055567159183871,0.9034085481842558
Model 2,9,QuarterlyReturn_Lag2,0.009157434726286818,0.9125659829105426
Model 2,10,SOX_YoY,0.008854917310568684,0.9214209002211112
Model 2,11,TotalUnempPct_YoY_Lag3_last1,0.0062348542943160955,0.9276557545154274
Model 2,12,ROA_last1,0.00508153094811976,0.9327372854635472
Model 2,13,QuarterlyReturn_Lag3,0.005067971108295577,0.9378052565718428
Model 2,14,TradingVolume_cur,0.004941951468515707,0.9427472080403585
Model 2,15,DJIA_YoY,0.004670058055788326,0.9474172660961468
Model 2,16,IXIC_YoY_Lag1,0.004543997518686736,0.9519612636148336
Model 2,17,EPS_last1,0.0036918096158203707,0.955653073230654
Model 2,18,TotalUnempPct_YoY_last1,0.003375023175371987,0.9590280964060259
Model 2,19,DJIA_YoY_Lag1,0.0031628754465710812,0.962190971852597
Model 2,20,SP500_YoY,0.002946121716494962,0.965137093569092
Model 2,1,Spread_cur,0.3247916489455014,0.3247916489455014
Model 2,2,QuarterlyReturn_Lag1,0.06140566548328977,0.3861973144287911
Model 2,3,TradingTurnover_cur,0.06037048405117188,0.44656779847996303
Model 2,4,TradingVolume_cur,0.054930828427919055,0.501498626907882
Model 2,5,TradingMoney_cur,0.05474550095670918,0.5562441278645912
Model 2,6,Last3mCumulativeRevenue_last1,0.04124235228928816,0.5974864801538794
Model 2,7,ROE_last1,0.026661676481418848,0.6241481566352982
Model 2,8,EPS_last1,0.024367015806072704,0.6485151724413709
Model 2,9,Last3mCumulativeRevenueGrowthRate_last1,0.02180217751574719,0.6703173499571181
Model 2,10,QuarterlyReturn_Lag2,0.020273845845362407,0.6905911958024805
Model 2,11,QuarterlyReturn_Lag3,0.019207108391759826,0.7097983041942404
Model 2,12,ROA_last1,0.019164217657193054,0.7289625218514334
Model 2,13,VIX_YoY,0.01714008990151644,0.7461026117529498
Model 2,14,FnG_YoY,0.015193383251764947,0.7612959950047147
Model 2,15,ClosingPrice_cur,0.014997506787083897,0.7762935017917986
Model 2,16,RediscountRate_YoY_last1,0.014217420148727476,0.7905109219405261
Model 2,17,FnG_YoY_Lag2,0.013304219432644995,0.8038151413731711
Model 2,18,VIX_YoY_Lag2,0.013087828319027026,0.8169029696921981
Model 2,19,GrossMargin_last1,0.01183683474308764,0.8287398044352857
Model 2,20,SOX_YoY,0.011497264698621588,0.8402370691339073
Model 2,1,Spread_cur,0.3259925319227398,0.3259925319227398
Model 2,2,TradingTurnover_cur,0.058560006954765216,0.384552538877505
Model 2,3,TradingVolume_cur,0.05747005410062359,0.4420225929781286
Model 2,4,QuarterlyReturn_Lag1,0.056406838755546085,0.4984294317336747
Model 2,5,TradingMoney_cur,0.05329913889610838,0.5517285706297831
Model 2,6,Last3mCumulativeRevenue_last1,0.03906450771674983,0.5907930783465329
Model 2,7,ROE_last1,0.02873143491184821,0.6195245132583812
Model 2,8,EPS_last1,0.02274422146992858,0.6422687347283098
Model 2,9,QuarterlyReturn_Lag3,0.022010967848232827,0.6642797025765427
Model 2,10,Last3mCumulativeRevenueGrowthRate_last1,0.021584389221349445,0.6858640917978921
Model 2,11,ROA_last1,0.020952447239034392,0.7068165390369265
Model 2,12,QuarterlyReturn_Lag2,0.020278968719809214,0.7270955077567357
Model 2,13,VIX_YoY,0.018918701404671123,0.7460142091614068
Model 2,14,ClosingPrice_cur,0.01680339921261465,0.7628176083740215
Model 2,15,FnG_YoY,0.014340126499753615,0.777157734873775
Model 2,16,FnG_YoY_Lag2,0.013732602644268342,0.7908903375180434
Model 2,17,SOX_YoY,0.012896586981000501,0.8037869244990439
Model 2,18,RediscountRate_YoY_last1,0.012679350049317042,0.816466274548361
Model 2,19,GrossMargin_last1,0.011862098319917193,0.8283283728682782
Model 2,20,VIX_YoY_Lag2,0.011711534388274792,0.840039907256553
Model 2,1,Spread_cur,0.3214443271802153,0.3214443271802153
Model 2,2,TradingTurnover_cur,0.0602120427757854,0.3816563699560007
Model 2,3,QuarterlyReturn_Lag1,0.057561175207579335,0.43921754516358
Model 2,4,TradingVolume_cur,0.05694860520501049,0.4961661503685905
Model 2,5,TradingMoney_cur,0.055103307670503775,0.5512694580390943
Model 2,6,Last3mCumulativeRevenue_last1,0.03822416228910668,0.589493620328201
Model 2,7,ROE_last1,0.02820642047129766,0.6177000407994986
Model 2,8,QuarterlyReturn_Lag3,0.02325822239579159,0.6409582631952901
Model 2,9,EPS_last1,0.021304974868610875,0.662263238063901
Model 2,10,ROA_last1,0.02118852938580527,0.6834517674497063
Model 2,11,Last3mCumulativeRevenueGrowthRate_last1,0.02087136218548493,0.7043231296351912
Model 2,12,QuarterlyReturn_Lag2,0.020653077581717402,0.7249762072169086
Model 2,13,VIX_YoY,0.018342167743077707,0.7433183749599863
Model 2,14,ClosingPrice_cur,0.016488716380217566,0.7598070913402039
Model 2,15,RediscountRate_YoY_last1,0.014191250004967753,0.7739983413451716
Model 2,16,FnG_YoY_Lag2,0.013951776244909524,0.7879501175900812
Model 2,17,FnG_YoY,0.013941579555567773,0.8018916971456489
Model 2,18,SOX_YoY,0.012974345749197515,0.8148660428948464
Model 2,19,GrossMargin_last1,0.01250293074526552,0.827368973640112
Model 2,20,VIX_YoY_Lag2,0.0117342852019551,0.839103258842067
Model 2,1,Spread_cur,0.32846291006492534,0.32846291006492534
Model 2,2,QuarterlyReturn_Lag1,0.06336352798553321,0.3918264380504586
Model 2,3,TradingTurnover_cur,0.06209726616397547,0.45392370421443407
Model 2,4,TradingVolume_cur,0.06207593628259216,0.5159996404970262
Model 2,5,TradingMoney_cur,0.05450183372073294,0.5705014742177591
Model 2,6,Last3mCumulativeRevenue_last1,0.043010503935037164,0.6135119781527962
Model 2,7,ROE_last1,0.02194419922704655,0.6354561773798428
Model 2,8,VIX_YoY,0.019592852479808295,0.6550490298596511
Model 2,9,Last3mCumulativeRevenueGrowthRate_last1,0.01856269383074586,0.6736117236903969
Model 2,10,RediscountRate_YoY_last1,0.016250741465933284,0.6898624651563302
Model 2,11,EPS_last1,0.01621863680912418,0.7060811019654544
Model 2,12,QuarterlyReturn_Lag3,0.0161735195219537,0.722254621487408
Model 2,13,ROA_last1,0.015896685483810544,0.7381513069712186
Model 2,14,QuarterlyReturn_Lag2,0.01559629566047051,0.753747602631689
Model 2,15,FnG_YoY_Lag2,0.015438341277754548,0.7691859439094436
Model 2,16,FnG_YoY,0.014861789206044895,0.7840477331154885
Model 2,17,VIX_YoY_Lag2,0.013795909269988527,0.797843642385477
Model 2,18,ClosingPrice_cur,0.012330506464154711,0.8101741488496317
Model 2,19,SOX_YoY,0.012303047299697067,0.8224771961493288
Model 2,20,OverallIndex_YoY_last1,0.012079986917075505,0.8345571830664043
Model 2,1,Spread_cur,0.34292213156777634,0.34292213156777634
Model 2,2,TradingTurnover_cur,0.06101606816919053,0.4039381997369669
Model 2,3,TradingVolume_cur,0.05795625896399837,0.46189445870096524
Model 2,4,QuarterlyReturn_Lag1,0.05766268034760049,0.5195571390485657
Model 2,5,TradingMoney_cur,0.056472153344412676,0.5760292923929784
Model 2,6,Last3mCumulativeRevenue_last1,0.037163698992739386,0.6131929913857178
Model 2,7,ROE_last1,0.02140291152903928,0.6345959029147571
Model 2,8,VIX_YoY,0.020091245876537114,0.6546871487912942
Model 2,9,Last3mCumulativeRevenueGrowthRate_last1,0.018906241966980063,0.6735933907582743
Model 2,10,QuarterlyReturn_Lag2,0.018465184243629067,0.6920585750019034
Model 2,11,ROA_last1,0.01781138986133023,0.7098699648632336
Model 2,12,FnG_YoY_Lag2,0.016673075893773853,0.7265430407570075
Model 2,13,QuarterlyReturn_Lag3,0.016630133401640303,0.7431731741586478
Model 2,14,EPS_last1,0.015492397923737352,0.7586655720823852
Model 2,15,RediscountRate_YoY_last1,0.014762674771594807,0.7734282468539799
Model 2,16,FnG_YoY,0.014178200435616685,0.7876064472895966
Model 2,17,SOX_YoY,0.013900985918952058,0.8015074332085487
Model 2,18,VIX_YoY_Lag2,0.012946051479956575,0.8144534846885052
Model 2,19,ClosingPrice_cur,0.01259452489775697,0.8270480095862621
Model 2,20,OverallIndex_YoY_last1,0.010202183054027586,0.8372501926402897
Model 2,1,Spread_cur,0.350010941760173,0.350010941760173
Model 2,2,TradingTurnover_cur,0.06152330396110011,0.4115342457212731
Model 2,3,QuarterlyReturn_Lag1,0.057449401860029836,0.46898364758130295
Model 2,4,TradingVolume_cur,0.05664660981758518,0.5256302573988881
Model 2,5,TradingMoney_cur,0.05489728645009172,0.5805275438489799
Model 2,6,Last3mCumulativeRevenue_last1,0.03517465844407463,0.6157022022930545
Model 2,7,ROE_last1,0.02060251789314922,0.6363047201862038
Model 2,8,VIX_YoY,0.019591141749501214,0.6558958619357049
Model 2,9,Last3mCumulativeRevenueGrowthRate_last1,0.018658102061165322,0.6745539639968703
Model 2,10,ROA_last1,0.017790690379453862,0.6923446543763242
Model 2,11,QuarterlyReturn_Lag2,0.017718069443757953,0.7100627238200822
Model 2,12,QuarterlyReturn_Lag3,0.017185314082635506,0.7272480379027176
Model 2,13,EPS_last1,0.01630979484362955,0.7435578327463472
Model 2,14,FnG_YoY_Lag2,0.015697885387775223,0.7592557181341224
Model 2,15,FnG_YoY,0.014815224874000558,0.774070943008123
Model 2,16,RediscountRate_YoY_last1,0.014645972918085216,0.7887169159262082
Model 2,17,SOX_YoY,0.013774235118455344,0.8024911510446635
Model 2,18,VIX_YoY_Lag2,0.013022368436036538,0.8155135194807
Model 2,19,ClosingPrice_cur,0.012320823620337299,0.8278343431010373
Model 2,20,GrossMargin_last1,0.009881948019390838,0.8377162911204281
Model 2,1,Spread_cur,0.3580846664682044,0.3580846664682044
Model 2,2,TradingVolume_cur,0.060667255133668045,0.41875192160187247
Model 2,3,TradingTurnover_cur,0.05995683426975514,0.4787087558716276
Model 2,4,TradingMoney_cur,0.05899020334764285,0.5376989592192705
Model 2,5,QuarterlyReturn_Lag1,0.05895347224099198,0.5966524314602625
Model 2,6,Last3mCumulativeRevenue_last1,0.03621907738097731,0.6328715088412398
Model 2,7,VIX_YoY,0.021519147259243872,0.6543906561004836
Model 2,8,ROE_last1,0.0182810125593964,0.67267166865988
Model 2,9,FnG_YoY,0.01789540106044318,0.6905670697203232
Model 2,10,FnG_YoY_Lag2,0.016531286853334666,0.7070983565736579
Model 2,11,RediscountRate_YoY_last1,0.015960029437797004,0.7230583860114549
Model 2,12,Last3mCumulativeRevenueGrowthRate_last1,0.01526271484212588,0.7383211008535808
Model 2,13,QuarterlyReturn_Lag2,0.014951515703484504,0.7532726165570653
Model 2,14,VIX_YoY_Lag2,0.014469816771390824,0.7677424333284562
Model 2,15,EPS_last1,0.014202930128995006,0.7819453634574511
Model 2,16,IXIC_YoY_Lag3,0.012735994541160317,0.7946813579986115
Model 2,17,QuarterlyReturn_Lag3,0.01244204217524099,0.8071234001738525
Model 2,18,ROA_last1,0.012137963587765331,0.8192613637616178
Model 2,19,IXIC_YoY,0.011613968924016576,0.8308753326856344
Model 2,20,SOX_YoY,0.011521246234518194,0.8423965789201526
Model 2,1,Spread_cur,0.3607578725821627,0.3607578725821627
Model 2,2,TradingTurnover_cur,0.06274330743283241,0.4235011800149951
Model 2,3,TradingVolume_cur,0.060035327122380494,0.4835365071373756
Model 2,4,TradingMoney_cur,0.0572064315672885,0.5407429387046642
Model 2,5,QuarterlyReturn_Lag1,0.056620609826550365,0.5973635485312145
Model 2,6,Last3mCumulativeRevenue_last1,0.03432652328852947,0.631690071819744
Model 2,7,VIX_YoY,0.022474179093916073,0.65416425091366
Model 2,8,ROE_last1,0.017636335327558702,0.6718005862412187
Model 2,9,FnG_YoY_Lag2,0.016941076535763166,0.6887416627769819
Model 2,10,FnG_YoY,0.016829831931406542,0.7055714947083884
Model 2,11,Last3mCumulativeRevenueGrowthRate_last1,0.016637278623967182,0.7222087733323556
Model 2,12,SOX_YoY,0.014945524894317407,0.737154298226673
Model 2,13,QuarterlyReturn_Lag2,0.01409550760242544,0.7512498058290984
Model 2,14,RediscountRate_YoY_last1,0.01386881526718274,0.7651186210962811
Model 2,15,VIX_YoY_Lag2,0.013349401674078273,0.7784680227703594
Model 2,16,QuarterlyReturn_Lag3,0.012747157859450003,0.7912151806298094
Model 2,17,ROA_last1,0.01248370739055037,0.8036988880203598
Model 2,18,EPS_last1,0.012312347909270063,0.8160112359296299
Model 2,19,VIX_YoY_Lag1,0.010888710458607797,0.8268999463882377
Model 2,20,IXIC_YoY,0.010330185492126111,0.8372301318803639
Model 2,1,Spread_cur,0.36310336092058076,0.36310336092058076
Model 2,2,TradingTurnover_cur,0.06371823225926738,0.42682159317984814
Model 2,3,TradingVolume_cur,0.05902434211183962,0.48584593529168774
Model 2,4,QuarterlyReturn_Lag1,0.056759355120484065,0.5426052904121718
Model 2,5,TradingMoney_cur,0.05608741934972123,0.598692709761893
Model 2,6,Last3mCumulativeRevenue_last1,0.03366302240269117,0.6323557321645842
Model 2,7,VIX_YoY,0.02268027903583982,0.655036011200424
Model 2,8,FnG_YoY,0.016696797643511695,0.6717328088439357
Model 2,9,Last3mCumulativeRevenueGrowthRate_last1,0.01664318370045041,0.6883759925443861
Model 2,10,ROE_last1,0.01644970046167094,0.704825693006057
Model 2,11,FnG_YoY_Lag2,0.016398616579819822,0.7212243095858768
Model 2,12,SOX_YoY,0.01585652921635695,0.7370808388022337
Model 2,13,RediscountRate_YoY_last1,0.014770191212262772,0.7518510300144965
Model 2,14,QuarterlyReturn_Lag2,0.014029049758665917,0.7658800797731624
Model 2,15,VIX_YoY_Lag2,0.01322361416855601,0.7791036939417184
Model 2,16,QuarterlyReturn_Lag3,0.01290464280471072,0.7920083367464291
Model 2,17,EPS_last1,0.012728586495818189,0.8047369232422473
Model 2,18,ROA_last1,0.012612143179025091,0.8173490664212724
Model 2,19,VIX_YoY_Lag1,0.010449890085550369,0.8277989565068228
Model 2,20,OverallIndex_YoY_last1,0.010085528125316982,0.8378844846321397
Model 2,1,Spread_cur,0.27788306617758946,0.27788306617758946
Model 2,2,QuarterlyReturn_Lag1,0.06363145909767769,0.34151452527526716
Model 2,3,TradingTurnover_cur,0.06243923084404787,0.40395375611931505
Model 2,4,TradingVolume_cur,0.061208884171010725,0.4651626402903258
Model 2,5,TradingMoney_cur,0.061102375236084486,0.5262650155264103
Model 2,6,Last3mCumulativeRevenue_last1,0.03881268920593062,0.5650777047323409
Model 2,7,ROE_last1,0.030767257679548295,0.5958449624118891
Model 2,8,Last3mCumulativeRevenueGrowthRate_last1,0.02500950067196203,0.6208544630838512
Model 2,9,QuarterlyReturn_Lag3,0.024509539041285944,0.6453640021251371
Model 2,10,EPS_last1,0.022866007368953736,0.6682300094940908
Model 2,11,QuarterlyReturn_Lag2,0.022441358706954753,0.6906713682010456
Model 2,12,ROA_last1,0.02225263949449306,0.7129240076955387
Model 2,13,ClosingPrice_cur,0.017632509783462372,0.7305565174790011
Model 2,14,VIX_YoY,0.017319214286213722,0.7478757317652148
Model 2,15,FnG_YoY,0.016193216664986066,0.7640689484302009
Model 2,16,GrossMargin_last1,0.013896765108182371,0.7779657135383833
Model 2,17,VIX_YoY_Lag2,0.012998762481123948,0.7909644760195073
Model 2,18,SOX_YoY,0.012056139692285557,0.8030206157117928
Model 2,19,RediscountRate_YoY_last1,0.011973590031965613,0.8149942057437585
Model 2,20,FnG_YoY_Lag2,0.010585613471886213,0.8255798192156447
Model 2,1,Spread_cur,0.28949363620391355,0.28949363620391355
Model 2,2,TradingVolume_cur,0.0637878950181599,0.35328153122207345
Model 2,3,TradingTurnover_cur,0.062554789713986,0.41583632093605943
Model 2,4,QuarterlyReturn_Lag1,0.0609994554941241,0.47683577643018354
Model 2,5,TradingMoney_cur,0.057971629989231194,0.5348074064194147
Model 2,6,Last3mCumulativeRevenue_last1,0.03592283786868674,0.5707302442881015
Model 2,7,ROE_last1,0.02900500182010216,0.5997352461082036
Model 2,8,Last3mCumulativeRevenueGrowthRate_last1,0.023818268973153277,0.6235535150813569
Model 2,9,ROA_last1,0.023754902031765775,0.6473084171131227
Model 2,10,QuarterlyReturn_Lag2,0.021617774260114023,0.6689261913732367
Model 2,11,QuarterlyReturn_Lag3,0.021515053291302228,0.6904412446645389
Model 2,12,EPS_last1,0.020819437376096605,0.7112606820406355
Model 2,13,VIX_YoY,0.017205893617550285,0.7284665756581858
Model 2,14,ClosingPrice_cur,0.017071476695096875,0.7455380523532827
Model 2,15,GrossMargin_last1,0.014549186774919554,0.7600872391282023
Model 2,16,FnG_YoY,0.014382199853390863,0.7744694389815932
Model 2,17,FnG_YoY_Lag2,0.012383558351319157,0.7868529973329124
Model 2,18,VIX_YoY_Lag2,0.012150289388730433,0.7990032867216428
Model 2,19,SOX_YoY,0.011417786296433348,0.8104210730180761
Model 2,20,RediscountRate_YoY_last1,0.010849802395881479,0.8212708754139576
Model 2,1,Spread_cur,0.29271574266514555,0.29271574266514555
Model 2,2,TradingTurnover_cur,0.0627211609107274,0.35543690357587293
Model 2,3,TradingVolume_cur,0.06228222282084866,0.4177191263967216
Model 2,4,QuarterlyReturn_Lag1,0.059573155872293955,0.47729228226901554
Model 2,5,TradingMoney_cur,0.0584327311400313,0.5357250134090469
Model 2,6,Last3mCumulativeRevenue_last1,0.03605757577401679,0.5717825891830637
Model 2,7,ROE_last1,0.02874051079243895,0.6005230999755027
Model 2,8,ROA_last1,0.023476117308383254,0.623999217283886
Model 2,9,Last3mCumulativeRevenueGrowthRate_last1,0.023032833994911198,0.6470320512787971
Model 2,10,QuarterlyReturn_Lag2,0.022817461839995633,0.6698495131187928
Model 2,11,QuarterlyReturn_Lag3,0.022374598061388848,0.6922241111801817
Model 2,12,EPS_last1,0.021087681620960915,0.7133117928011425
Model 2,13,ClosingPrice_cur,0.017253969258012307,0.7305657620591548
Model 2,14,VIX_YoY,0.01714766156859644,0.7477134236277513
Model 2,15,GrossMargin_last1,0.014391574059350794,0.762104997687102
Model 2,16,FnG_YoY,0.013476370734894343,0.7755813684219964
Model 2,17,FnG_YoY_Lag2,0.013023261674447381,0.7886046300964438
Model 2,18,SOX_YoY,0.012529236954743131,0.8011338670511869
Model 2,19,RediscountRate_YoY_last1,0.012439753413485759,0.8135736204646727
Model 2,20,VIX_YoY_Lag2,0.011916116998478846,0.8254897374631516
Model 2,1,Spread_cur,0.30255449180890687,0.30255449180890687
Model 2,2,TradingTurnover_cur,0.06909559053848664,0.3716500823473935
Model 2,3,TradingVolume_cur,0.06346141149490794,0.4351114938423014
Model 2,4,QuarterlyReturn_Lag1,0.061275202748519476,0.4963866965908209
Model 2,5,TradingMoney_cur,0.05849102147727406,0.5548777180680949
Model 2,6,Last3mCumulativeRevenue_last1,0.03608833344134823,0.5909660515094431
Model 2,7,VIX_YoY,0.0235284376566254,0.6144944891660685
Model 2,8,Last3mCumulativeRevenueGrowthRate_last1,0.022898592674360972,0.6373930818404295
Model 2,9,ROA_last1,0.02008964553914884,0.6574827273795784
Model 2,10,ROE_last1,0.019722951101982144,0.6772056784815605
Model 2,11,QuarterlyReturn_Lag2,0.017760609761036893,0.6949662882425974
Model 2,12,FnG_YoY,0.017379515352357808,0.7123458035949553
Model 2,13,QuarterlyReturn_Lag3,0.017139689512929577,0.7294854931078848
Model 2,14,EPS_last1,0.016748720696526782,0.7462342138044116
Model 2,15,SOX_YoY,0.016223303267366457,0.762457517071778
Model 2,16,VIX_YoY_Lag2,0.01520125003141189,0.7776587671031899
Model 2,17,RediscountRate_YoY_last1,0.014127985828180773,0.7917867529313707
Model 2,18,ClosingPrice_cur,0.013745829023638361,0.8055325819550091
Model 2,19,FnG_YoY_Lag2,0.012151184047414386,0.8176837660024234
Model 2,20,IXIC_YoY,0.010499414714431441,0.8281831807168548
Model 2,1,Spread_cur,0.3088863990242725,0.3088863990242725
Model 2,2,TradingTurnover_cur,0.07177488804178901,0.3806612870660615
Model 2,3,TradingVolume_cur,0.061911717346356906,0.4425730044124184
Model 2,4,QuarterlyReturn_Lag1,0.061351376160570355,0.5039243805729888
Model 2,5,TradingMoney_cur,0.052063993164255966,0.5559883737372447
Model 2,6,Last3mCumulativeRevenue_last1,0.03565612227727632,0.5916444960145211
Model 2,7,Last3mCumulativeRevenueGrowthRate_last1,0.02244722197190232,0.6140917179864234
Model 2,8,ROE_last1,0.021420505567227497,0.6355122235536509
Model 2,9,VIX_YoY,0.02078512730479558,0.6562973508584464
Model 2,10,EPS_last1,0.018071498604628908,0.6743688494630753
Model 2,11,ROA_last1,0.01759782279019796,0.6919666722532732
Model 2,12,QuarterlyReturn_Lag2,0.01706719016915481,0.709033862422428
Model 2,13,QuarterlyReturn_Lag3,0.01695848723389881,0.7259923496563269
Model 2,14,VIX_YoY_Lag2,0.015273778187782855,0.7412661278441097
Model 2,15,FnG_YoY,0.01488472432854274,0.7561508521726524
Model 2,16,FnG_YoY_Lag2,0.01468435141531085,0.7708352035879633
Model 2,17,ClosingPrice_cur,0.014442628397753706,0.785277831985717
Model 2,18,SOX_YoY,0.013435503624394982,0.7987133356101119
Model 2,19,RediscountRate_YoY_last1,0.012870404003750493,0.8115837396138624
Model 2,20,GrossMargin_last1,0.010489798259196964,0.8220735378730594
Model 2,1,Spread_cur,0.31550043766556785,0.31550043766556785
Model 2,2,TradingTurnover_cur,0.06850820623793129,0.38400864390349915
Model 2,3,TradingVolume_cur,0.06224052148419501,0.44624916538769416
Model 2,4,QuarterlyReturn_Lag1,0.059632959656762644,0.5058821250444568
Model 2,5,TradingMoney_cur,0.05377894379126318,0.55966106883572
Model 2,6,Last3mCumulativeRevenue_last1,0.035384438543553574,0.5950455073792735
Model 2,7,ROE_last1,0.022793507499942106,0.6178390148792157
Model 2,8,Last3mCumulativeRevenueGrowthRate_last1,0.020931612459497765,0.6387706273387135
Model 2,9,VIX_YoY,0.02002590029925735,0.6587965276379708
Model 2,10,EPS_last1,0.017223611665342173,0.676020139303313
Model 2,11,ROA_last1,0.01713158843473295,0.6931517277380459
Model 2,12,QuarterlyReturn_Lag2,0.01711275217005204,0.7102644799080979
Model 2,13,QuarterlyReturn_Lag3,0.01708331372632657,0.7273477936344245
Model 2,14,FnG_YoY,0.014862173263775353,0.7422099668981998
Model 2,15,FnG_YoY_Lag2,0.014663063066762199,0.7568730299649621
Model 2,16,ClosingPrice_cur,0.014396888892934123,0.7712699188578962
Model 2,17,SOX_YoY,0.014090034115108615,0.7853599529730048
Model 2,18,VIX_YoY_Lag2,0.01377418745741998,0.7991341404304247
Model 2,19,RediscountRate_YoY_last1,0.013277833615362401,0.8124119740457871
Model 2,20,GrossMargin_last1,0.01024742099204556,0.8226593950378327
Model 2,1,Spread_cur,0.2997068806643452,0.2997068806643452
Model 2,2,TradingTurnover_cur,0.07197315228528957,0.37168003294963475
Model 2,3,TradingMoney_cur,0.06724334551068421,0.438923378460319
Model 2,4,QuarterlyReturn_Lag1,0.06447976449687244,0.5034031429571915
Model 2,5,TradingVolume_cur,0.06212537420079063,0.5655285171579821
Model 2,6,Last3mCumulativeRevenue_last1,0.034211014280695264,0.5997395314386774
Model 2,7,VIX_YoY,0.027086406185573817,0.6268259376242512
Model 2,8,FnG_YoY,0.020724866326681798,0.647550803950933
Model 2,9,ROE_last1,0.019332162901902324,0.6668829668528353
Model 2,10,Last3mCumulativeRevenueGrowthRate_last1,0.01903584622205592,0.6859188130748912
Model 2,11,RediscountRate_YoY_last1,0.015494367609169488,0.7014131806840607
Model 2,12,EPS_last1,0.015325729070312447,0.7167389097543732
Model 2,13,VIX_YoY_Lag2,0.014873880760396332,0.7316127905147695
Model 2,14,SOX_YoY,0.014010233060904004,0.7456230235756734
Model 2,15,QuarterlyReturn_Lag2,0.013299873265593131,0.7589228968412666
Model 2,16,ROA_last1,0.012655342487493733,0.7715782393287604
Model 2,17,QuarterlyReturn_Lag3,0.012441848474030136,0.7840200878027905
Model 2,18,FnG_YoY_Lag2,0.012359133469628001,0.7963792212724186
Model 2,19,ClosingPrice_cur,0.01143326131298005,0.8078124825853986
Model 2,20,OverallIndex_YoY_last1,0.010960145024765978,0.8187726276101646
Model 2,1,Spread_cur,0.31495997460143604,0.31495997460143604
Model 2,2,TradingTurnover_cur,0.07060294659431397,0.38556292119575003
Model 2,3,TradingVolume_cur,0.06495717850808184,0.4505200997038319
Model 2,4,QuarterlyReturn_Lag1,0.060493042543015685,0.5110131422468476
Model 2,5,TradingMoney_cur,0.05964455797363446,0.570657700220482
Model 2,6,Last3mCumulativeRevenue_last1,0.03274038603915697,0.603398086259639
Model 2,7,VIX_YoY,0.022248002275177047,0.6256460885348161
Model 2,8,Last3mCumulativeRevenueGrowthRate_last1,0.020216272408891706,0.6458623609437077
Model 2,9,FnG_YoY,0.017002254041581642,0.6628646149852894
Model 2,10,ROE_last1,0.016749273468944333,0.6796138884542337
Model 2,11,FnG_YoY_Lag2,0.015299882229578732,0.6949137706838124
Model 2,12,RediscountRate_YoY_last1,0.014860559504209834,0.7097743301880223
Model 2,13,VIX_YoY_Lag2,0.01477701240915858,0.7245513425971809
Model 2,14,EPS_last1,0.014450286464325822,0.7390016290615067
Model 2,15,QuarterlyReturn_Lag2,0.014353142969826855,0.7533547720313335
Model 2,16,SOX_YoY,0.01384985996032975,0.7672046319916632
Model 2,17,QuarterlyReturn_Lag3,0.01277473286797165,0.7799793648596349
Model 2,18,ROA_last1,0.012669943735256517,0.7926493085948915
Model 2,19,ClosingPrice_cur,0.011564569668088673,0.8042138782629802
Model 2,20,IXIC_YoY_Lag3,0.010775026312293047,0.8149889045752733
Model 2,1,Spread_cur,0.31765215981437517,0.31765215981437517
Model 2,2,TradingTurnover_cur,0.07159075295209524,0.3892429127664704
Model 2,3,TradingVolume_cur,0.06369963670972804,0.45294254947619844
Model 2,4,TradingMoney_cur,0.06026560493144955,0.513208154407648
Model 2,5,QuarterlyReturn_Lag1,0.059559146998255985,0.572767301405904
Model 2,6,Last3mCumulativeRevenue_last1,0.03252749347271074,0.6052947948786148
Model 2,7,VIX_YoY,0.021609609061705563,0.6269044039403204
Model 2,8,Last3mCumulativeRevenueGrowthRate_last1,0.01940338063303714,0.6463077845733576
Model 2,9,ROE_last1,0.016395069877006136,0.6627028544503637
Model 2,10,FnG_YoY,0.016318335905120412,0.6790211903554841
Model 2,11,FnG_YoY_Lag2,0.01585157847900133,0.6948727688344855
Model 2,12,RediscountRate_YoY_last1,0.015174552703188932,0.7100473215376744
Model 2,13,SOX_YoY,0.014602822391151047,0.7246501439288254
Model 2,14,QuarterlyReturn_Lag2,0.014149539913963309,0.7387996838427887
Model 2,15,VIX_YoY_Lag2,0.01402308668542148,0.7528227705282102
Model 2,16,EPS_last1,0.013999639147175844,0.7668224096753861
Model 2,17,ROA_last1,0.012881101693656116,0.7797035113690421
Model 2,18,QuarterlyReturn_Lag3,0.012810946528665743,0.7925144578977079
Model 2,19,ClosingPrice_cur,0.011986798601104654,0.8045012564988125
Model 2,20,IXIC_YoY_Lag3,0.010625508245497678,0.8151267647443102
Model 2,1,Spread_cur,0.5103899181862603,0.5103899181862603
Model 2,2,QuarterlyReturn_Lag3,0.04950259471186008,0.5598925128981205
Model 2,3,QuarterlyReturn_Lag1,0.04831542710661513,0.6082079400047355
Model 2,4,QuarterlyReturn_Lag2,0.038250088128080034,0.6464580281328156
Model 2,5,VIX_YoY,0.03644571486949928,0.6829037430023149
Model 2,6,FnG_YoY,0.033035298475376555,0.7159390414776915
Model 2,7,ROE_last1,0.02181159760869379,0.7377506390863853
Model 2,8,TradingVolume_cur,0.02177302217298614,0.7595236612593714
Model 2,9,OverallIndex_YoY_last1,0.021507213602876683,0.7810308748622481
Model 2,10,EPS_last1,0.017817181933532458,0.7988480567957805
Model 2,11,FnG_YoY_Lag2,0.017276153393966508,0.816124210189747
Model 2,12,ROA_last1,0.015585580327280144,0.8317097905170272
Model 2,13,TradingTurnover_cur,0.012948668526646065,0.8446584590436733
Model 2,14,TradingMoney_cur,0.012279323988334936,0.8569377830320083
Model 2,15,Last3mCumulativeRevenueGrowthRate_last1,0.011091497058627782,0.8680292800906361
Model 2,16,Last3mCumulativeRevenue_last1,0.01074014763984069,0.8787694277304767
Model 2,17,ClosingPrice_cur,0.010693439496044866,0.8894628672265216
Model 2,18,RediscountRate_YoY_Lag3_last1,0.009960837185717008,0.8994237044122386
Model 2,19,VIX_YoY_Lag1,0.009923075912689308,0.9093467803249279
Model 2,20,FnG_YoY_Lag1,0.008904732854730731,0.9182515131796586
Model 2,1,Spread_cur,0.5146635485442187,0.5146635485442187
Model 2,2,QuarterlyReturn_Lag1,0.048386195054205314,0.563049743598424
Model 2,3,QuarterlyReturn_Lag3,0.04484565497024485,0.6078953985686688
Model 2,4,QuarterlyReturn_Lag2,0.038951781089329195,0.646847179657998
Model 2,5,VIX_YoY,0.03587794395274101,0.682725123610739
Model 2,6,FnG_YoY,0.031212754789522214,0.7139378784002612
Model 2,7,ROE_last1,0.024686443442600084,0.7386243218428613
Model 2,8,OverallIndex_YoY_last1,0.02219127029238646,0.7608155921352477
Model 2,9,TradingVolume_cur,0.020434056672463653,0.7812496488077114
Model 2,10,EPS_last1,0.019307519325466305,0.8005571681331777
Model 2,11,FnG_YoY_Lag2,0.017315963383173608,0.8178731315163513
Model 2,12,TradingTurnover_cur,0.012835133507052262,0.8307082650234036
Model 2,13,ROA_last1,0.012390432431094393,0.843098697454498
Model 2,14,TradingMoney_cur,0.012337497784912511,0.8554361952394105
Model 2,15,Last3mCumulativeRevenue_last1,0.011309275313953121,0.8667454705533636
Model 2,16,Last3mCumulativeRevenueGrowthRate_last1,0.011168458003910442,0.877913928557274
Model 2,17,ClosingPrice_cur,0.010666456146424119,0.8885803847036982
Model 2,18,RediscountRate_YoY_Lag3_last1,0.009999802250011451,0.8985801869537096
Model 2,19,VIX_YoY_Lag1,0.009628471261059894,0.9082086582147695
Model 2,20,FnG_YoY_Lag1,0.008340812147036025,0.9165494703618056
Model 2,1,Spread_cur,0.5137248714452691,0.5137248714452691
Model 2,2,QuarterlyReturn_Lag1,0.04898537789437686,0.562710249339646
Model 2,3,QuarterlyReturn_Lag3,0.04283237651021484,0.6055426258498608
Model 2,4,QuarterlyReturn_Lag2,0.03884244726071373,0.6443850731105746
Model 2,5,VIX_YoY,0.035748728288943904,0.6801338013995185
Model 2,6,FnG_YoY,0.030579210337543673,0.7107130117370621
Model 2,7,ROE_last1,0.025763921679023728,0.7364769334160859
Model 2,8,OverallIndex_YoY_last1,0.022375970271776527,0.7588529036878624
Model 2,9,TradingVolume_cur,0.021079819577483613,0.779932723265346
Model 2,10,EPS_last1,0.0193453728408979,0.7992780961062439
Model 2,11,FnG_YoY_Lag2,0.01794947687106346,0.8172275729773073
Model 2,12,ROA_last1,0.012791699547182253,0.8300192725244896
Model 2,13,TradingTurnover_cur,0.012618508068889818,0.8426377805933795
Model 2,14,TradingMoney_cur,0.012558430207242736,0.8551962108006222
Model 2,15,Last3mCumulativeRevenueGrowthRate_last1,0.011463655305408393,0.8666598661060306
Model 2,16,Last3mCumulativeRevenue_last1,0.011298831114690044,0.8779586972207207
Model 2,17,ClosingPrice_cur,0.010413448210439954,0.8883721454311607
Model 2,18,RediscountRate_YoY_Lag3_last1,0.010268352886784788,0.8986404983179455
Model 2,19,VIX_YoY_Lag1,0.009462600130525313,0.9081030984484708
Model 2,20,GrossMargin_last1,0.008291598467166667,0.9163946969156375
Model 2,1,Spread_cur,0.551888019139687,0.551888019139687
Model 2,2,QuarterlyReturn_Lag1,0.04231441015776615,0.5942024292974531
Model 2,3,VIX_YoY,0.03907219594971192,0.633274625247165
Model 2,4,FnG_YoY,0.03684133341598171,0.6701159586631468
Model 2,5,QuarterlyReturn_Lag2,0.035445097907763484,0.7055610565709103
Model 2,6,EPS_last1,0.023177008449476164,0.7287380650203864
Model 2,7,OverallIndex_YoY_last1,0.02236590329928556,0.751103968319672
Model 2,8,QuarterlyReturn_Lag3,0.01998351730894941,0.7710874856286214
Model 2,9,FnG_YoY_Lag2,0.019150057401480448,0.7902375430301019
Model 2,10,TradingVolume_cur,0.01905952648102732,0.8092970695111291
Model 2,11,ROE_last1,0.016082949187728665,0.8253800186988578
Model 2,12,RediscountRate_YoY_Lag3_last1,0.011088405316350974,0.8364684240152088
Model 2,13,TradingTurnover_cur,0.01085689514031926,0.8473253191555281
Model 2,14,VIX_YoY_Lag1,0.010651386043116837,0.857976705198645
Model 2,15,ROA_last1,0.010021281410350793,0.8679979866089957
Model 2,16,Last3mCumulativeRevenueGrowthRate_last1,0.009829775368891914,0.8778277619778877
Model 2,17,Last3mCumulativeRevenue_last1,0.009566650053232102,0.8873944120311198
Model 2,18,TradingMoney_cur,0.00898738542809021,0.89638179745921
Model 2,19,FnG_YoY_Lag1,0.008498470936421709,0.9048802683956317
Model 2,20,ClosingPrice_cur,0.00847180163570888,0.9133520700313407
Model 2,1,Spread_cur,0.5547092247569552,0.5547092247569552
Model 2,2,QuarterlyReturn_Lag1,0.04316205391444037,0.5978712786713956
Model 2,3,VIX_YoY,0.03893866571947351,0.636809944390869
Model 2,4,QuarterlyReturn_Lag2,0.036488484277892023,0.673298428668761
Model 2,5,FnG_YoY,0.03480027036747953,0.7080986990362406
Model 2,6,OverallIndex_YoY_last1,0.023123122981494874,0.7312218220177354
Model 2,7,QuarterlyReturn_Lag3,0.02142320896275432,0.7526450309804897
Model 2,8,FnG_YoY_Lag2,0.019452514857298063,0.7720975458377878
Model 2,9,EPS_last1,0.01855806993588527,0.790655615773673
Model 2,10,TradingVolume_cur,0.01833164855988645,0.8089872643335595
Model 2,11,ROE_last1,0.017002026446883516,0.825989290780443
Model 2,12,RediscountRate_YoY_Lag3_last1,0.011243673734041002,0.837232964514484
Model 2,13,VIX_YoY_Lag1,0.010639469454132636,0.8478724339686167
Model 2,14,TradingTurnover_cur,0.010494618889891274,0.8583670528585079
Model 2,15,Last3mCumulativeRevenueGrowthRate_last1,0.009897611795394824,0.8682646646539027
Model 2,16,Last3mCumulativeRevenue_last1,0.009518647296649137,0.8777833119505518
Model 2,17,ROA_last1,0.009232857980859313,0.8870161699314111
Model 2,18,TradingMoney_cur,0.008930294374576358,0.8959464643059875
Model 2,19,ClosingPrice_cur,0.008533824586075345,0.9044802888920628
Model 2,20,VIX_YoY_Lag3,0.008389408033670739,0.9128696969257335
Model 2,1,Spread_cur,0.5539695708810838,0.5539695708810838
Model 2,2,QuarterlyReturn_Lag1,0.04327884719850678,0.5972484180795906
Model 2,3,VIX_YoY,0.039099722342959144,0.6363481404225497
Model 2,4,QuarterlyReturn_Lag2,0.03664695773815283,0.6729950981607026
Model 2,5,FnG_YoY,0.034114523142733534,0.7071096213034361
Model 2,6,OverallIndex_YoY_last1,0.023389605256323484,0.7304992265597596
Model 2,7,QuarterlyReturn_Lag3,0.0204403442986979,0.7509395708584575
Model 2,8,FnG_YoY_Lag2,0.019620100162985585,0.7705596710214431
Model 2,9,EPS_last1,0.018645288287419282,0.7892049593088624
Model 2,10,TradingVolume_cur,0.01803467356991521,0.8072396328787775
Model 2,11,ROE_last1,0.017630772065717608,0.8248704049444952
Model 2,12,RediscountRate_YoY_Lag3_last1,0.011616394347922561,0.8364867992924178
Model 2,13,TradingTurnover_cur,0.01052511243315034,0.8470119117255681
Model 2,14,VIX_YoY_Lag1,0.010197289784502404,0.8572092015100705
Model 2,15,ROA_last1,0.010080163656085214,0.8672893651661557
Model 2,16,Last3mCumulativeRevenueGrowthRate_last1,0.009798538242792185,0.8770879034089479
Model 2,17,Last3mCumulativeRevenue_last1,0.00955721865322816,0.886645122062176
Model 2,18,TradingMoney_cur,0.008636016579651965,0.895281138641828
Model 2,19,ClosingPrice_cur,0.00856688682581398,0.903848025467642
Model 2,20,FnG_YoY_Lag1,0.0076439303386634655,0.9114919558063055
Model 2,1,Spread_cur,0.5942730453371673,0.5942730453371673
Model 2,2,VIX_YoY,0.043315257422764236,0.6375883027599315
Model 2,3,FnG_YoY,0.038590595135174995,0.6761788978951065
Model 2,4,QuarterlyReturn_Lag1,0.03710539925770966,0.7132842971528162
Model 2,5,QuarterlyReturn_Lag2,0.0329754798320877,0.7462597769849039
Model 2,6,OverallIndex_YoY_last1,0.02341780401188367,0.7696775809967875
Model 2,7,FnG_YoY_Lag2,0.020201933870923415,0.7898795148677109
Model 2,8,QuarterlyReturn_Lag3,0.015886867463583528,0.8057663823312944
Model 2,9,EPS_last1,0.014790415267998215,0.8205567975992926
Model 2,10,TradingVolume_cur,0.014337380748358478,0.834894178347651
Model 2,11,VIX_YoY_Lag1,0.011594503525581416,0.8464886818732325
Model 2,12,RediscountRate_YoY_Lag3_last1,0.011501496507912113,0.8579901783811446
Model 2,13,Last3mCumulativeRevenue_last1,0.008523316813036608,0.8665134951941812
Model 2,14,TradingTurnover_cur,0.008431874806602005,0.8749453700007832
Model 2,15,ROE_last1,0.008427138293626929,0.8833725082944102
Model 2,16,SOX_YoY,0.008099657595685076,0.8914721658900953
Model 2,17,Last3mCumulativeRevenueGrowthRate_last1,0.008060844680922184,0.8995330105710174
Model 2,18,TotalUnempPct_YoY_Lag3_last1,0.007944950577443483,0.9074779611484609
Model 2,19,FnG_YoY_Lag1,0.0077368444326733,0.9152148055811342
Model 2,20,ROA_last1,0.006763977831690802,0.921978783412825
Model 2,1,Spread_cur,0.5961338424803871,0.5961338424803871
Model 2,2,VIX_YoY,0.042676431765339744,0.6388102742457269
Model 2,3,QuarterlyReturn_Lag1,0.03764636921826014,0.676456643463987
Model 2,4,FnG_YoY,0.03753736581723658,0.7139940092812236
Model 2,5,QuarterlyReturn_Lag2,0.0336600922519586,0.7476541015331822
Model 2,6,OverallIndex_YoY_last1,0.024124533760069858,0.7717786352932521
Model 2,7,FnG_YoY_Lag2,0.020450827458203827,0.7922294627514559
Model 2,8,QuarterlyReturn_Lag3,0.015729124472010858,0.8079585872234667
Model 2,9,TradingVolume_cur,0.014150147448495505,0.8221087346719622
Model 2,10,EPS_last1,0.01243280842907208,0.8345415431010343
Model 2,11,RediscountRate_YoY_Lag3_last1,0.011652240600946448,0.8461937837019808
Model 2,12,VIX_YoY_Lag1,0.011182617185089581,0.8573764008870705
Model 2,13,TradingTurnover_cur,0.008484701819827172,0.8658611027068976
Model 2,14,SOX_YoY,0.008392172744106948,0.8742532754510046
Model 2,15,Last3mCumulativeRevenueGrowthRate_last1,0.008253906303913826,0.8825071817549185
Model 2,16,Last3mCumulativeRevenue_last1,0.00808937445157584,0.8905965562064944
Model 2,17,ROE_last1,0.008061011134839861,0.8986575673413342
Model 2,18,ROA_last1,0.007988784104680286,0.9066463514460145
Model 2,19,TotalUnempPct_YoY_Lag3_last1,0.007872663660333115,0.9145190151063476
Model 2,20,FnG_YoY_Lag1,0.007397873751750429,0.921916888858098
Model 2,1,Spread_cur,0.5952597787785706,0.5952597787785706
Model 2,2,VIX_YoY,0.042682700622589324,0.6379424794011599
Model 2,3,QuarterlyReturn_Lag1,0.037829783739128785,0.6757722631402887
Model 2,4,FnG_YoY,0.036752986782028985,0.7125252499223177
Model 2,5,QuarterlyReturn_Lag2,0.03374264077988756,0.7462678907022052
Model 2,6,OverallIndex_YoY_last1,0.024534777981723023,0.7708026686839282
Model 2,7,FnG_YoY_Lag2,0.020888150247635042,0.7916908189315632
Model 2,8,QuarterlyReturn_Lag3,0.015604117192708267,0.8072949361242715
Model 2,9,TradingVolume_cur,0.014302116387678428,0.8215970525119499
Model 2,10,EPS_last1,0.012419814030470645,0.8340168665424206
Model 2,11,RediscountRate_YoY_Lag3_last1,0.012246446945139976,0.8462633134875606
Model 2,12,VIX_YoY_Lag1,0.010506010763511917,0.8567693242510724
Model 2,13,SOX_YoY,0.00840954044212658,0.865178864693199
Model 2,14,TradingTurnover_cur,0.0083369326149678,0.8735157973081669
Model 2,15,Last3mCumulativeRevenueGrowthRate_last1,0.008173630376409705,0.8816894276845766
Model 2,16,Last3mCumulativeRevenue_last1,0.008139179651341633,0.8898286073359182
Model 2,17,ROE_last1,0.008003993877273172,0.8978326012131913
Model 2,18,ROA_last1,0.007891823728986551,0.9057244249421779
Model 2,19,TotalUnempPct_YoY_Lag3_last1,0.007745047156531915,0.9134694720987098
Model 2,20,FnG_YoY_Lag1,0.007260784250290229,0.920730256349
Model 2,1,Spread_cur,0.29285884102939364,0.29285884102939364
Model 2,2,QuarterlyReturn_Lag1,0.061771970286834336,0.354630811316228
Model 2,3,TradingVolume_cur,0.05929868245834558,0.41392949377457355
Model 2,4,TradingTurnover_cur,0.05623068041748767,0.47016017419206124
Model 2,5,TradingMoney_cur,0.05316194204016937,0.5233221162322306
Model 2,6,Last3mCumulativeRevenue_last1,0.041633413632424655,0.5649555298646552
Model 2,7,ROE_last1,0.03353933539691983,0.598494865261575
Model 2,8,ROA_last1,0.029335277430166208,0.6278301426917412
Model 2,9,QuarterlyReturn_Lag3,0.028562211516714352,0.6563923542084555
Model 2,10,QuarterlyReturn_Lag2,0.028555381668864357,0.6849477358773199
Model 2,11,Last3mCumulativeRevenueGrowthRate_last1,0.026669413261976506,0.7116171491392964
Model 2,12,EPS_last1,0.023903478350170673,0.7355206274894671
Model 2,13,ClosingPrice_cur,0.019670471056785335,0.7551910985462524
Model 2,14,GrossMargin_last1,0.01908641130500677,0.7742775098512592
Model 2,15,VIX_YoY,0.014785078757675176,0.7890625886089344
Model 2,16,RediscountRate_YoY_last1,0.013061332184356655,0.8021239207932911
Model 2,17,FnG_YoY_Lag2,0.012951508313515946,0.8150754291068071
Model 2,18,FnG_YoY,0.012924718500559878,0.828000147607367
Model 2,19,SOX_YoY,0.01156830086249566,0.8395684484698626
Model 2,20,VIX_YoY_Lag2,0.011195084554630719,0.8507635330244933
Model 2,1,Spread_cur,0.2896620939718201,0.2896620939718201
Model 2,2,QuarterlyReturn_Lag1,0.06251974377932451,0.3521818377511446
Model 2,3,TradingVolume_cur,0.06057442053278258,0.41275625828392715
Model 2,4,TradingTurnover_cur,0.05690822191568425,0.4696644801996114
Model 2,5,TradingMoney_cur,0.05401996802881037,0.5236844482284218
Model 2,6,Last3mCumulativeRevenue_last1,0.042047060291701056,0.5657315085201228
Model 2,7,ROE_last1,0.03445679102317665,0.6001882995432994
Model 2,8,QuarterlyReturn_Lag3,0.028844457181581254,0.6290327567248807
Model 2,9,QuarterlyReturn_Lag2,0.027934610133817008,0.6569673668586977
Model 2,10,ROA_last1,0.027778498818721614,0.6847458656774194
Model 2,11,Last3mCumulativeRevenueGrowthRate_last1,0.027531529445404296,0.7122773951228236
Model 2,12,EPS_last1,0.02614281148630287,0.7384202066091264
Model 2,13,ClosingPrice_cur,0.02094638521315712,0.7593665918222836
Model 2,14,GrossMargin_last1,0.019222568380957025,0.7785891602032406
Model 2,15,VIX_YoY,0.01650124334778453,0.7950904035510252
Model 2,16,FnG_YoY_Lag2,0.012826770731377706,0.807917174282403
Model 2,17,FnG_YoY,0.012680428602430257,0.8205976028848332
Model 2,18,SOX_YoY,0.011718589825951456,0.8323161927107846
Model 2,19,RediscountRate_YoY_last1,0.011249067733687378,0.843565260444472
Model 2,20,VIX_YoY_Lag2,0.010418649304814571,0.8539839097492866
Model 2,1,Spread_cur,0.2960730417403495,0.2960730417403495
Model 2,2,QuarterlyReturn_Lag1,0.06065282954782978,0.3567258712881793
Model 2,3,TradingVolume_cur,0.058782332244655865,0.41550820353283513
Model 2,4,TradingTurnover_cur,0.057284852993840236,0.47279305652667536
Model 2,5,TradingMoney_cur,0.05319176413986009,0.5259848206665354
Model 2,6,Last3mCumulativeRevenue_last1,0.0413565878555454,0.5673414085220808
Model 2,7,ROE_last1,0.03446290907411132,0.6018043175961921
Model 2,8,QuarterlyReturn_Lag3,0.028459316174413385,0.6302636337706056
Model 2,9,QuarterlyReturn_Lag2,0.027920478653070895,0.6581841124236765
Model 2,10,EPS_last1,0.027203933146143756,0.6853880455698202
Model 2,11,Last3mCumulativeRevenueGrowthRate_last1,0.027003099976444865,0.7123911455462651
Model 2,12,ROA_last1,0.02640880581541525,0.7387999513616804
Model 2,13,ClosingPrice_cur,0.02089304373525378,0.7596929950969342
Model 2,14,GrossMargin_last1,0.018941819633953402,0.7786348147308876
Model 2,15,VIX_YoY,0.01638250164314605,0.7950173163740336
Model 2,16,FnG_YoY,0.012384439204163463,0.807401755578197
Model 2,17,FnG_YoY_Lag2,0.012293193358151489,0.8196949489363485
Model 2,18,RediscountRate_YoY_last1,0.012279825563958582,0.8319747745003071
Model 2,19,SOX_YoY,0.01188559962234684,0.8438603741226539
Model 2,20,VIX_YoY_Lag2,0.010457653979547277,0.8543180281022011
Model 2,1,Spread_cur,0.3137395566507182,0.3137395566507182
Model 2,2,TradingTurnover_cur,0.06694023813770893,0.3806797947884271
Model 2,3,QuarterlyReturn_Lag1,0.06329915352015138,0.4439789483085785
Model 2,4,TradingVolume_cur,0.055498755885558956,0.49947770419413745
Model 2,5,TradingMoney_cur,0.05277070585520905,0.5522484100493465
Model 2,6,Last3mCumulativeRevenue_last1,0.043984481728882904,0.5962328917782295
Model 2,7,ROE_last1,0.02952004757223005,0.6257529393504595
Model 2,8,Last3mCumulativeRevenueGrowthRate_last1,0.02364342773961198,0.6493963670900715
Model 2,9,QuarterlyReturn_Lag2,0.02279417433672696,0.6721905414267985
Model 2,10,ROA_last1,0.021151093558561,0.6933416349853595
Model 2,11,QuarterlyReturn_Lag3,0.020263554505896987,0.7136051894912565
Model 2,12,EPS_last1,0.02003013718152843,0.733635326672785
Model 2,13,VIX_YoY,0.016564146178936597,0.7501994728517216
Model 2,14,ClosingPrice_cur,0.016406636523794052,0.7666061093755157
Model 2,15,FnG_YoY,0.014958409302950542,0.7815645186784662
Model 2,16,RediscountRate_YoY_last1,0.014538058610020116,0.7961025772884863
Model 2,17,VIX_YoY_Lag2,0.01429189766245528,0.8103944749509416
Model 2,18,GrossMargin_last1,0.014050408263491306,0.824444883214433
Model 2,19,FnG_YoY_Lag2,0.013216970365355659,0.8376618535797886
Model 2,20,SOX_YoY,0.010952661713421272,0.8486145152932099
Model 2,1,Spread_cur,0.3212961022618942,0.3212961022618942
Model 2,2,TradingTurnover_cur,0.06097025882794,0.3822663610898342
Model 2,3,QuarterlyReturn_Lag1,0.05894413087275858,0.44121049196259277
Model 2,4,TradingMoney_cur,0.05534157935123144,0.49655207131382423
Model 2,5,TradingVolume_cur,0.05523308630265415,0.5517851576164784
Model 2,6,Last3mCumulativeRevenue_last1,0.04254032722868156,0.59432548484516
Model 2,7,ROE_last1,0.025783158702106634,0.6201086435472667
Model 2,8,Last3mCumulativeRevenueGrowthRate_last1,0.025102707525727005,0.6452113510729937
Model 2,9,QuarterlyReturn_Lag2,0.023451071860930782,0.6686624229339244
Model 2,10,EPS_last1,0.02239523005309213,0.6910576529870165
Model 2,11,ROA_last1,0.021367368554304326,0.7124250215413208
Model 2,12,QuarterlyReturn_Lag3,0.02075276287586879,0.7331777844171896
Model 2,13,VIX_YoY,0.017900568448359952,0.7510783528655496
Model 2,14,ClosingPrice_cur,0.016281668704212587,0.7673600215697621
Model 2,15,FnG_YoY_Lag2,0.014356834886966078,0.7817168564567282
Model 2,16,FnG_YoY,0.013669943789491969,0.7953868002462201
Model 2,17,GrossMargin_last1,0.0135992113029985,0.8089860115492186
Model 2,18,VIX_YoY_Lag2,0.013168507839029451,0.822154519388248
Model 2,19,RediscountRate_YoY_last1,0.01310362993027103,0.835258149318519
Model 2,20,SOX_YoY,0.011765629727786272,0.8470237790463053
Model 2,1,Spread_cur,0.32339461117557344,0.32339461117557344
Model 2,2,TradingTurnover_cur,0.06031411761302769,0.38370872878860113
Model 2,3,QuarterlyReturn_Lag1,0.05950481061855681,0.4432135394071579
Model 2,4,TradingVolume_cur,0.05618816314486084,0.49940170255201877
Model 2,5,TradingMoney_cur,0.05452014775909829,0.5539218503111171
Model 2,6,Last3mCumulativeRevenue_last1,0.04075770734234695,0.594679557653464
Model 2,7,ROE_last1,0.025600625509027468,0.6202801831624914
Model 2,8,Last3mCumulativeRevenueGrowthRate_last1,0.024455471832999887,0.6447356549954913
Model 2,9,QuarterlyReturn_Lag2,0.023182512044301183,0.6679181670397926
Model 2,10,EPS_last1,0.02247345828949094,0.6903916253292836
Model 2,11,QuarterlyReturn_Lag3,0.021241784761105026,0.7116334100903886
Model 2,12,ROA_last1,0.020721134047962702,0.7323545441383513
Model 2,13,VIX_YoY,0.018228935127772773,0.7505834792661241
Model 2,14,ClosingPrice_cur,0.016480192900853688,0.7670636721669778
Model 2,15,GrossMargin_last1,0.01402210202314052,0.7810857741901183
Model 2,16,FnG_YoY,0.013783081215882256,0.7948688554060005
Model 2,17,FnG_YoY_Lag2,0.013542008688019838,0.8084108640940203
Model 2,18,SOX_YoY,0.013119691886411775,0.8215305559804321
Model 2,19,RediscountRate_YoY_last1,0.012918381650296537,0.8344489376307287
Model 2,20,VIX_YoY_Lag2,0.012230422574373357,0.846679360205102
Model 2,1,Spread_cur,0.33963746069826867,0.33963746069826867
Model 2,2,TradingTurnover_cur,0.06310034776240203,0.4027378084606707
Model 2,3,TradingMoney_cur,0.06267741460889353,0.46541522306956423
Model 2,4,QuarterlyReturn_Lag1,0.06049110138205144,0.5259063244516157
Model 2,5,TradingVolume_cur,0.05276309859327406,0.5786694230448898
Model 2,6,Last3mCumulativeRevenue_last1,0.039916843080049974,0.6185862661249397
Model 2,7,ROE_last1,0.020405051694786406,0.6389913178197262
Model 2,8,VIX_YoY,0.019942444756516586,0.6589337625762428
Model 2,9,Last3mCumulativeRevenueGrowthRate_last1,0.019561079163690483,0.6784948417399332
Model 2,10,QuarterlyReturn_Lag2,0.016647134881065083,0.6951419766209983
Model 2,11,VIX_YoY_Lag2,0.01563697887809543,0.7107789554990938
Model 2,12,ROA_last1,0.01559608538484863,0.7263750408839423
Model 2,13,EPS_last1,0.015513917894290357,0.7418889587782327
Model 2,14,RediscountRate_YoY_last1,0.015421283698795269,0.7573102424770279
Model 2,15,QuarterlyReturn_Lag3,0.014906626550730493,0.7722168690277584
Model 2,16,FnG_YoY,0.014350706928940948,0.7865675759566993
Model 2,17,FnG_YoY_Lag2,0.014304039835625733,0.8008716157923251
Model 2,18,SOX_YoY,0.013494156982227645,0.8143657727745528
Model 2,19,ClosingPrice_cur,0.013092727869088572,0.8274585006436413
Model 2,20,IXIC_YoY_Lag3,0.01089939372207752,0.8383578943657188
Model 2,1,Spread_cur,0.3451072153751627,0.3451072153751627
Model 2,2,TradingTurnover_cur,0.06089158588232028,0.405998801257483
Model 2,3,QuarterlyReturn_Lag1,0.058715340497717046,0.46471414175520004
Model 2,4,TradingVolume_cur,0.05824480177746815,0.5229589435326681
Model 2,5,TradingMoney_cur,0.057759222115732256,0.5807181656484004
Model 2,6,Last3mCumulativeRevenue_last1,0.03772123783702874,0.6184394034854291
Model 2,7,Last3mCumulativeRevenueGrowthRate_last1,0.019693329920349546,0.6381327334057787
Model 2,8,VIX_YoY,0.019508877058163843,0.6576416104639425
Model 2,9,ROE_last1,0.019216672243416888,0.6768582827073595
Model 2,10,QuarterlyReturn_Lag2,0.017499033778145604,0.6943573164855051
Model 2,11,FnG_YoY_Lag2,0.01666682030806767,0.7110241367935728
Model 2,12,EPS_last1,0.015957921380575956,0.7269820581741487
Model 2,13,QuarterlyReturn_Lag3,0.015674905249263137,0.7426569634234119
Model 2,14,VIX_YoY_Lag2,0.015206883180236629,0.7578638466036486
Model 2,15,FnG_YoY,0.014592287522178055,0.7724561341258266
Model 2,16,SOX_YoY,0.014584926483066285,0.7870410606088929
Model 2,17,ROA_last1,0.014419392539645205,0.8014604531485381
Model 2,18,RediscountRate_YoY_last1,0.013280015133984047,0.8147404682825221
Model 2,19,ClosingPrice_cur,0.013273778791138141,0.8280142470736602
Model 2,20,IXIC_YoY_Lag3,0.010333467844600597,0.8383477149182608
Model 2,1,Spread_cur,0.34857420205961326,0.34857420205961326
Model 2,2,TradingTurnover_cur,0.0616869065498277,0.410261108609441
Model 2,3,QuarterlyReturn_Lag1,0.05851975418786047,0.46878086279730147
Model 2,4,TradingVolume_cur,0.05784349319607145,0.5266243559933729
Model 2,5,TradingMoney_cur,0.057030819652578404,0.5836551756459513
Model 2,6,Last3mCumulativeRevenue_last1,0.03738250472739003,0.6210376803733413
Model 2,7,VIX_YoY,0.020275161389734182,0.6413128417630755
Model 2,8,Last3mCumulativeRevenueGrowthRate_last1,0.019755838628545533,0.661068680391621
Model 2,9,ROE_last1,0.018040893532110868,0.679109573923732
Model 2,10,QuarterlyReturn_Lag2,0.017894106753514372,0.6970036806772463
Model 2,11,SOX_YoY,0.01555879834031743,0.7125624790175638
Model 2,12,QuarterlyReturn_Lag3,0.015507196841375965,0.7280696758589397
Model 2,13,FnG_YoY_Lag2,0.015502185362407758,0.7435718612213474
Model 2,14,EPS_last1,0.015440113833932087,0.7590119750552795
Model 2,15,ROA_last1,0.014803055951639978,0.7738150310069195
Model 2,16,FnG_YoY,0.014533799501958704,0.7883488305088782
Model 2,17,VIX_YoY_Lag2,0.014306048655534155,0.8026548791644124
Model 2,18,RediscountRate_YoY_last1,0.014178379635622749,0.8168332588000351
Model 2,19,ClosingPrice_cur,0.012680186554236477,0.8295134453542716
Model 2,20,GrossMargin_last1,0.009934073609024275,0.839447518963296
Model 2,1,Spread_cur,0.27319763492943167,0.27319763492943167
Model 2,2,TradingVolume_cur,0.06288184969322108,0.33607948462265275
Model 2,3,TradingTurnover_cur,0.06227991576382711,0.3983594003864799
Model 2,4,QuarterlyReturn_Lag1,0.061790422372692014,0.4601498227591719
Model 2,5,TradingMoney_cur,0.05066006352495317,0.510809886284125
Model 2,6,Last3mCumulativeRevenue_last1,0.043332695966058155,0.5541425822501832
Model 2,7,ROA_last1,0.03366906885276683,0.5878116511029501
Model 2,8,EPS_last1,0.031180120257143243,0.6189917713600933
Model 2,9,Last3mCumulativeRevenueGrowthRate_last1,0.030941021362773557,0.6499327927228669
Model 2,10,ROE_last1,0.029760157150638667,0.6796929498735055
Model 2,11,QuarterlyReturn_Lag2,0.028198086387926737,0.7078910362614322
Model 2,12,QuarterlyReturn_Lag3,0.02684674935955117,0.7347377856209834
Model 2,13,ClosingPrice_cur,0.022493571798373677,0.757231357419357
Model 2,14,GrossMargin_last1,0.02159091770143034,0.7788222751207873
Model 2,15,VIX_YoY,0.014710117965479773,0.793532393086267
Model 2,16,FnG_YoY,0.014343648466316288,0.8078760415525833
Model 2,17,RediscountRate_YoY_last1,0.01111206134080292,0.8189881028933862
Model 2,18,VIX_YoY_Lag2,0.010424579947085547,0.8294126828404718
Model 2,19,FnG_YoY_Lag2,0.009895167280191868,0.8393078501206637
Model 2,20,SOX_YoY,0.009552535041019716,0.8488603851616834
Model 2,1,Spread_cur,0.2704920994523883,0.2704920994523883
Model 2,2,QuarterlyReturn_Lag1,0.06201767272302842,0.3325097721754167
Model 2,3,TradingTurnover_cur,0.06070849804957887,0.39321827022499556
Model 2,4,TradingVolume_cur,0.060616104865773034,0.45383437509076857
Model 2,5,TradingMoney_cur,0.05385670034125873,0.5076910754320273
Model 2,6,Last3mCumulativeRevenue_last1,0.04257625636252325,0.5502673317945506
Model 2,7,ROE_last1,0.034766581376977454,0.585033913171528
Model 2,8,EPS_last1,0.03110097749145132,0.6161348906629793
Model 2,9,ROA_last1,0.030031476874393243,0.6461663675373726
Model 2,10,Last3mCumulativeRevenueGrowthRate_last1,0.029245680807683878,0.6754120483450564
Model 2,11,QuarterlyReturn_Lag3,0.028667236779447543,0.7040792851245039
Model 2,12,QuarterlyReturn_Lag2,0.02793725029619235,0.7320165354206962
Model 2,13,ClosingPrice_cur,0.023038012411439632,0.7550545478321359
Model 2,14,GrossMargin_last1,0.020980791035877196,0.7760353388680131
Model 2,15,VIX_YoY,0.014094977333121749,0.7901303162011348
Model 2,16,FnG_YoY,0.01272381145854689,0.8028541276596817
Model 2,17,FnG_YoY_Lag2,0.01090027526869556,0.8137544029283772
Model 2,18,SOX_YoY,0.010678197488982232,0.8244326004173594
Model 2,19,RediscountRate_YoY_last1,0.010526224399614828,0.8349588248169743
Model 2,20,VIX_YoY_Lag2,0.009847897189767365,0.8448067220067417
Model 2,1,Spread_cur,0.27184221002136083,0.27184221002136083
Model 2,2,TradingTurnover_cur,0.0626725312769803,0.33451474129834113
Model 2,3,QuarterlyReturn_Lag1,0.06052636612915525,0.3950411074274964
Model 2,4,TradingVolume_cur,0.05937444266885635,0.4544155500963527
Model 2,5,TradingMoney_cur,0.05500519641474448,0.5094207465110971
Model 2,6,Last3mCumulativeRevenue_last1,0.04213593295110567,0.5515566794622028
Model 2,7,ROE_last1,0.034860713143198004,0.5864173926054008
Model 2,8,EPS_last1,0.030843355904661775,0.6172607485100626
Model 2,9,ROA_last1,0.029729218625602634,0.6469899671356653
Model 2,10,Last3mCumulativeRevenueGrowthRate_last1,0.029429861635847668,0.676419828771513
Model 2,11,QuarterlyReturn_Lag2,0.028145552373584147,0.7045653811450971
Model 2,12,QuarterlyReturn_Lag3,0.028096371519582213,0.7326617526646794
Model 2,13,ClosingPrice_cur,0.023178435199919422,0.7558401878645988
Model 2,14,GrossMargin_last1,0.02037072494514586,0.7762109128097447
Model 2,15,VIX_YoY,0.013912854131753739,0.7901237669414984
Model 2,16,FnG_YoY,0.012112037452677742,0.8022358043941762
Model 2,17,FnG_YoY_Lag2,0.010992263681869117,0.8132280680760453
Model 2,18,SOX_YoY,0.010973894279166107,0.8242019623552114
Model 2,19,RediscountRate_YoY_last1,0.010944577900172961,0.8351465402553844
Model 2,20,VIX_YoY_Lag2,0.010171906533540158,0.8453184467889245
Model 2,1,Spread_cur,0.29051116163002666,0.29051116163002666
Model 2,2,TradingTurnover_cur,0.06497995336408359,0.35549111499411024
Model 2,3,QuarterlyReturn_Lag1,0.06201100120924934,0.4175021162033596
Model 2,4,TradingVolume_cur,0.05984664084569093,0.4773487570490505
Model 2,5,TradingMoney_cur,0.05587322265355233,0.5332219797026029
Model 2,6,Last3mCumulativeRevenue_last1,0.04015035552025591,0.5733723352228588
Model 2,7,Last3mCumulativeRevenueGrowthRate_last1,0.02740828081554207,0.6007806160384008
Model 2,8,QuarterlyReturn_Lag2,0.02443357076414661,0.6252141868025475
Model 2,9,ROA_last1,0.024057367927865836,0.6492715547304133
Model 2,10,ROE_last1,0.024006278113874645,0.673277832844288
Model 2,11,EPS_last1,0.02205254312232606,0.6953303759666141
Model 2,12,QuarterlyReturn_Lag3,0.02196148811580639,0.7172918640824204
Model 2,13,ClosingPrice_cur,0.019598638867433738,0.7368905029498541
Model 2,14,VIX_YoY,0.019411554031240535,0.7563020569810947
Model 2,15,FnG_YoY,0.017560408275830924,0.7738624652569256
Model 2,16,GrossMargin_last1,0.015193918539898106,0.7890563837968237
Model 2,17,RediscountRate_YoY_last1,0.013431545293179201,0.802487929090003
Model 2,18,VIX_YoY_Lag2,0.012891301856034225,0.8153792309460373
Model 2,19,SOX_YoY,0.010538241063451853,0.8259174720094891
Model 2,20,OverallIndex_YoY_last1,0.01008524430271396,0.836002716312203
Model 2,1,Spread_cur,0.2986783069253955,0.2986783069253955
Model 2,2,TradingVolume_cur,0.06256958860027052,0.361247895525666
Model 2,3,TradingTurnover_cur,0.06251034158605474,0.4237582371117207
Model 2,4,QuarterlyReturn_Lag1,0.06076683805285282,0.48452507516457355
Model 2,5,TradingMoney_cur,0.05318543746312738,0.537710512627701
Model 2,6,Last3mCumulativeRevenue_last1,0.038141618591927794,0.5758521312196287
Model 2,7,Last3mCumulativeRevenueGrowthRate_last1,0.025818406352757055,0.6016705375723858
Model 2,8,ROE_last1,0.025541013179482517,0.6272115507518683
Model 2,9,ROA_last1,0.02404352189392936,0.6512550726457976
Model 2,10,QuarterlyReturn_Lag2,0.024017573937649125,0.6752726465834468
Model 2,11,EPS_last1,0.022519458118773206,0.69779210470222
Model 2,12,QuarterlyReturn_Lag3,0.021920402129526607,0.7197125068317466
Model 2,13,ClosingPrice_cur,0.018915163460175306,0.7386276702919219
Model 2,14,VIX_YoY,0.018595221789162134,0.7572228920810841
Model 2,15,GrossMargin_last1,0.015009042713083,0.7722319347941671
Model 2,16,FnG_YoY,0.014045740191532211,0.7862776749856993
Model 2,17,VIX_YoY_Lag2,0.0133970492346705,0.7996747242203699
Model 2,18,FnG_YoY_Lag2,0.011846398590548266,0.8115211228109181
Model 2,19,RediscountRate_YoY_last1,0.011453348734853461,0.8229744715457716
Model 2,20,SOX_YoY,0.010505580460286552,0.8334800520060582
Model 2,1,Spread_cur,0.30099701788642536,0.30099701788642536
Model 2,2,TradingTurnover_cur,0.06272863115416281,0.3637256490405882
Model 2,3,TradingVolume_cur,0.06060562199416274,0.42433127103475093
Model 2,4,QuarterlyReturn_Lag1,0.06029204511323101,0.48462331614798193
Model 2,5,TradingMoney_cur,0.054780134889993844,0.5394034510379758
Model 2,6,Last3mCumulativeRevenue_last1,0.03916627800325714,0.5785697290412329
Model 2,7,ROE_last1,0.026115867263325904,0.6046855963045589
Model 2,8,Last3mCumulativeRevenueGrowthRate_last1,0.02519022941062886,0.6298758257151877
Model 2,9,QuarterlyReturn_Lag2,0.023975103099903455,0.6538509288150912
Model 2,10,ROA_last1,0.02335682985077162,0.6772077586658628
Model 2,11,EPS_last1,0.02188390382428429,0.6990916624901471
Model 2,12,QuarterlyReturn_Lag3,0.021352366506147066,0.7204440289962941
Model 2,13,ClosingPrice_cur,0.018511157561229685,0.7389551865575238
Model 2,14,VIX_YoY,0.017968789640778856,0.7569239761983027
Model 2,15,GrossMargin_last1,0.015238557176527178,0.7721625333748299
Model 2,16,FnG_YoY,0.013212581061184126,0.785375114436014
Model 2,17,VIX_YoY_Lag2,0.01281640977473432,0.7981915242107483
Model 2,18,RediscountRate_YoY_last1,0.01255461545608742,0.8107461396668357
Model 2,19,FnG_YoY_Lag2,0.012215288231303642,0.8229614278981394
Model 2,20,SOX_YoY,0.011538722448671952,0.8345001503468114
Model 2,1,Spread_cur,0.3006459415379239,0.3006459415379239
Model 2,2,TradingTurnover_cur,0.07328042652695481,0.3739263680648787
Model 2,3,TradingMoney_cur,0.06239208229380238,0.4363184503586811
Model 2,4,TradingVolume_cur,0.06025806519676145,0.4965765155554426
Model 2,5,QuarterlyReturn_Lag1,0.059991988400563336,0.5565685039560059
Model 2,6,Last3mCumulativeRevenue_last1,0.038364660141823034,0.5949331640978289
Model 2,7,Last3mCumulativeRevenueGrowthRate_last1,0.02299144786774922,0.6179246119655781
Model 2,8,ROE_last1,0.021130458415819016,0.6390550703813972
Model 2,9,VIX_YoY,0.020794040901665246,0.6598491112830625
Model 2,10,QuarterlyReturn_Lag2,0.018625576067760538,0.678474687350823
Model 2,11,FnG_YoY,0.017492510409275713,0.6959671977600986
Model 2,12,ROA_last1,0.017413232929803065,0.7133804306899016
Model 2,13,EPS_last1,0.01668533070963707,0.7300657613995387
Model 2,14,QuarterlyReturn_Lag3,0.015294460333095505,0.7453602217326343
Model 2,15,VIX_YoY_Lag2,0.015149575276166649,0.760509797008801
Model 2,16,ClosingPrice_cur,0.014853470730373526,0.7753632677391745
Model 2,17,RediscountRate_YoY_last1,0.013720844267744932,0.7890841120069194
Model 2,18,FnG_YoY_Lag2,0.013534968144638811,0.8026190801515583
Model 2,19,GrossMargin_last1,0.010880917628738442,0.8134999977802967
Model 2,20,IXIC_YoY_Lag3,0.009954418543755561,0.8234544163240523
Model 2,1,Spread_cur,0.3080678302925565,0.3080678302925565
Model 2,2,TradingTurnover_cur,0.07088713745715038,0.3789549677497069
Model 2,3,TradingVolume_cur,0.06420396608407442,0.4431589338337813
Model 2,4,QuarterlyReturn_Lag1,0.060250130872780805,0.5034090647065621
Model 2,5,TradingMoney_cur,0.055632426967492266,0.5590414916740544
Model 2,6,Last3mCumulativeRevenue_last1,0.03760180996171813,0.5966433016357725
Model 2,7,Last3mCumulativeRevenueGrowthRate_last1,0.02308143808241209,0.6197247397181846
Model 2,8,VIX_YoY,0.019894785821093563,0.6396195255392783
Model 2,9,ROE_last1,0.019594554614887568,0.6592140801541658
Model 2,10,QuarterlyReturn_Lag2,0.018317852405170403,0.6775319325593362
Model 2,11,EPS_last1,0.017555537183224314,0.6950874697425605
Model 2,12,ROA_last1,0.01691913235825265,0.7120066021008131
Model 2,13,QuarterlyReturn_Lag3,0.014924330129701312,0.7269309322305144
Model 2,14,VIX_YoY_Lag2,0.014839879272000278,0.7417708115025147
Model 2,15,FnG_YoY,0.014638232152700862,0.7564090436552156
Model 2,16,ClosingPrice_cur,0.014335115278592409,0.770744158933808
Model 2,17,RediscountRate_YoY_last1,0.013728805462760804,0.7844729643965688
Model 2,18,FnG_YoY_Lag2,0.013660221058170144,0.7981331854547389
Model 2,19,SOX_YoY,0.011348549901772332,0.8094817353565112
Model 2,20,IXIC_YoY_Lag3,0.01081130055650133,0.8202930359130126
Model 2,1,Spread_cur,0.3129369796303728,0.3129369796303728
Model 2,2,TradingTurnover_cur,0.06953397554940031,0.38247095517977314
Model 2,3,TradingVolume_cur,0.06150470468335563,0.44397565986312876
Model 2,4,QuarterlyReturn_Lag1,0.06102031438084197,0.5049959742439707
Model 2,5,TradingMoney_cur,0.05749347389175188,0.5624894481357225
Model 2,6,Last3mCumulativeRevenue_last1,0.03612158718461034,0.5986110353203329
Model 2,7,Last3mCumulativeRevenueGrowthRate_last1,0.022290802475193473,0.6209018377955263
Model 2,8,VIX_YoY,0.019562032084326733,0.640463869879853
Model 2,9,ROE_last1,0.019045550199000217,0.6595094200788533
Model 2,10,QuarterlyReturn_Lag2,0.01782223357029333,0.6773316536491466
Model 2,11,EPS_last1,0.01710518711180959,0.6944368407609562
Model 2,12,ROA_last1,0.01688719807982149,0.7113240388407778
Model 2,13,QuarterlyReturn_Lag3,0.015259860864792075,0.7265838997055698
Model 2,14,FnG_YoY,0.014223911422922966,0.7408078111284928
Model 2,15,ClosingPrice_cur,0.014106488333896782,0.7549142994623896
Model 2,16,FnG_YoY_Lag2,0.013957187162293721,0.7688714866246834
Model 2,17,RediscountRate_YoY_last1,0.013873922557170772,0.7827454091818542
Model 2,18,VIX_YoY_Lag2,0.013558484577765506,0.7963038937596197
Model 2,19,SOX_YoY,0.011963903267689199,0.8082677970273089
Model 2,20,GrossMargin_last1,0.010519389845075123,0.818787186872384
Model 2,1,Spread_cur,0.4529898766747851,0.4529898766747851
Model 2,2,QuarterlyReturn_Lag3,0.05450446783113282,0.5074943445059179
Model 2,3,QuarterlyReturn_Lag1,0.053853910875457815,0.5613482553813757
Model 2,4,QuarterlyReturn_Lag2,0.045058840976006306,0.606407096357382
Model 2,5,VIX_YoY,0.03210273471058054,0.6385098310679626
Model 2,6,FnG_YoY,0.029173222268307337,0.6676830533362699
Model 2,7,TradingVolume_cur,0.02650234910824794,0.6941854024445178
Model 2,8,ROE_last1,0.025638298568685207,0.7198237010132029
Model 2,9,EPS_last1,0.023987196849195057,0.743810897862398
Model 2,10,ROA_last1,0.01971015187505202,0.7635210497374499
Model 2,11,Last3mCumulativeRevenueGrowthRate_last1,0.01967066057952987,0.7831917103169798
Model 2,12,OverallIndex_YoY_last1,0.01896279865989359,0.8021545089768733
Model 2,13,ClosingPrice_cur,0.018221265589708095,0.8203757745665814
Model 2,14,Last3mCumulativeRevenue_last1,0.01775844963286939,0.8381342241994508
Model 2,15,TradingTurnover_cur,0.017005510047959915,0.8551397342474107
Model 2,16,TradingMoney_cur,0.016179056250133272,0.871318790497544
Model 2,17,FnG_YoY_Lag2,0.015509648961392633,0.8868284394589366
Model 2,18,GrossMargin_last1,0.014157894740631546,0.9009863341995682
Model 2,19,VIX_YoY_Lag1,0.008726053712636373,0.9097123879122045
Model 2,20,FnG_YoY_Lag1,0.00840651068315711,0.9181188985953617
Model 2,1,Spread_cur,0.4568864724381425,0.4568864724381425
Model 2,2,QuarterlyReturn_Lag1,0.053949998723611337,0.5108364711617539
Model 2,3,QuarterlyReturn_Lag3,0.05046772926815877,0.5613042004299127
Model 2,4,QuarterlyReturn_Lag2,0.045462482002919385,0.606766682432832
Model 2,5,VIX_YoY,0.03171784205247486,0.6384845244853069
Model 2,6,ROE_last1,0.028184720101335138,0.666669244586642
Model 2,7,FnG_YoY,0.027803877639594233,0.6944731222262363
Model 2,8,EPS_last1,0.025266430901934738,0.719739553128171
Model 2,9,TradingVolume_cur,0.025236841281323,0.7449763944094939
Model 2,10,OverallIndex_YoY_last1,0.01954164858513957,0.7645180429946334
Model 2,11,Last3mCumulativeRevenueGrowthRate_last1,0.019387890341698546,0.783905933336332
Model 2,12,Last3mCumulativeRevenue_last1,0.01839481490172548,0.8023007482380574
Model 2,13,ClosingPrice_cur,0.01820981015376972,0.8205105583918272
Model 2,14,ROA_last1,0.0169340049102581,0.8374445633020853
Model 2,15,TradingTurnover_cur,0.01667514205745999,0.8541197053595453
Model 2,16,TradingMoney_cur,0.016525851606809288,0.8706455569663546
Model 2,17,FnG_YoY_Lag2,0.0157395368824024,0.886385093848757
Model 2,18,GrossMargin_last1,0.014398267280295213,0.9007833611290522
Model 2,19,VIX_YoY_Lag1,0.008706734642482146,0.9094900957715344
Model 2,20,RediscountRate_YoY_Lag3_last1,0.008562600432139486,0.9180526962036739
Model 2,1,Spread_cur,0.4563164875606992,0.4563164875606992
Model 2,2,QuarterlyReturn_Lag1,0.0546023264652855,0.5109188140259847
Model 2,3,QuarterlyReturn_Lag3,0.04866862804445886,0.5595874420704435
Model 2,4,QuarterlyReturn_Lag2,0.04540853033699464,0.6049959724074382
Model 2,5,VIX_YoY,0.03153573705256334,0.6365317094600015
Model 2,6,ROE_last1,0.029191415114400356,0.6657231245744019
Model 2,7,FnG_YoY,0.026923340136394355,0.6926464647107962
Model 2,8,TradingVolume_cur,0.025856210225517057,0.7185026749363133
Model 2,9,EPS_last1,0.025322792406746956,0.7438254673430602
Model 2,10,OverallIndex_YoY_last1,0.019728792346541492,0.7635542596896017
Model 2,11,Last3mCumulativeRevenueGrowthRate_last1,0.01953165464258101,0.7830859143321827
Model 2,12,Last3mCumulativeRevenue_last1,0.018448214834920196,0.8015341291671029
Model 2,13,ClosingPrice_cur,0.01789459653845888,0.8194287257055618
Model 2,14,ROA_last1,0.01718762445562387,0.8366163501611856
Model 2,15,TradingMoney_cur,0.01678162405710802,0.8533979742182937
Model 2,16,TradingTurnover_cur,0.01634570782293205,0.8697436820412258
Model 2,17,FnG_YoY_Lag2,0.01619063282753009,0.8859343148687558
Model 2,18,GrossMargin_last1,0.014575009391944376,0.9005093242607002
Model 2,19,RediscountRate_YoY_Lag3_last1,0.008818522682475712,0.9093278469431759
Model 2,20,VIX_YoY_Lag1,0.008575066284103176,0.9179029132272791
Model 2,1,Spread_cur,0.5065405521674052,0.5065405521674052
Model 2,2,QuarterlyReturn_Lag1,0.047184961603590835,0.5537255137709961
Model 2,3,QuarterlyReturn_Lag2,0.04107007200106698,0.594795585772063
Model 2,4,VIX_YoY,0.03560723742512619,0.6304028231971892
Model 2,5,FnG_YoY,0.03395662379924646,0.6643594469964357
Model 2,6,EPS_last1,0.027367327735197847,0.6917267747316336
Model 2,7,QuarterlyReturn_Lag3,0.02659941627154649,0.7183261910031801
Model 2,8,TradingVolume_cur,0.02289469663282091,0.741220887636001
Model 2,9,OverallIndex_YoY_last1,0.02033616187934468,0.7615570495153458
Model 2,10,ROE_last1,0.019733479338955154,0.781290528854301
Model 2,11,FnG_YoY_Lag2,0.017415377565432988,0.7987059064197339
Model 2,12,Last3mCumulativeRevenueGrowthRate_last1,0.015520027138295886,0.8142259335580299
Model 2,13,Last3mCumulativeRevenue_last1,0.014823329437027397,0.8290492629950572
Model 2,14,ClosingPrice_cur,0.014184610399031352,0.8432338733940886
Model 2,15,TradingTurnover_cur,0.013232135487051747,0.8564660088811403
Model 2,16,ROA_last1,0.012969411928414469,0.8694354208095548
Model 2,17,TradingMoney_cur,0.011996917955273934,0.8814323387648287
Model 2,18,GrossMargin_last1,0.01079357245000325,0.892225911214832
Model 2,19,RediscountRate_YoY_Lag3_last1,0.00987492534499767,0.9021008365598296
Model 2,20,VIX_YoY_Lag1,0.009333629040602963,0.9114344656004326
Model 2,1,Spread_cur,0.5090588408497106,0.5090588408497106
Model 2,2,QuarterlyReturn_Lag1,0.047786868316885445,0.5568457091665961
Model 2,3,QuarterlyReturn_Lag2,0.04190532794528827,0.5987510371118844
Model 2,4,VIX_YoY,0.035647360041023514,0.6343983971529079
Model 2,5,FnG_YoY,0.03202770185327683,0.6664260990061848
Model 2,6,QuarterlyReturn_Lag3,0.027910506822340024,0.6943366058285247
Model 2,7,EPS_last1,0.023188473251773072,0.7175250790802978
Model 2,8,TradingVolume_cur,0.021846094603419505,0.7393711736837173
Model 2,9,OverallIndex_YoY_last1,0.02121236579153743,0.7605835394752547
Model 2,10,ROE_last1,0.020289719106537835,0.7808732585817926
Model 2,11,FnG_YoY_Lag2,0.01802368484580155,0.7988969434275941
Model 2,12,Last3mCumulativeRevenueGrowthRate_last1,0.015731731274253535,0.8146286747018476
Model 2,13,Last3mCumulativeRevenue_last1,0.014663652298791791,0.8292923270006394
Model 2,14,ClosingPrice_cur,0.014306157236162204,0.8435984842368016
Model 2,15,TradingTurnover_cur,0.013213892725374416,0.856812376962176
Model 2,16,ROA_last1,0.012480418084882584,0.8692927950470586
Model 2,17,TradingMoney_cur,0.012090509330219407,0.881383304377278
Model 2,18,GrossMargin_last1,0.010791655751137011,0.892174960128415
Model 2,19,RediscountRate_YoY_Lag3_last1,0.010039143300594314,0.9022141034290093
Model 2,20,VIX_YoY_Lag1,0.009873780012609105,0.9120878834416184
Model 2,1,Spread_cur,0.5082984139635046,0.5082984139635046
Model 2,2,QuarterlyReturn_Lag1,0.047908606379823956,0.5562070203433286
Model 2,3,QuarterlyReturn_Lag2,0.042046751158526276,0.5982537715018549
Model 2,4,VIX_YoY,0.03593471966735471,0.6341884911692096
Model 2,5,FnG_YoY,0.03143438890160028,0.6656228800708099
Model 2,6,QuarterlyReturn_Lag3,0.02707764721446878,0.6927005272852788
Model 2,7,EPS_last1,0.023246848080354265,0.715947375365633
Model 2,8,TradingVolume_cur,0.021503407578764965,0.737450782944398
Model 2,9,OverallIndex_YoY_last1,0.021407226148811104,0.7588580090932091
Model 2,10,ROE_last1,0.020766766100747715,0.7796247751939568
Model 2,11,FnG_YoY_Lag2,0.01814861540602949,0.7977733905999863
Model 2,12,Last3mCumulativeRevenueGrowthRate_last1,0.015663585384875972,0.8134369759848623
Model 2,13,Last3mCumulativeRevenue_last1,0.014785519896198493,0.8282224958810608
Model 2,14,ClosingPrice_cur,0.014373831848189075,0.8425963277292499
Model 2,15,ROA_last1,0.013362372637505277,0.8559587003667551
Model 2,16,TradingTurnover_cur,0.013304243115292541,0.8692629434820477
Model 2,17,TradingMoney_cur,0.011889255297291974,0.8811521987793397
Model 2,18,GrossMargin_last1,0.010883184830455125,0.8920353836097948
Model 2,19,RediscountRate_YoY_Lag3_last1,0.010359264504811313,0.9023946481146061
Model 2,20,VIX_YoY_Lag1,0.009478361167878221,0.9118730092824844
Model 2,1,Spread_cur,0.5633870012718077,0.5633870012718077
Model 2,2,QuarterlyReturn_Lag1,0.04053611025256708,0.6039231115243748
Model 2,3,VIX_YoY,0.040454556828112255,0.6443776683524871
Model 2,4,FnG_YoY,0.036810356183602164,0.6811880245360893
Model 2,5,QuarterlyReturn_Lag2,0.036675064633738076,0.7178630891698273
Model 2,6,OverallIndex_YoY_last1,0.022216740856756068,0.7400798300265834
Model 2,7,QuarterlyReturn_Lag3,0.020342034026482363,0.7604218640530658
Model 2,8,FnG_YoY_Lag2,0.019705023003317106,0.7801268870563829
Model 2,9,EPS_last1,0.01800967445104247,0.7981365615074254
Model 2,10,TradingVolume_cur,0.016859053756900513,0.814995615264326
Model 2,11,Last3mCumulativeRevenueGrowthRate_last1,0.01179616237788933,0.8267917776422153
Model 2,12,Last3mCumulativeRevenue_last1,0.011590816464646063,0.8383825941068614
Model 2,13,VIX_YoY_Lag1,0.01117703283302716,0.8495596269398886
Model 2,14,RediscountRate_YoY_Lag3_last1,0.010898258988202954,0.8604578859280916
Model 2,15,ROE_last1,0.010826194917516319,0.8712840808456079
Model 2,16,TradingTurnover_cur,0.010053352841493548,0.8813374336871015
Model 2,17,ClosingPrice_cur,0.009449557350196074,0.8907869910372975
Model 2,18,ROA_last1,0.008954721936373913,0.8997417129736714
Model 2,19,TotalUnempPct_YoY_Lag3_last1,0.007964918954729774,0.9077066319284012
Model 2,20,SOX_YoY,0.0076862837391028435,0.915392915667504
Model 2,1,Spread_cur,0.565366449552249,0.565366449552249
Model 2,2,QuarterlyReturn_Lag1,0.04091720780742657,0.6062836573596756
Model 2,3,VIX_YoY,0.04011349219445376,0.6463971495541294
Model 2,4,QuarterlyReturn_Lag2,0.037357494164345334,0.6837546437184747
Model 2,5,FnG_YoY,0.03577815408547263,0.7195327978039473
Model 2,6,OverallIndex_YoY_last1,0.022995962998240287,0.7425287608021875
Model 2,7,QuarterlyReturn_Lag3,0.02019663635205313,0.7627253971542407
Model 2,8,FnG_YoY_Lag2,0.019619683258428635,0.7823450804126694
Model 2,9,TradingVolume_cur,0.016585068148519334,0.7989301485611887
Model 2,10,EPS_last1,0.01592639943140535,0.8148565479925941
Model 2,11,Last3mCumulativeRevenueGrowthRate_last1,0.011920792588166232,0.8267773405807604
Model 2,12,Last3mCumulativeRevenue_last1,0.011236384915211077,0.8380137254959714
Model 2,13,RediscountRate_YoY_Lag3_last1,0.010927710823420292,0.8489414363193917
Model 2,14,ROE_last1,0.010568081735123818,0.8595095180545155
Model 2,15,VIX_YoY_Lag1,0.01040819794601717,0.8699177160005327
Model 2,16,TradingTurnover_cur,0.010138803606408411,0.8800565196069411
Model 2,17,ROA_last1,0.009896470734981821,0.8899529903419229
Model 2,18,ClosingPrice_cur,0.009740784785258708,0.8996937751271816
Model 2,19,TradingMoney_cur,0.00811511696567462,0.9078088920928562
Model 2,20,SOX_YoY,0.008089462722281346,0.9158983548151376
Model 2,1,Spread_cur,0.5646461545154373,0.5646461545154373
Model 2,2,QuarterlyReturn_Lag1,0.04108571300216132,0.6057318675175987
Model 2,3,VIX_YoY,0.04020970267912471,0.6459415701967234
Model 2,4,QuarterlyReturn_Lag2,0.03742227428504003,0.6833638444817635
Model 2,5,FnG_YoY,0.03505958694531913,0.7184234314270825
Model 2,6,OverallIndex_YoY_last1,0.023252695108136157,0.7416761265352187
Model 2,7,QuarterlyReturn_Lag3,0.02012377812351263,0.7617999046587314
Model 2,8,FnG_YoY_Lag2,0.019982884751018275,0.7817827894097497
Model 2,9,TradingVolume_cur,0.01659638826929346,0.7983791776790431
Model 2,10,EPS_last1,0.015943734415119582,0.8143229120941626
Model 2,11,Last3mCumulativeRevenueGrowthRate_last1,0.011874707002656058,0.8261976190968187
Model 2,12,RediscountRate_YoY_Lag3_last1,0.011502653295985774,0.8377002723928044
Model 2,13,Last3mCumulativeRevenue_last1,0.011275156452346795,0.8489754288451512
Model 2,14,ROE_last1,0.010424265548749844,0.8593996943939011
Model 2,15,TradingTurnover_cur,0.009972113357820934,0.869371807751722
Model 2,16,VIX_YoY_Lag1,0.009904372559791359,0.8792761803115133
Model 2,17,ROA_last1,0.009836644576108002,0.8891128248876213
Model 2,18,ClosingPrice_cur,0.00967477076459184,0.8987875956522132
Model 2,19,SOX_YoY,0.008155482896420475,0.9069430785486337
Model 2,20,TradingMoney_cur,0.007924660252095081,0.9148677388007287
Model 2,1,Spread_cur,0.2062203288078308,0.2062203288078308
Model 2,2,QuarterlyReturn_Lag1,0.1033470630645752,0.309567391872406
Model 2,3,EPS_last1,0.07619504630565643,0.38576245307922363
Model 2,4,RediscountRate_YoY_last1,0.07558099925518036,0.4613434672355652
Model 2,5,QuarterlyReturn_Lag3,0.06287220120429993,0.5242156982421875
Model 2,6,VIX_YoY,0.052271924912929535,0.5764876008033752
Model 2,7,TradingVolume_cur,0.05063086748123169,0.6271184682846069
Model 2,8,FnG_YoY_Lag2,0.04591372609138489,0.6730321645736694
Model 2,9,OverallIndex_YoY_last1,0.044258035719394684,0.7172902226448059
Model 2,10,DJIA_YoY_Lag1,0.04360165819525719,0.760891854763031
Model 2,11,DJIA_YoY_Lag3,0.042611416429281235,0.8035032749176025
Model 2,12,FnG_YoY,0.03700270503759384,0.8405059576034546
Model 2,13,SOX_YoY,0.03521433100104332,0.8757202625274658
Model 2,14,VIX_YoY_Lag3,0.031059211120009422,0.9067794680595398
Model 2,15,TotalUnempPct_YoY_Lag1_last1,0.0259343683719635,0.9327138662338257
Model 2,16,TotalUnempPct_YoY_Lag3_last1,0.021276919171214104,0.9539907574653625
Model 2,17,QuarterlyReturn_Lag2,0.016607647761702538,0.9705983996391296
Model 2,18,TradingTurnover_cur,0.01580328308045864,0.9864016771316528
Model 2,19,Quarter_2,0.013598291203379631,0.9999999403953552
Model 2,20,ClosingPrice_cur,0.0,0.9999999403953552
Model 2,1,Spread_cur,0.125549778342247,0.125549778342247
Model 2,2,QuarterlyReturn_Lag1,0.0710936039686203,0.1966433823108673
Model 2,3,RediscountRate_YoY_last1,0.04948066547513008,0.2461240440607071
Model 2,4,QuarterlyReturn_Lag3,0.045869380235672,0.2919934391975403
Model 2,5,TradingMoney_cur,0.04504549875855446,0.33703893423080444
Model 2,6,DJIA_YoY_Lag2,0.04330621287226677,0.3803451359272003
Model 2,7,VIX_YoY,0.041386064141988754,0.42173120379447937
Model 2,8,DJIA_YoY_Lag1,0.03869042918086052,0.460421621799469
Model 2,9,RediscountRate_YoY_Lag3_last1,0.03590790554881096,0.49632951617240906
Model 2,10,FnG_YoY_Lag2,0.03356117382645607,0.5298907160758972
Model 2,11,FnG_YoY,0.03280537202954292,0.562696099281311
Model 2,12,IXIC_YoY_Lag1,0.03259056434035301,0.5952866673469543
Model 2,13,TradingVolume_cur,0.031322553753852844,0.626609206199646
Model 2,14,DJIA_YoY_Lag3,0.03013409487903118,0.6567432880401611
Model 2,15,SOX_YoY,0.029866160824894905,0.6866094470024109
Model 2,16,OverallIndex_YoY_last1,0.02788362093269825,0.7144930958747864
Model 2,17,SOX_YoY_Lag1,0.027763351798057556,0.7422564625740051
Model 2,18,EPS_last1,0.02637968771159649,0.768636167049408
Model 2,19,VIX_YoY_Lag3,0.0225602425634861,0.7911964058876038
Model 2,20,TradingTurnover_cur,0.020988047122955322,0.8121844530105591
Model 2,1,Spread_cur,0.1020159050822258,0.1020159050822258
Model 2,2,QuarterlyReturn_Lag1,0.05914076417684555,0.16115666925907135
Model 2,3,TradingMoney_cur,0.05447889119386673,0.21563556790351868
Model 2,4,RediscountRate_YoY_last1,0.04634701833128929,0.26198258996009827
Model 2,5,QuarterlyReturn_Lag3,0.039540573954582214,0.3015231490135193
Model 2,6,DJIA_YoY_Lag1,0.03947779908776283,0.3410009443759918
Model 2,7,DJIA_YoY_Lag2,0.038690339773893356,0.3796912729740143
Model 2,8,IXIC_YoY_Lag1,0.038668446242809296,0.4183597266674042
Model 2,9,VIX_YoY,0.03850706294178963,0.4568668007850647
Model 2,10,RediscountRate_YoY_Lag3_last1,0.037559859454631805,0.4944266676902771
Model 2,11,FnG_YoY,0.03431250900030136,0.5287391543388367
Model 2,12,SOX_YoY,0.03292449563741684,0.5616636276245117
Model 2,13,FnG_YoY_Lag2,0.03234294056892395,0.5940065383911133
Model 2,14,DJIA_YoY_Lag3,0.030434539541602135,0.6244410872459412
Model 2,15,TradingVolume_cur,0.030087785795331,0.6545288562774658
Model 2,16,OverallIndex_YoY_last1,0.02580474317073822,0.6803336143493652
Model 2,17,TotalUnempPct_YoY_Lag1_last1,0.023074636235833168,0.7034082412719727
Model 2,18,TradingTurnover_cur,0.020961929112672806,0.7243701815605164
Model 2,19,IXIC_YoY_Lag3,0.019511712715029716,0.74388188123703
Model 2,20,VIX_YoY_Lag3,0.0194175336509943,0.7632994055747986
Model 2,1,Spread_cur,0.14912794530391693,0.14912794530391693
Model 2,2,RediscountRate_YoY_last1,0.09820537269115448,0.2473333179950714
Model 2,3,QuarterlyReturn_Lag1,0.04896198585629463,0.29629531502723694
Model 2,4,QuarterlyReturn_Lag3,0.03794598951935768,0.3342413008213043
Model 2,5,TotalUnempPct_YoY_last1,0.035240136086940765,0.3694814443588257
Model 2,6,VIX_YoY,0.03390045464038849,0.403381884098053
Model 2,7,RediscountRate_YoY_Lag3_last1,0.03274097666144371,0.436122864484787
Model 2,8,OverallIndex_YoY_last1,0.03204774111509323,0.4681706130504608
Model 2,9,FnG_YoY_Lag2,0.03040151298046112,0.49857211112976074
Model 2,10,DJIA_YoY_Lag2,0.02633885107934475,0.5249109864234924
Model 2,11,FnG_YoY,0.02558019571006298,0.5504911541938782
Model 2,12,SOX_YoY_Lag1,0.02478877268731594,0.575279951095581
Model 2,13,IXIC_YoY_Lag1,0.020495079457759857,0.5957750082015991
Model 2,14,OverallIndex_YoY_Lag3_last1,0.019282152876257896,0.6150571703910828
Model 2,15,SOX_YoY,0.018614206463098526,0.6336714029312134
Model 2,16,VIX_YoY_Lag1,0.018601911142468452,0.6522732973098755
Model 2,17,DJIA_YoY_Lag1,0.017980733886361122,0.6702540516853333
Model 2,18,IXIC_YoY_Lag2,0.01733383908867836,0.6875879168510437
Model 2,19,TradingTurnover_cur,0.017189109697937965,0.7047770023345947
Model 2,20,TotalUnempPct_YoY_Lag3_last1,0.0171358622610569,0.7219128608703613
Model 2,1,Spread_cur,0.10478372126817703,0.10478372126817703
Model 2,2,RediscountRate_YoY_last1,0.07486604899168015,0.17964977025985718
Model 2,3,ESG_occupational_health_and_safety_last1,0.048023976385593414,0.22767373919487
Model 2,4,RediscountRate_YoY_Lag3_last1,0.038671690970659256,0.26634544134140015
Model 2,5,QuarterlyReturn_Lag1,0.037879060953855515,0.30422449111938477
Model 2,6,VIX_YoY,0.029013730585575104,0.3332382142543793
Model 2,7,OverallIndex_last1,0.027122661471366882,0.36036086082458496
Model 2,8,SOX_YoY_Lag1,0.025805490091443062,0.38616636395454407
Model 2,9,TotalUnempPct_YoY_last1,0.025685695931315422,0.41185206174850464
Model 2,10,OverallIndex_YoY_last1,0.025442317128181458,0.4372943639755249
Model 2,11,FnG_YoY_Lag2,0.024815892800688744,0.4621102511882782
Model 2,12,FnG_YoY,0.024659331887960434,0.48676958680152893
Model 2,13,IXIC_YoY_Lag1,0.02400273084640503,0.5107723474502563
Model 2,14,OverallIndex_YoY_Lag1_last1,0.022450802847743034,0.5332231521606445
Model 2,15,QuarterlyReturn_Lag3,0.021951844915747643,0.5551750063896179
Model 2,16,SOX_YoY,0.02178393118083477,0.576958954334259
Model 2,17,VIX_YoY_Lag1,0.021026846021413803,0.5979858040809631
Model 2,18,EPS_last1,0.019035613164305687,0.6170214414596558
Model 2,19,DJIA_YoY_Lag3,0.0179769154638052,0.6349983811378479
Model 2,20,TotalUnempPct_YoY_Lag3_last1,0.016376322135329247,0.6513746976852417
Model 2,1,RediscountRate_YoY_last1,0.08553076535463333,0.08553076535463333
Model 2,2,Spread_cur,0.08176608383655548,0.1672968566417694
Model 2,3,ESG_occupational_health_and_safety_last1,0.049032121896743774,0.21632897853851318
Model 2,4,RediscountRate_YoY_Lag3_last1,0.041511859744787216,0.2578408420085907
Model 2,5,QuarterlyReturn_Lag1,0.03150305896997452,0.2893438935279846
Model 2,6,VIX_YoY,0.029516486451029778,0.31886038184165955
Model 2,7,FnG_YoY,0.027271529659628868,0.34613192081451416
Model 2,8,TotalUnempPct_YoY_last1,0.025515977293252945,0.3716478943824768
Model 2,9,OverallIndex_last1,0.024365196004509926,0.396013081073761
Model 2,10,IXIC_YoY_Lag1,0.024246821179986,0.42025989294052124
Model 2,11,OverallIndex_YoY_last1,0.024120457470417023,0.44438034296035767
Model 2,12,FnG_YoY_Lag2,0.023745134472846985,0.46812546253204346
Model 2,13,SOX_YoY_Lag1,0.023635130375623703,0.49176058173179626
Model 2,14,SOX_YoY,0.022596100345253944,0.5143566727638245
Model 2,15,OverallIndex_YoY_Lag1_last1,0.022024864330887794,0.5363815426826477
Model 2,16,VIX_YoY_Lag1,0.02113744430243969,0.5575189590454102
Model 2,17,QuarterlyReturn_Lag3,0.01957671344280243,0.5770956873893738
Model 2,18,EPS_last1,0.01784496009349823,0.5949406623840332
Model 2,19,DJIA_YoY_Lag3,0.017590435221791267,0.6125311255455017
Model 2,20,TradingTurnover_cur,0.01702725887298584,0.6295583844184875
Model 2,1,RediscountRate_YoY_last1,0.1584545522928238,0.1584545522928238
Model 2,2,Spread_cur,0.11304301023483276,0.27149754762649536
Model 2,3,ESG_occupational_health_and_safety_last1,0.08299974352121353,0.3544972836971283
Model 2,4,RediscountRate_YoY_Lag3_last1,0.040392398834228516,0.3948896825313568
Model 2,5,OverallIndex_YoY_last1,0.034830961376428604,0.4297206401824951
Model 2,6,VIX_YoY,0.03173134848475456,0.4614519774913788
Model 2,7,FnG_YoY_Lag2,0.03004639782011509,0.4914983808994293
Model 2,8,FnG_YoY,0.0283457450568676,0.519844114780426
Model 2,9,Quarter_4,0.02647208422422409,0.5463162064552307
Model 2,10,QuarterlyReturn_Lag1,0.02149352990090847,0.5678097605705261
Model 2,11,DJIA_YoY_Lag1,0.02119998261332512,0.5890097618103027
Model 2,12,SOX_YoY_Lag1,0.019809721037745476,0.6088194847106934
Model 2,13,IXIC_YoY_Lag1,0.01948407106101513,0.6283035278320312
Model 2,14,VIX_YoY_Lag1,0.018707163631916046,0.6470106840133667
Model 2,15,TotalUnempPct_YoY_last1,0.018233949318528175,0.6652446389198303
Model 2,16,SOX_YoY,0.018005192279815674,0.683249831199646
Model 2,17,OverallIndex_YoY_Lag1_last1,0.01749548316001892,0.7007453441619873
Model 2,18,DJIA_YoY_Lag2,0.016574548557400703,0.717319905757904
Model 2,19,QuarterlyReturn_Lag3,0.013064575381577015,0.7303844690322876
Model 2,20,OverallIndex_last1,0.012531442567706108,0.7429159283638
Model 2,1,ESG_occupational_health_and_safety_last1,0.12475918978452682,0.12475918978452682
Model 2,2,RediscountRate_YoY_last1,0.10425508767366409,0.22901427745819092
Model 2,3,Spread_cur,0.08854303508996964,0.31755730509757996
Model 2,4,RediscountRate_YoY_Lag3_last1,0.05080906301736832,0.3683663606643677
Model 2,5,FnG_YoY_Lag2,0.025986062362790108,0.39435243606567383
Model 2,6,VIX_YoY,0.025387996807694435,0.4197404384613037
Model 2,7,FnG_YoY,0.024692103266716003,0.4444325566291809
Model 2,8,OverallIndex_YoY_last1,0.024667635560035706,0.4691001772880554
Model 2,9,IXIC_YoY_Lag1,0.022284312173724174,0.49138447642326355
Model 2,10,QuarterlyReturn_Lag1,0.021527837961912155,0.5129123330116272
Model 2,11,SOX_YoY_Lag1,0.01979238912463188,0.5327047109603882
Model 2,12,VIX_YoY_Lag1,0.0191136933863163,0.5518184304237366
Model 2,13,OverallIndex_YoY_Lag1_last1,0.01872238889336586,0.5705408453941345
Model 2,14,OverallIndex_last1,0.018504926934838295,0.5890457630157471
Model 2,15,SOX_YoY,0.018398182466626167,0.6074439287185669
Model 2,16,TotalUnempPct_YoY_last1,0.017376471310853958,0.6248204112052917
Model 2,17,SP500_YoY_Lag1,0.016082987189292908,0.6409034132957458
Model 2,18,DJIA_YoY_Lag1,0.01565125584602356,0.6565546989440918
Model 2,19,DJIA_YoY_Lag3,0.01434488594532013,0.6708995699882507
Model 2,20,Quarter_4,0.014043641276657581,0.6849431991577148
Model 2,1,ESG_occupational_health_and_safety_last1,0.11972063034772873,0.11972063034772873
Model 2,2,RediscountRate_YoY_last1,0.117275170981884,0.23699580132961273
Model 2,3,Spread_cur,0.07187522947788239,0.3088710308074951
Model 2,4,RediscountRate_YoY_Lag3_last1,0.060780059546232224,0.36965107917785645
Model 2,5,VIX_YoY,0.0254677701741457,0.3951188623905182
Model 2,6,FnG_YoY,0.02541222982108593,0.42053109407424927
Model 2,7,IXIC_YoY_Lag1,0.02451549656689167,0.445046603679657
Model 2,8,FnG_YoY_Lag2,0.024034662172198296,0.46908125281333923
Model 2,9,OverallIndex_YoY_last1,0.022320501506328583,0.4914017617702484
Model 2,10,SP500_YoY_Lag1,0.02105558104813099,0.5124573707580566
Model 2,11,SOX_YoY,0.020788956433534622,0.5332463383674622
Model 2,12,SOX_YoY_Lag1,0.01973675936460495,0.5529831051826477
Model 2,13,OverallIndex_YoY_Lag1_last1,0.01937372051179409,0.5723568201065063
Model 2,14,OverallIndex_last1,0.01903587020933628,0.5913926959037781
Model 2,15,QuarterlyReturn_Lag1,0.01852584071457386,0.6099185347557068
Model 2,16,TotalUnempPct_YoY_last1,0.01631554402410984,0.6262340545654297
Model 2,17,VIX_YoY_Lag1,0.0159547571092844,0.6421887874603271
Model 2,18,DJIA_YoY_Lag3,0.015804126858711243,0.6579928994178772
Model 2,19,Quarter_4,0.015660284087061882,0.6736531853675842
Model 2,20,DJIA_YoY_Lag1,0.015092452988028526,0.6887456178665161
Model 2,1,Spread_cur,0.10216779261827469,0.10216779261827469
Model 2,2,QuarterlyReturn_Lag1,0.06245700642466545,0.16462479531764984
Model 2,3,DJIA_YoY_Lag2,0.05473366752266884,0.21935845911502838
Model 2,4,RediscountRate_YoY_last1,0.04818413034081459,0.26754260063171387
Model 2,5,QuarterlyReturn_Lag3,0.04112560302019119,0.30866819620132446
Model 2,6,SOX_YoY,0.038890548050403595,0.34755873680114746
Model 2,7,VIX_YoY,0.038644615560770035,0.3862033486366272
Model 2,8,IXIC_YoY_Lag1,0.03715351223945618,0.4233568608760834
Model 2,9,RediscountRate_YoY_Lag3_last1,0.03643003851175308,0.45978689193725586
Model 2,10,SOX_YoY_Lag2,0.03464723005890846,0.494434118270874
Model 2,11,FnG_YoY,0.03461733087897301,0.5290514230728149
Model 2,12,FnG_YoY_Lag2,0.03352713957428932,0.562578558921814
Model 2,13,DJIA_YoY_Lag1,0.03185250237584114,0.5944310426712036
Model 2,14,OverallIndex_YoY_last1,0.030620349571108818,0.6250513792037964
Model 2,15,TradingMoney_cur,0.028814375400543213,0.6538657546043396
Model 2,16,DJIA_YoY_Lag3,0.027748195454478264,0.6816139221191406
Model 2,17,TradingVolume_cur,0.025268323719501495,0.7068822383880615
Model 2,18,ROA_last1,0.02473890595138073,0.7316211462020874
Model 2,19,VIX_YoY_Lag3,0.019790133461356163,0.7514112591743469
Model 2,20,EPS_last1,0.019626526162028313,0.771037757396698
Model 2,1,Spread_cur,0.075250044465065,0.075250044465065
Model 2,2,RediscountRate_YoY_last1,0.07401490211486816,0.14926494657993317
Model 2,3,ESG_occupational_health_and_safety_last1,0.06082271784543991,0.21008765697479248
Model 2,4,RediscountRate_YoY_Lag3_last1,0.05455995723605156,0.26464760303497314
Model 2,5,DJIA_YoY_Lag2,0.04939579591155052,0.31404340267181396
Model 2,6,FnG_YoY,0.04659869149327278,0.36064210534095764
Model 2,7,DJIA_YoY_Lag1,0.045778628438711166,0.4064207375049591
Model 2,8,QuarterlyReturn_Lag1,0.03963860496878624,0.44605934619903564
Model 2,9,VIX_YoY,0.039477501064538956,0.4855368435382843
Model 2,10,SOX_YoY,0.038658805191516876,0.524195671081543
Model 2,11,IXIC_YoY_Lag1,0.033384744077920914,0.5575804114341736
Model 2,12,DJIA_YoY_Lag3,0.03187079727649689,0.5894511938095093
Model 2,13,FnG_YoY_Lag2,0.027816224843263626,0.6172674298286438
Model 2,14,OverallIndex_YoY_last1,0.02701551280915737,0.6442829370498657
Model 2,15,QuarterlyReturn_Lag3,0.026843734085559845,0.671126663684845
Model 2,16,TradingTurnover_cur,0.017923371866345406,0.689050018787384
Model 2,17,TradingVolume_cur,0.017246097326278687,0.7062960863113403
Model 2,18,VIX_YoY_Lag3,0.015998706221580505,0.722294807434082
Model 2,19,Quarter_2,0.014166232198476791,0.7364610433578491
Model 2,20,SOX_YoY_Lag2,0.013498540967702866,0.7499595880508423
Model 2,1,RediscountRate_YoY_last1,0.08408675342798233,0.08408675342798233
Model 2,2,RediscountRate_YoY_Lag3_last1,0.06928522884845734,0.15337198972702026
Model 2,3,Spread_cur,0.06643238663673401,0.21980437636375427
Model 2,4,DJIA_YoY_Lag2,0.06272730231285095,0.2825316786766052
Model 2,5,ESG_occupational_health_and_safety_last1,0.06143820285797119,0.3439698815345764
Model 2,6,FnG_YoY,0.04650642350316048,0.3904763162136078
Model 2,7,DJIA_YoY_Lag1,0.03869279846549034,0.4291691184043884
Model 2,8,DJIA_YoY_Lag3,0.03747096657752991,0.46664008498191833
Model 2,9,SOX_YoY,0.035254303365945816,0.5018944144248962
Model 2,10,QuarterlyReturn_Lag1,0.03479825705289841,0.5366926789283752
Model 2,11,VIX_YoY,0.03092923015356064,0.5676218867301941
Model 2,12,IXIC_YoY_Lag1,0.02945614419877529,0.5970780253410339
Model 2,13,OverallIndex_YoY_last1,0.028701454401016235,0.6257795095443726
Model 2,14,FnG_YoY_Lag2,0.025622611865401268,0.6514021158218384
Model 2,15,QuarterlyReturn_Lag3,0.021905802190303802,0.6733078956604004
Model 2,16,TradingTurnover_cur,0.017232568934559822,0.6905404925346375
Model 2,17,TradingVolume_cur,0.014259708113968372,0.7048001885414124
Model 2,18,VIX_YoY_Lag3,0.014033435843884945,0.7188336253166199
Model 2,19,SOX_YoY_Lag1,0.013916119001805782,0.7327497601509094
Model 2,20,FnG_YoY_Lag3,0.012631939724087715,0.7453817129135132
Model 2,1,RediscountRate_YoY_last1,0.09372851252555847,0.09372851252555847
Model 2,2,Spread_cur,0.08410413563251495,0.17783264815807343
Model 2,3,ESG_occupational_health_and_safety_last1,0.054939404129981995,0.23277205228805542
Model 2,4,RediscountRate_YoY_Lag3_last1,0.04279281198978424,0.27556484937667847
Model 2,5,QuarterlyReturn_Lag1,0.03263726085424423,0.3082021176815033
Model 2,6,FnG_YoY,0.029252203181385994,0.33745431900024414
Model 2,7,VIX_YoY,0.02877272292971611,0.36622703075408936
Model 2,8,OverallIndex_YoY_Lag1_last1,0.026239749044179916,0.39246678352355957
Model 2,9,TotalUnempPct_YoY_last1,0.025600995868444443,0.4180677831172943
Model 2,10,IXIC_YoY_Lag1,0.025540729984641075,0.44360852241516113
Model 2,11,OverallIndex_YoY_last1,0.02482321299612522,0.4684317409992218
Model 2,12,FnG_YoY_Lag2,0.024447541683912277,0.4928792715072632
Model 2,13,SOX_YoY,0.023538369685411453,0.5164176225662231
Model 2,14,VIX_YoY_Lag1,0.02156856097280979,0.537986159324646
Model 2,15,SOX_YoY_Lag1,0.020925840362906456,0.5589119791984558
Model 2,16,OverallIndex_last1,0.020581604912877083,0.5794935822486877
Model 2,17,QuarterlyReturn_Lag3,0.020339472219347954,0.599833071231842
Model 2,18,DJIA_YoY_Lag3,0.0179888978600502,0.617821991443634
Model 2,19,RediscountRate_YoY_Lag2_last1,0.01737925410270691,0.6352012157440186
Model 2,20,DJIA_YoY_Lag1,0.016237150877714157,0.6514383554458618
Model 2,1,RediscountRate_YoY_last1,0.1095229759812355,0.1095229759812355
Model 2,2,ESG_occupational_health_and_safety_last1,0.06632475554943085,0.17584773898124695
Model 2,3,RediscountRate_YoY_Lag3_last1,0.0633951723575592,0.23924291133880615
Model 2,4,Spread_cur,0.060401298105716705,0.29964420199394226
Model 2,5,IXIC_YoY_Lag1,0.039553601294755936,0.3391978144645691
Model 2,6,FnG_YoY,0.029999321326613426,0.36919713020324707
Model 2,7,VIX_YoY,0.027359841391444206,0.3965569734573364
Model 2,8,DJIA_YoY_Lag3,0.025959191843867302,0.4225161671638489
Model 2,9,QuarterlyReturn_Lag1,0.023645691573619843,0.4461618661880493
Model 2,10,OverallIndex_YoY_Lag1_last1,0.023372305557131767,0.46953415870666504
Model 2,11,SOX_YoY,0.022049732506275177,0.4915838837623596
Model 2,12,SOX_YoY_Lag1,0.02201506309211254,0.5135989189147949
Model 2,13,OverallIndex_YoY_last1,0.02081192657351494,0.534410834312439
Model 2,14,FnG_YoY_Lag2,0.020380692556500435,0.5547915101051331
Model 2,15,DJIA_YoY_Lag1,0.019826801493763924,0.5746183395385742
Model 2,16,VIX_YoY_Lag1,0.018913134932518005,0.5935314893722534
Model 2,17,TotalUnempPct_YoY_last1,0.01736070029437542,0.6108921766281128
Model 2,18,Quarter_3,0.01699957810342312,0.6278917789459229
Model 2,19,TradingTurnover_cur,0.01686696708202362,0.6447587609291077
Model 2,20,TradingMoney_cur,0.01673094742000103,0.661489725112915
Model 2,1,RediscountRate_YoY_last1,0.10420383512973785,0.10420383512973785
Model 2,2,RediscountRate_YoY_Lag3_last1,0.0768541693687439,0.18105800449848175
Model 2,3,ESG_occupational_health_and_safety_last1,0.06353282183408737,0.24459081888198853
Model 2,4,Spread_cur,0.056481651961803436,0.30107247829437256
Model 2,5,IXIC_YoY_Lag1,0.04492608830332756,0.3459985554218292
Model 2,6,DJIA_YoY_Lag3,0.03302103281021118,0.3790195882320404
Model 2,7,FnG_YoY,0.028388485312461853,0.40740805864334106
Model 2,8,VIX_YoY,0.028363296762108803,0.4357713460922241
Model 2,9,SOX_YoY_Lag1,0.024850402027368546,0.46062174439430237
Model 2,10,DJIA_YoY_Lag1,0.02267279289662838,0.4832945466041565
Model 2,11,QuarterlyReturn_Lag1,0.022399840876460075,0.5056943893432617
Model 2,12,SOX_YoY,0.021541869267821312,0.52723628282547
Model 2,13,OverallIndex_YoY_last1,0.020993102341890335,0.5482293963432312
Model 2,14,FnG_YoY_Lag2,0.019626623019576073,0.5678560137748718
Model 2,15,OverallIndex_YoY_Lag1_last1,0.01895839534699917,0.5868144035339355
Model 2,16,VIX_YoY_Lag1,0.01835009641945362,0.6051645278930664
Model 2,17,OverallIndex_YoY_Lag2_last1,0.0154948765411973,0.6206594109535217
Model 2,18,Quarter_3,0.015428331680595875,0.6360877156257629
Model 2,19,TotalUnempPct_YoY_Lag3_last1,0.015406542457640171,0.6514942646026611
Model 2,20,OverallIndex_last1,0.014565526507794857,0.6660597920417786
Model 2,1,RediscountRate_YoY_last1,0.1235068291425705,0.1235068291425705
Model 2,2,ESG_occupational_health_and_safety_last1,0.09303571283817291,0.2165425419807434
Model 2,3,Spread_cur,0.07506245374679565,0.29160499572753906
Model 2,4,RediscountRate_YoY_Lag3_last1,0.061514440923929214,0.353119432926178
Model 2,5,IXIC_YoY_Lag1,0.030540643259882927,0.38366007804870605
Model 2,6,FnG_YoY,0.029544521123170853,0.4132046103477478
Model 2,7,VIX_YoY,0.028689023107290268,0.44189363718032837
Model 2,8,OverallIndex_YoY_last1,0.024965662509202957,0.4668593108654022
Model 2,9,FnG_YoY_Lag2,0.022505158558487892,0.48936447501182556
Model 2,10,SOX_YoY_Lag1,0.02135131135582924,0.5107157826423645
Model 2,11,ESG_board_of_directors_last1,0.021252619102597237,0.5319684147834778
Model 2,12,OverallIndex_YoY_Lag1_last1,0.021047165617346764,0.5530155897140503
Model 2,13,SOX_YoY,0.019849708303809166,0.5728653073310852
Model 2,14,ESG_climate_related_issues_management_last1,0.019780267030000687,0.5926455855369568
Model 2,15,QuarterlyReturn_Lag1,0.019665811210870743,0.6123114228248596
Model 2,16,TotalUnempPct_YoY_last1,0.016774242743849754,0.6290856599807739
Model 2,17,OverallIndex_last1,0.016150575131177902,0.6452362537384033
Model 2,18,DJIA_YoY_Lag3,0.0152510367333889,0.6604872941970825
Model 2,19,Quarter_4,0.014822772704064846,0.6753100752830505
Model 2,20,VIX_YoY_Lag1,0.013793778605759144,0.6891038417816162
Model 2,1,RediscountRate_YoY_last1,0.14544789493083954,0.14544789493083954
Model 2,2,ESG_occupational_health_and_safety_last1,0.1272578090429306,0.27270570397377014
Model 2,3,RediscountRate_YoY_Lag3_last1,0.06632985919713974,0.3390355706214905
Model 2,4,Spread_cur,0.053458064794540405,0.3924936354160309
Model 2,5,IXIC_YoY_Lag1,0.0463763102889061,0.4388699531555176
Model 2,6,VIX_YoY,0.027428509667515755,0.4662984609603882
Model 2,7,FnG_YoY,0.024568328633904457,0.4908667802810669
Model 2,8,ESG_board_of_directors_last1,0.02341604046523571,0.5142828226089478
Model 2,9,OverallIndex_YoY_Lag1_last1,0.023291032761335373,0.5375738739967346
Model 2,10,ESG_green_gas_emission_last1,0.021720461547374725,0.5592943429946899
Model 2,11,OverallIndex_YoY_last1,0.021472737193107605,0.5807670950889587
Model 2,12,FnG_YoY_Lag2,0.01983294077217579,0.6006000638008118
Model 2,13,SOX_YoY,0.016860339790582657,0.6174604296684265
Model 2,14,SOX_YoY_Lag1,0.01684441603720188,0.6343048214912415
Model 2,15,DJIA_YoY_Lag3,0.01577047072350979,0.6500753164291382
Model 2,16,ESG_climate_related_issues_management_last1,0.015473689883947372,0.6655489802360535
Model 2,17,QuarterlyReturn_Lag1,0.015277411788702011,0.6808263659477234
Model 2,18,TotalUnempPct_YoY_last1,0.014903882518410683,0.6957302689552307
Model 2,19,OverallIndex_last1,0.014855310320854187,0.7105855941772461
Model 2,20,DJIA_YoY_Lag1,0.013844871893525124,0.7244304418563843
Model 2,1,ESG_occupational_health_and_safety_last1,0.1438051462173462,0.1438051462173462
Model 2,2,RediscountRate_YoY_last1,0.12666234374046326,0.27046748995780945
Model 2,3,RediscountRate_YoY_Lag3_last1,0.07230114936828613,0.3427686393260956
Model 2,4,Spread_cur,0.05118740350008011,0.3939560353755951
Model 2,5,IXIC_YoY_Lag1,0.04252487048506737,0.43648090958595276
Model 2,6,ESG_green_gas_emission_last1,0.03382345288991928,0.47030436992645264
Model 2,7,VIX_YoY,0.02774801291525364,0.4980523884296417
Model 2,8,FnG_YoY,0.02458210475742817,0.5226345062255859
Model 2,9,OverallIndex_YoY_Lag1_last1,0.022888116538524628,0.5455226302146912
Model 2,10,OverallIndex_YoY_last1,0.0223253034055233,0.5678479075431824
Model 2,11,ESG_board_of_directors_last1,0.019850946962833405,0.5876988768577576
Model 2,12,FnG_YoY_Lag2,0.01932566799223423,0.6070245504379272
Model 2,13,DJIA_YoY_Lag3,0.01877354457974434,0.6257981061935425
Model 2,14,SOX_YoY_Lag1,0.017308682203292847,0.6431068181991577
Model 2,15,SOX_YoY,0.015673676505684853,0.6587805151939392
Model 2,16,OverallIndex_last1,0.014989128336310387,0.6737696528434753
Model 2,17,ESG_climate_related_issues_management_last1,0.01481928862631321,0.6885889172554016
Model 2,18,QuarterlyReturn_Lag1,0.014642160385847092,0.7032310962677002
Model 2,19,DJIA_YoY_Lag1,0.014157522469758987,0.7173886299133301
Model 2,20,TotalUnempPct_YoY_last1,0.012959450483322144,0.7303481101989746
Model 2,1,Spread_cur,0.07824446260929108,0.07824446260929108
Model 2,2,RediscountRate_YoY_last1,0.07113655656576157,0.14938101172447205
Model 2,3,DJIA_YoY_Lag1,0.0482252798974514,0.19760629534721375
Model 2,4,IXIC_YoY_Lag1,0.04784837365150452,0.24545466899871826
Model 2,5,ESG_occupational_health_and_safety_last1,0.04597059264779091,0.29142525792121887
Model 2,6,QuarterlyReturn_Lag1,0.04237833991646767,0.33380359411239624
Model 2,7,RediscountRate_YoY_Lag3_last1,0.04104028269648552,0.37484386563301086
Model 2,8,FnG_YoY,0.04066261276602745,0.4155064821243286
Model 2,9,DJIA_YoY_Lag3,0.04001285508275032,0.45551934838294983
Model 2,10,VIX_YoY,0.038677290081977844,0.49419665336608887
Model 2,11,IXIC_YoY_Lag3,0.03423194959759712,0.5284286141395569
Model 2,12,SOX_YoY,0.02911660261452198,0.5575452446937561
Model 2,13,FnG_YoY_Lag2,0.02899068593978882,0.5865359306335449
Model 2,14,VIX_YoY_Lag1,0.028560098260641098,0.6150960326194763
Model 2,15,QuarterlyReturn_Lag3,0.025349223986268044,0.6404452323913574
Model 2,16,SOX_YoY_Lag2,0.024488231167197227,0.664933443069458
Model 2,17,TradingVolume_cur,0.021479712799191475,0.6864131689071655
Model 2,18,ROA_last1,0.020271876826882362,0.7066850662231445
Model 2,19,OverallIndex_YoY_last1,0.020080823451280594,0.7267658710479736
Model 2,20,TradingTurnover_cur,0.018828967586159706,0.74559485912323
Model 2,1,RediscountRate_YoY_last1,0.10792273283004761,0.10792273283004761
Model 2,2,IXIC_YoY_Lag1,0.0804872065782547,0.1884099394083023
Model 2,3,Spread_cur,0.06102866306900978,0.2494385987520218
Model 2,4,RediscountRate_YoY_Lag3_last1,0.05086331069469452,0.3003019094467163
Model 2,5,FnG_YoY,0.050522416830062866,0.3508243262767792
Model 2,6,ESG_occupational_health_and_safety_last1,0.04350106045603752,0.3943253755569458
Model 2,7,DJIA_YoY_Lag3,0.03917539119720459,0.4335007667541504
Model 2,8,DJIA_YoY_Lag1,0.03525747358798981,0.468758225440979
Model 2,9,QuarterlyReturn_Lag1,0.030689768493175507,0.4994480013847351
Model 2,10,TotalUnempPct_last1,0.02998155727982521,0.52942955493927
Model 2,11,FnG_YoY_Lag2,0.0288730189204216,0.5583025813102722
Model 2,12,VIX_YoY,0.028863031417131424,0.5871655941009521
Model 2,13,SOX_YoY,0.027783801779150963,0.6149494051933289
Model 2,14,OverallIndex_YoY_last1,0.022132668644189835,0.6370820999145508
Model 2,15,TradingTurnover_cur,0.018285095691680908,0.6553671956062317
Model 2,16,QuarterlyReturn_Lag3,0.017955496907234192,0.6733226776123047
Model 2,17,DJIA_YoY_Lag2,0.01731421984732151,0.6906368732452393
Model 2,18,IXIC_YoY_Lag3,0.016980623826384544,0.7076175212860107
Model 2,19,VIX_YoY_Lag1,0.0161607563495636,0.723778247833252
Model 2,20,SOX_YoY_Lag2,0.015401940792798996,0.7391802072525024
Model 2,1,RediscountRate_YoY_last1,0.09939710795879364,0.09939710795879364
Model 2,2,ESG_occupational_health_and_safety_last1,0.05960329622030258,0.15900039672851562
Model 2,3,Spread_cur,0.058625780045986176,0.2176261842250824
Model 2,4,IXIC_YoY_Lag1,0.05629613995552063,0.273922324180603
Model 2,5,RediscountRate_YoY_Lag3_last1,0.055384982377290726,0.32930731773376465
Model 2,6,DJIA_YoY_Lag3,0.0441497340798378,0.37345704436302185
Model 2,7,FnG_YoY,0.042588792741298676,0.4160458445549011
Model 2,8,DJIA_YoY_Lag1,0.040548406541347504,0.4565942585468292
Model 2,9,TotalUnempPct_last1,0.03523711860179901,0.49183136224746704
Model 2,10,SOX_YoY,0.03062850795686245,0.522459864616394
Model 2,11,VIX_YoY,0.029279835522174835,0.5517396926879883
Model 2,12,FnG_YoY_Lag2,0.02831663005053997,0.5800563097000122
Model 2,13,QuarterlyReturn_Lag1,0.02814776822924614,0.6082040667533875
Model 2,14,IXIC_YoY_Lag3,0.023266127333045006,0.6314702033996582
Model 2,15,OverallIndex_YoY_last1,0.02134522795677185,0.6528154611587524
Model 2,16,DJIA_YoY_Lag2,0.018321696668863297,0.6711371541023254
Model 2,17,QuarterlyReturn_Lag3,0.01782027631998062,0.6889574527740479
Model 2,18,SOX_YoY_Lag2,0.016373779624700546,0.7053312063217163
Model 2,19,TradingTurnover_cur,0.015179011970758438,0.7205102443695068
Model 2,20,TotalUnempPct_YoY_Lag3_last1,0.014244736172258854,0.7347549796104431
Model 2,1,RediscountRate_YoY_last1,0.10808825492858887,0.10808825492858887
Model 2,2,Spread_cur,0.06846749782562256,0.17655575275421143
Model 2,3,RediscountRate_YoY_Lag3_last1,0.04909177124500275,0.22564752399921417
Model 2,4,IXIC_YoY_Lag1,0.04033380374312401,0.2659813165664673
Model 2,5,ESG_occupational_health_and_safety_last1,0.03714216500520706,0.30312347412109375
Model 2,6,FnG_YoY,0.034590739756822586,0.33771422505378723
Model 2,7,VIX_YoY,0.029316265136003494,0.3670305013656616
Model 2,8,SOX_YoY,0.027727285400032997,0.39475777745246887
Model 2,9,QuarterlyReturn_Lag1,0.027284814044833183,0.422042578458786
Model 2,10,OverallIndex_YoY_last1,0.02676152065396309,0.44880411028862
Model 2,11,SOX_YoY_Lag1,0.024664906784892082,0.4734690189361572
Model 2,12,TotalUnempPct_YoY_last1,0.02354799211025238,0.4970170259475708
Model 2,13,VIX_YoY_Lag1,0.02296769991517067,0.5199847221374512
Model 2,14,OverallIndex_last1,0.022340625524520874,0.5423253774642944
Model 2,15,FnG_YoY_Lag2,0.022286150604486465,0.564611554145813
Model 2,16,DJIA_YoY_Lag1,0.02119114063680172,0.5858026742935181
Model 2,17,DJIA_YoY_Lag3,0.02017543837428093,0.6059781312942505
Model 2,18,OverallIndex_YoY_Lag1_last1,0.01935802958905697,0.6253361701965332
Model 2,19,Quarter_4,0.018906250596046448,0.6442424058914185
Model 2,20,QuarterlyReturn_Lag3,0.018545489758253098,0.662787914276123
Model 2,1,RediscountRate_YoY_last1,0.10162464529275894,0.10162464529275894
Model 2,2,RediscountRate_YoY_Lag3_last1,0.07357937097549438,0.17520400881767273
Model 2,3,ESG_occupational_health_and_safety_last1,0.07256992906332016,0.2477739453315735
Model 2,4,Spread_cur,0.056481797248125076,0.30425575375556946
Model 2,5,IXIC_YoY_Lag1,0.03529040515422821,0.3395461440086365
Model 2,6,FnG_YoY,0.03214690834283829,0.37169304490089417
Model 2,7,VIX_YoY,0.029044704511761665,0.4007377624511719
Model 2,8,OverallIndex_YoY_last1,0.0267595574259758,0.42749732732772827
Model 2,9,DJIA_YoY_Lag3,0.023681096732616425,0.4511784315109253
Model 2,10,DJIA_YoY_Lag1,0.023275287821888924,0.47445371747016907
Model 2,11,SOX_YoY_Lag1,0.023250900208950043,0.4977046251296997
Model 2,12,SOX_YoY,0.022195888683199883,0.5199005007743835
Model 2,13,VIX_YoY_Lag1,0.021941913291811943,0.5418424010276794
Model 2,14,QuarterlyReturn_Lag1,0.02155778743326664,0.5634002089500427
Model 2,15,Quarter_4,0.020687773823738098,0.5840879678726196
Model 2,16,RediscountRate_last1,0.017931990325450897,0.6020199656486511
Model 2,17,FnG_YoY_Lag2,0.017816191539168358,0.619836151599884
Model 2,18,OverallIndex_last1,0.017222804948687553,0.6370589733123779
Model 2,19,OverallIndex_YoY_Lag3_last1,0.01581086777150631,0.6528698205947876
Model 2,20,TotalUnempPct_YoY_Lag3_last1,0.014934961684048176,0.6678047776222229
Model 2,1,ESG_occupational_health_and_safety_last1,0.10272061824798584,0.10272061824798584
Model 2,2,RediscountRate_YoY_last1,0.10172346979379654,0.20444408059120178
Model 2,3,RediscountRate_YoY_Lag3_last1,0.07850310951471329,0.2829471826553345
Model 2,4,Spread_cur,0.05225545912981033,0.3352026343345642
Model 2,5,IXIC_YoY_Lag1,0.03912818804383278,0.3743308186531067
Model 2,6,DJIA_YoY_Lag3,0.030432073399424553,0.4047628939151764
Model 2,7,VIX_YoY,0.02840145118534565,0.4331643581390381
Model 2,8,FnG_YoY,0.027876559644937515,0.4610409140586853
Model 2,9,OverallIndex_YoY_last1,0.024577520787715912,0.4856184422969818
Model 2,10,SOX_YoY_Lag1,0.021623918786644936,0.5072423815727234
Model 2,11,Quarter_4,0.021062292158603668,0.5283046960830688
Model 2,12,SOX_YoY,0.020969208329916,0.5492739081382751
Model 2,13,QuarterlyReturn_Lag1,0.02055133692920208,0.5698252320289612
Model 2,14,VIX_YoY_Lag1,0.019276242703199387,0.5891014933586121
Model 2,15,DJIA_YoY_Lag1,0.018512343987822533,0.6076138615608215
Model 2,16,OverallIndex_last1,0.018136629834771156,0.6257504820823669
Model 2,17,RediscountRate_last1,0.0178233552724123,0.6435738205909729
Model 2,18,FnG_YoY_Lag2,0.016626480966806412,0.660200297832489
Model 2,19,TotalUnempPct_YoY_Lag3_last1,0.015169867314398289,0.6753701567649841
Model 2,20,ESG_board_of_directors_last1,0.014418299309909344,0.6897884607315063
Model 2,1,ESG_occupational_health_and_safety_last1,0.12188166379928589,0.12188166379928589
Model 2,2,RediscountRate_YoY_last1,0.1181473657488823,0.24002903699874878
Model 2,3,RediscountRate_YoY_Lag3_last1,0.06759800016880035,0.30762702226638794
Model 2,4,Spread_cur,0.05953062325716019,0.36715763807296753
Model 2,5,SP500_YoY_Lag1,0.036318980157375336,0.40347662568092346
Model 2,6,DJIA_YoY_Lag1,0.02719961851835251,0.43067625164985657
Model 2,7,FnG_YoY,0.027122661471366882,0.45779889822006226
Model 2,8,VIX_YoY,0.02574482187628746,0.48354372382164
Model 2,9,IXIC_YoY_Lag1,0.025244062766432762,0.5087878108024597
Model 2,10,FnG_YoY_Lag2,0.023857247084379196,0.532645046710968
Model 2,11,OverallIndex_YoY_Lag1_last1,0.023634174838662148,0.5562792420387268
Model 2,12,OverallIndex_YoY_last1,0.02358265034854412,0.5798618793487549
Model 2,13,SOX_YoY_Lag1,0.02152005210518837,0.6013819575309753
Model 2,14,Quarter_4,0.02138999104499817,0.6227719783782959
Model 2,15,DJIA_YoY_Lag3,0.01802818849682808,0.6408001780509949
Model 2,16,TotalUnempPct_YoY_last1,0.01694403402507305,0.6577442288398743
Model 2,17,QuarterlyReturn_Lag1,0.016027340665459633,0.6737715601921082
Model 2,18,OverallIndex_last1,0.015027033165097237,0.6887986063957214
Model 2,19,SOX_YoY,0.014336789958178997,0.7031353712081909
Model 2,20,TradingTurnover_cur,0.013986489735543728,0.7171218395233154
Model 2,1,ESG_occupational_health_and_safety_last1,0.13806362450122833,0.13806362450122833
Model 2,2,RediscountRate_YoY_last1,0.12450671941041946,0.2625703513622284
Model 2,3,RediscountRate_YoY_Lag3_last1,0.08185454457998276,0.34442490339279175
Model 2,4,Spread_cur,0.0509575679898262,0.39538246393203735
Model 2,5,IXIC_YoY_Lag1,0.03220219537615776,0.4275846481323242
Model 2,6,FnG_YoY,0.026591714471578598,0.4541763663291931
Model 2,7,VIX_YoY,0.026079457253217697,0.4802558124065399
Model 2,8,OverallIndex_YoY_Lag1_last1,0.024873752146959305,0.5051295757293701
Model 2,9,DJIA_YoY_Lag1,0.024641595780849457,0.5297711491584778
Model 2,10,OverallIndex_YoY_last1,0.023141158744692802,0.5529122948646545
Model 2,11,DJIA_YoY_Lag3,0.0207985732704401,0.5737108588218689
Model 2,12,FnG_YoY_Lag2,0.01998487301170826,0.5936957597732544
Model 2,13,Quarter_4,0.01972029358148575,0.6134160757064819
Model 2,14,SP500_YoY_Lag1,0.019167764112353325,0.6325838565826416
Model 2,15,SOX_YoY_Lag1,0.016981370747089386,0.6495652198791504
Model 2,16,OverallIndex_last1,0.015161927789449692,0.6647271513938904
Model 2,17,TotalUnempPct_YoY_last1,0.015117133036255836,0.6798442602157593
Model 2,18,QuarterlyReturn_Lag1,0.01475928071886301,0.6946035623550415
Model 2,19,ESG_green_gas_emission_last1,0.013449766673147678,0.7080533504486084
Model 2,20,IXIC_YoY_Lag2,0.012907814234495163,0.7209611535072327
Model 2,1,ESG_occupational_health_and_safety_last1,0.15446753799915314,0.15446753799915314
Model 2,2,RediscountRate_YoY_last1,0.11066734790802002,0.26513487100601196
Model 2,3,RediscountRate_YoY_Lag3_last1,0.08769600093364716,0.3528308868408203
Model 2,4,Spread_cur,0.05111929774284363,0.40395018458366394
Model 2,5,IXIC_YoY_Lag1,0.031070765107870102,0.43502095341682434
Model 2,6,FnG_YoY,0.02564409375190735,0.4606650471687317
Model 2,7,VIX_YoY,0.025077681988477707,0.4857427179813385
Model 2,8,OverallIndex_YoY_last1,0.024473901838064194,0.5102165937423706
Model 2,9,DJIA_YoY_Lag3,0.02437843196094036,0.5345950126647949
Model 2,10,DJIA_YoY_Lag1,0.023012787103652954,0.5576077699661255
Model 2,11,SP500_YoY_Lag1,0.021973906084895134,0.5795816779136658
Model 2,12,ESG_green_gas_emission_last1,0.021200694143772125,0.6007823944091797
Model 2,13,OverallIndex_YoY_Lag1_last1,0.020122556015849113,0.6209049224853516
Model 2,14,Quarter_4,0.018166419118642807,0.6390713453292847
Model 2,15,FnG_YoY_Lag2,0.01703752763569355,0.6561088562011719
Model 2,16,SOX_YoY_Lag1,0.016343234106898308,0.6724520921707153
Model 2,17,OverallIndex_last1,0.014675945974886417,0.6871280670166016
Model 2,18,QuarterlyReturn_Lag1,0.01438821293413639,0.7015162706375122
Model 2,19,IXIC_YoY_Lag2,0.01406276598572731,0.7155790328979492
Model 2,20,SOX_YoY,0.013551587238907814,0.7291306257247925
Model 3,1,QuarterlyVolatility_Lag1,0.4097039545851912,0.4097039545851912
Model 3,2,QuarterlyVolatility_Lag2,0.1692742721749852,0.5789782267601764
Model 3,3,Spread_cur,0.14239557978114153,0.721373806541318
Model 3,4,QuarterlyVolatility_Lag3,0.08606089126737315,0.8074346978086911
Model 3,5,TradingMoney_cur,0.03272156305354311,0.8401562608622343
Model 3,6,TradingVolume_cur,0.024549194955801056,0.8647054558180354
Model 3,7,TradingTurnover_cur,0.024146835489231324,0.8888522913072667
Model 3,8,Last3mCumulativeRevenueGrowthRate_last1,0.019870391390992295,0.9087226826982591
Model 3,9,ROA_last1,0.01523865273267543,0.9239613354309345
Model 3,10,ROE_last1,0.012869828570708073,0.9368311640016426
Model 3,11,Last3mCumulativeRevenue_last1,0.009566529503128453,0.946397693504771
Model 3,12,ClosingPrice_cur,0.006182453332328547,0.9525801468370996
Model 3,13,EPS_last1,0.004501859825350472,0.95708200666245
Model 3,14,VIX_QoQ_Lag2,0.00361778122381233,0.9606997878862623
Model 3,15,GrossMargin_last1,0.0031525020726267754,0.963852289958889
Model 3,16,IXIC_QoQ_Lag3,0.0028444652415918997,0.9666967552004809
Model 3,17,SOX_QoQ_Lag3,0.0023318531963285503,0.9690286083968095
Model 3,18,RediscountRate_last1,0.0021857187779758163,0.9712143271747853
Model 3,19,VIX_QoQ_Lag1,0.0021409740307381632,0.9733553012055235
Model 3,20,DJIA_QoQ_Lag3,0.0016245169370837898,0.9749798181426073
Model 3,1,QuarterlyVolatility_Lag1,0.38067991221756914,0.38067991221756914
Model 3,2,QuarterlyVolatility_Lag2,0.18144316068460056,0.5621230729021697
Model 3,3,Spread_cur,0.16179466300029302,0.7239177359024627
Model 3,4,QuarterlyVolatility_Lag3,0.08334525056636469,0.8072629864688273
Model 3,5,TradingMoney_cur,0.034896319522629476,0.8421593059914568
Model 3,6,TradingVolume_cur,0.027152002258494286,0.8693113082499511
Model 3,7,TradingTurnover_cur,0.024679006062214598,0.8939903143121657
Model 3,8,Last3mCumulativeRevenueGrowthRate_last1,0.01630606228190362,0.9102963765940693
Model 3,9,ROE_last1,0.01398117441950145,0.9242775510135707
Model 3,10,ROA_last1,0.013652184723390179,0.9379297357369608
Model 3,11,Last3mCumulativeRevenue_last1,0.009424713497813916,0.9473544492347747
Model 3,12,ClosingPrice_cur,0.006773923414006915,0.9541283726487817
Model 3,13,EPS_last1,0.004420456314571279,0.958548828963353
Model 3,14,VIX_QoQ_Lag2,0.003123990008792293,0.9616728189721453
Model 3,15,GrossMargin_last1,0.003054101211241006,0.9647269201833863
Model 3,16,SOX_QoQ_Lag3,0.002187284221836931,0.9669142044052232
Model 3,17,VIX_QoQ_Lag1,0.001993141444021148,0.9689073458492444
Model 3,18,IXIC_QoQ_Lag3,0.0015813256197050728,0.9704886714689495
Model 3,19,IXIC_QoQ_Lag1,0.0015042366075470896,0.9719929080764965
Model 3,20,VIX_QoQ,0.0015010504703947933,0.9734939585468914
Model 3,1,QuarterlyVolatility_Lag1,0.37473608353274945,0.37473608353274945
Model 3,2,QuarterlyVolatility_Lag2,0.18475041222453673,0.5594864957572862
Model 3,3,Spread_cur,0.16699630884402816,0.7264828046013143
Model 3,4,QuarterlyVolatility_Lag3,0.08196495088230828,0.8084477554836226
Model 3,5,TradingMoney_cur,0.035051572397405334,0.8434993278810279
Model 3,6,TradingTurnover_cur,0.025671147758191667,0.8691704756392196
Model 3,7,TradingVolume_cur,0.024752470569604466,0.8939229462088241
Model 3,8,Last3mCumulativeRevenueGrowthRate_last1,0.015799982754976107,0.9097229289638001
Model 3,9,ROE_last1,0.014278258309430046,0.9240011872732302
Model 3,10,ROA_last1,0.014139969509851129,0.9381411567830813
Model 3,11,Last3mCumulativeRevenue_last1,0.009508460123088492,0.9476496169061698
Model 3,12,ClosingPrice_cur,0.006393385577701865,0.9540430024838716
Model 3,13,EPS_last1,0.0042582090850535005,0.9583012115689251
Model 3,14,GrossMargin_last1,0.002897826945744791,0.9611990385146699
Model 3,15,VIX_QoQ_Lag2,0.0028354721545858,0.9640345106692557
Model 3,16,SOX_QoQ_Lag3,0.0020504858868134225,0.9660849965560692
Model 3,17,VIX_QoQ_Lag1,0.0020100719984522375,0.9680950685545214
Model 3,18,IXIC_QoQ_Lag3,0.0015955482776903109,0.9696906168322117
Model 3,19,VIX_QoQ,0.0015545114597673567,0.9712451282919791
Model 3,20,IXIC_QoQ_Lag1,0.0014510004818723242,0.9726961287738514
Model 3,1,QuarterlyVolatility_Lag1,0.42560786507727466,0.42560786507727466
Model 3,2,QuarterlyVolatility_Lag2,0.16378857907603908,0.5893964441533137
Model 3,3,Spread_cur,0.1351314625397525,0.7245279066930662
Model 3,4,QuarterlyVolatility_Lag3,0.08228509139940776,0.806812998092474
Model 3,5,TradingMoney_cur,0.031072047156971264,0.8378850452494453
Model 3,6,TradingTurnover_cur,0.027186106316475677,0.865071151565921
Model 3,7,TradingVolume_cur,0.025318383313794452,0.8903895348797154
Model 3,8,Last3mCumulativeRevenueGrowthRate_last1,0.020020670810978723,0.9104102056906941
Model 3,9,ROA_last1,0.014752839043677742,0.9251630447343718
Model 3,10,ROE_last1,0.014350405567367256,0.939513450301739
Model 3,11,Last3mCumulativeRevenue_last1,0.009775116286560168,0.9492885665882992
Model 3,12,ClosingPrice_cur,0.005765631270044468,0.9550541978583437
Model 3,13,EPS_last1,0.004517152146265162,0.9595713500046088
Model 3,14,VIX_QoQ_Lag2,0.0035004772379865893,0.9630718272425954
Model 3,15,IXIC_QoQ_Lag3,0.0026113305138300764,0.9656831577564255
Model 3,16,GrossMargin_last1,0.002529731313322802,0.9682128890697483
Model 3,17,RediscountRate_last1,0.002427377759206582,0.9706402668289549
Model 3,18,SOX_QoQ_Lag3,0.0023934575887667262,0.9730337244177216
Model 3,19,VIX_QoQ_Lag1,0.002169799614986161,0.9752035240327078
Model 3,20,SOX_QoQ,0.0015488197468709146,0.9767523437795788
Model 3,1,QuarterlyVolatility_Lag1,0.3923621084168478,0.3923621084168478
Model 3,2,QuarterlyVolatility_Lag2,0.17919483517825024,0.571556943595098
Model 3,3,Spread_cur,0.15246730565987426,0.7240242492549722
Model 3,4,QuarterlyVolatility_Lag3,0.08190333303511896,0.8059275822900912
Model 3,5,TradingMoney_cur,0.03508232929834806,0.8410099115884393
Model 3,6,TradingTurnover_cur,0.027395217456066785,0.8684051290445061
Model 3,7,TradingVolume_cur,0.026084456880192345,0.8944895859246984
Model 3,8,Last3mCumulativeRevenueGrowthRate_last1,0.01715299196623693,0.9116425778909354
Model 3,9,ROE_last1,0.013773537024871049,0.9254161149158064
Model 3,10,ROA_last1,0.013322805231344503,0.938738920147151
Model 3,11,Last3mCumulativeRevenue_last1,0.009971897168893306,0.9487108173160443
Model 3,12,ClosingPrice_cur,0.006933669536263287,0.9556444868523076
Model 3,13,EPS_last1,0.00424831704073251,0.9598928038930401
Model 3,14,VIX_QoQ_Lag2,0.003235032857648408,0.9631278367506885
Model 3,15,GrossMargin_last1,0.0026345382346987553,0.9657623749853872
Model 3,16,SOX_QoQ_Lag3,0.002061503255695086,0.9678238782410823
Model 3,17,VIX_QoQ_Lag1,0.001997664486576852,0.9698215427276592
Model 3,18,IXIC_QoQ_Lag3,0.001577460013036769,0.971399002740696
Model 3,19,RediscountRate_last1,0.0014901721858039869,0.9728891749265
Model 3,20,SOX_QoQ,0.0014127130569511416,0.9743018879834511
Model 3,1,QuarterlyVolatility_Lag1,0.3811738361204788,0.3811738361204788
Model 3,2,QuarterlyVolatility_Lag2,0.1828309367669555,0.5640047728874342
Model 3,3,Spread_cur,0.16141196807793506,0.7254167409653693
Model 3,4,QuarterlyVolatility_Lag3,0.08098528222672913,0.8064020231920985
Model 3,5,TradingMoney_cur,0.03534431824576704,0.8417463414378655
Model 3,6,TradingTurnover_cur,0.027615144721145395,0.8693614861590109
Model 3,7,TradingVolume_cur,0.02521879182299481,0.8945802779820057
Model 3,8,Last3mCumulativeRevenueGrowthRate_last1,0.016234812891025054,0.9108150908730307
Model 3,9,ROE_last1,0.014063660277937828,0.9248787511509685
Model 3,10,ROA_last1,0.013583738572440881,0.9384624897234094
Model 3,11,Last3mCumulativeRevenue_last1,0.009871924926981501,0.9483344146503909
Model 3,12,ClosingPrice_cur,0.006179741772240718,0.9545141564226316
Model 3,13,EPS_last1,0.004236314649444709,0.9587504710720763
Model 3,14,VIX_QoQ_Lag2,0.0028802622664853795,0.9616307333385617
Model 3,15,GrossMargin_last1,0.002640814748889386,0.9642715480874511
Model 3,16,VIX_QoQ_Lag1,0.002001289440679398,0.9662728375281304
Model 3,17,SOX_QoQ_Lag3,0.0019666825168687405,0.9682395200449991
Model 3,18,IXIC_QoQ_Lag3,0.0016139268713654116,0.9698534469163645
Model 3,19,VIX_QoQ,0.0015121530276327397,0.9713655999439973
Model 3,20,IXIC_QoQ_Lag1,0.0014661749426835538,0.9728317748866808
Model 3,1,QuarterlyVolatility_Lag1,0.42637945159290513,0.42637945159290513
Model 3,2,QuarterlyVolatility_Lag2,0.1772224728299759,0.6036019244228811
Model 3,3,Spread_cur,0.12834519931034297,0.731947123733224
Model 3,4,QuarterlyVolatility_Lag3,0.0822478815892519,0.8141950053224759
Model 3,5,TradingMoney_cur,0.030551143400555467,0.8447461487230313
Model 3,6,TradingTurnover_cur,0.02557089717572819,0.8703170458987595
Model 3,7,TradingVolume_cur,0.02537246308352757,0.895689508982287
Model 3,8,Last3mCumulativeRevenueGrowthRate_last1,0.019426178759383773,0.9151156877416708
Model 3,9,ROE_last1,0.013662461943594028,0.9287781496852648
Model 3,10,ROA_last1,0.013630819528668923,0.9424089692139338
Model 3,11,Last3mCumulativeRevenue_last1,0.008964234875344711,0.9513732040892785
Model 3,12,ClosingPrice_cur,0.006607767228629933,0.9579809713179084
Model 3,13,EPS_last1,0.0038939549688873287,0.9618749262867957
Model 3,14,VIX_QoQ_Lag2,0.003121879467286117,0.9649968057540819
Model 3,15,RediscountRate_last1,0.0025356523531583157,0.9675324581072402
Model 3,16,IXIC_QoQ_Lag3,0.0024796426300666757,0.9700121007373069
Model 3,17,GrossMargin_last1,0.0024591059033824483,0.9724712066406894
Model 3,18,SOX_QoQ_Lag3,0.002366502014456787,0.9748377086551462
Model 3,19,VIX_QoQ_Lag1,0.0021273449776517584,0.976965053632798
Model 3,20,SOX_QoQ,0.001414221488491041,0.978379275121289
Model 3,1,QuarterlyVolatility_Lag1,0.3920526933973014,0.3920526933973014
Model 3,2,QuarterlyVolatility_Lag2,0.18308395242574257,0.575136645823044
Model 3,3,Spread_cur,0.15293574174492505,0.7280723875679691
Model 3,4,QuarterlyVolatility_Lag3,0.0803971475079485,0.8084695350759176
Model 3,5,TradingMoney_cur,0.03461875137419749,0.843088286450115
Model 3,6,TradingTurnover_cur,0.02839925200320058,0.8714875384533156
Model 3,7,TradingVolume_cur,0.027625562495567767,0.8991131009488834
Model 3,8,Last3mCumulativeRevenueGrowthRate_last1,0.015795444033309018,0.9149085449821924
Model 3,9,ROE_last1,0.01452022484321212,0.9294287698254046
Model 3,10,ROA_last1,0.012517903683336806,0.9419466735087414
Model 3,11,Last3mCumulativeRevenue_last1,0.00925190259686766,0.9511985761056091
Model 3,12,ClosingPrice_cur,0.0070836715723984955,0.9582822476780076
Model 3,13,EPS_last1,0.0038594259206407374,0.9621416735986483
Model 3,14,VIX_QoQ_Lag2,0.0029046117569365942,0.9650462853555849
Model 3,15,GrossMargin_last1,0.0022745669469106107,0.9673208523024955
Model 3,16,SOX_QoQ_Lag3,0.002093212734820439,0.969414065037316
Model 3,17,VIX_QoQ_Lag1,0.0018600922177078425,0.9712741572550239
Model 3,18,IXIC_QoQ_Lag3,0.0014955230278626006,0.9727696802828865
Model 3,19,RediscountRate_last1,0.0013796145653103542,0.9741492948481968
Model 3,20,IXIC_QoQ_Lag1,0.0013578405170629466,0.9755071353652597
Model 3,1,QuarterlyVolatility_Lag1,0.38761044892529783,0.38761044892529783
Model 3,2,QuarterlyVolatility_Lag2,0.18584654820524665,0.5734569971305445
Model 3,3,Spread_cur,0.15993038086768158,0.7333873779982261
Model 3,4,QuarterlyVolatility_Lag3,0.08037107802493486,0.8137584560231609
Model 3,5,TradingMoney_cur,0.03426035225197496,0.8480188082751359
Model 3,6,TradingTurnover_cur,0.02732577230083118,0.8753445805759671
Model 3,7,TradingVolume_cur,0.025551465843898162,0.9008960464198652
Model 3,8,Last3mCumulativeRevenueGrowthRate_last1,0.014959823236374029,0.9158558696562392
Model 3,9,ROE_last1,0.014201342848800971,0.9300572125050401
Model 3,10,ROA_last1,0.013076176640694322,0.9431333891457344
Model 3,11,Last3mCumulativeRevenue_last1,0.00905013472655512,0.9521835238722896
Model 3,12,ClosingPrice_cur,0.006153596105591462,0.958337119977881
Model 3,13,EPS_last1,0.0035959478530947575,0.9619330678309758
Model 3,14,VIX_QoQ_Lag2,0.002669700207084534,0.9646027680380603
Model 3,15,GrossMargin_last1,0.0022687403774915966,0.9668715084155519
Model 3,16,VIX_QoQ_Lag1,0.0019178692914971955,0.9687893777070491
Model 3,17,SOX_QoQ_Lag3,0.0018736992452667175,0.9706630769523158
Model 3,18,VIX_QoQ,0.0014934887955708367,0.9721565657478867
Model 3,19,IXIC_QoQ_Lag3,0.0014663401398958417,0.9736229058877826
Model 3,20,RediscountRate_last1,0.0013423508479897717,0.9749652567357723
Model 3,1,QuarterlyVolatility_Lag1,0.36724753015526274,0.36724753015526274
Model 3,2,QuarterlyVolatility_Lag2,0.15229452678840316,0.519542056943666
Model 3,3,Spread_cur,0.15140522105268187,0.6709472779963478
Model 3,4,QuarterlyVolatility_Lag3,0.08401809696202603,0.7549653749583738
Model 3,5,TradingVolume_cur,0.04459532059852198,0.7995606955568958
Model 3,6,TradingMoney_cur,0.03411330878370966,0.8336740043406055
Model 3,7,TradingTurnover_cur,0.032312152780624874,0.8659861571212303
Model 3,8,Last3mCumulativeRevenueGrowthRate_last1,0.02107890542601424,0.8870650625472445
Model 3,9,ROE_last1,0.017468702307385925,0.9045337648546304
Model 3,10,ROA_last1,0.016276736236680512,0.9208105010913109
Model 3,11,Last3mCumulativeRevenue_last1,0.010566294462103352,0.9313767955534142
Model 3,12,ClosingPrice_cur,0.008136561933687827,0.9395133574871021
Model 3,13,EPS_last1,0.008035576424576515,0.9475489339116786
Model 3,14,VIX_QoQ_Lag2,0.0033604848138333366,0.9509094187255119
Model 3,15,SOX_QoQ_Lag3,0.0033067686620023577,0.9542161873875143
Model 3,16,GrossMargin_last1,0.0032672709588068335,0.9574834583463212
Model 3,17,VIX_QoQ_Lag1,0.002760110942049756,0.960243569288371
Model 3,18,RediscountRate_last1,0.002549286222313325,0.9627928555106843
Model 3,19,IXIC_QoQ_Lag3,0.0020135302348314606,0.9648063857455157
Model 3,20,VIX_QoQ,0.0017649124535335193,0.9665712981990492
Model 3,1,QuarterlyVolatility_Lag1,0.3273516225935425,0.3273516225935425
Model 3,2,QuarterlyVolatility_Lag2,0.18092956458416284,0.5082811871777053
Model 3,3,Spread_cur,0.1716719143394975,0.6799531015172028
Model 3,4,QuarterlyVolatility_Lag3,0.08084378685875522,0.760796888375958
Model 3,5,TradingMoney_cur,0.03506220875783314,0.7958590971337912
Model 3,6,TradingVolume_cur,0.03503435882640096,0.8308934559601922
Model 3,7,TradingTurnover_cur,0.034671139341360006,0.8655645953015522
Model 3,8,Last3mCumulativeRevenueGrowthRate_last1,0.019753377062345652,0.8853179723638979
Model 3,9,ROE_last1,0.017607972250813377,0.9029259446147112
Model 3,10,ROA_last1,0.01491541344685547,0.9178413580615666
Model 3,11,Last3mCumulativeRevenue_last1,0.010490152394818347,0.928331510456385
Model 3,12,ClosingPrice_cur,0.009806196767556655,0.9381377072239416
Model 3,13,EPS_last1,0.006729661872039924,0.9448673690959816
Model 3,14,GrossMargin_last1,0.0038310157087026917,0.9486983848046843
Model 3,15,VIX_QoQ_Lag2,0.003525018244138013,0.9522234030488222
Model 3,16,SOX_QoQ_Lag3,0.0029024446183458594,0.9551258476671681
Model 3,17,VIX_QoQ_Lag1,0.0028751384459512193,0.9580009861131193
Model 3,18,RediscountRate_last1,0.0023698783122825884,0.960370864425402
Model 3,19,VIX_QoQ_Lag3,0.0021695934697917455,0.9625404578951937
Model 3,20,SP500_QoQ_Lag3,0.0018563882415439253,0.9643968461367376
Model 3,1,QuarterlyVolatility_Lag1,0.3247140921797003,0.3247140921797003
Model 3,2,QuarterlyVolatility_Lag2,0.18023506513339557,0.5049491573130959
Model 3,3,Spread_cur,0.17601846845458885,0.6809676257676847
Model 3,4,QuarterlyVolatility_Lag3,0.08489846567289908,0.7658660914405837
Model 3,5,TradingMoney_cur,0.03857743400002202,0.8044435254406057
Model 3,6,TradingTurnover_cur,0.03411770103820433,0.83856122647881
Model 3,7,TradingVolume_cur,0.03156326964663648,0.8701244961254465
Model 3,8,Last3mCumulativeRevenueGrowthRate_last1,0.017712028117049656,0.8878365242424962
Model 3,9,ROE_last1,0.01714245277810894,0.9049789770206051
Model 3,10,ROA_last1,0.01494986556567853,0.9199288425862837
Model 3,11,Last3mCumulativeRevenue_last1,0.01094064762295125,0.9308694902092349
Model 3,12,ClosingPrice_cur,0.009616361356437743,0.9404858515656727
Model 3,13,EPS_last1,0.0061660087607842765,0.946651860326457
Model 3,14,GrossMargin_last1,0.003450194049774717,0.9501020543762317
Model 3,15,VIX_QoQ_Lag2,0.0032899092609523927,0.9533919636371841
Model 3,16,VIX_QoQ_Lag1,0.0026529100850863335,0.9560448737222704
Model 3,17,SOX_QoQ_Lag3,0.002608520564920032,0.9586533942871904
Model 3,18,RediscountRate_last1,0.002272612392152188,0.9609260066793426
Model 3,19,SP500_QoQ_Lag3,0.001954179053979162,0.9628801857333218
Model 3,20,VIX_QoQ_Lag3,0.0019132892575842266,0.9647934749909061
Model 3,1,QuarterlyVolatility_Lag1,0.3797256500329955,0.3797256500329955
Model 3,2,QuarterlyVolatility_Lag2,0.14740695412008864,0.5271326041530842
Model 3,3,Spread_cur,0.14468845362608262,0.6718210577791668
Model 3,4,QuarterlyVolatility_Lag3,0.08340591976695208,0.7552269775461189
Model 3,5,TradingVolume_cur,0.04701131709026192,0.8022382946363809
Model 3,6,TradingMoney_cur,0.036740783361754854,0.8389790779981358
Model 3,7,TradingTurnover_cur,0.029117933271835695,0.8680970112699714
Model 3,8,Last3mCumulativeRevenueGrowthRate_last1,0.019840584946882064,0.8879375962168534
Model 3,9,ROE_last1,0.01802756953287408,0.9059651657497275
Model 3,10,ROA_last1,0.016333971113052084,0.9222991368627796
Model 3,11,Last3mCumulativeRevenue_last1,0.010182235937368958,0.9324813728001486
Model 3,12,EPS_last1,0.008077030568584434,0.9405584033687331
Model 3,13,ClosingPrice_cur,0.007774843534185524,0.9483332469029186
Model 3,14,GrossMargin_last1,0.003610043651497632,0.9519432905544163
Model 3,15,VIX_QoQ_Lag2,0.003375308962917047,0.9553185995173333
Model 3,16,SOX_QoQ_Lag3,0.0032309506155802185,0.9585495501329135
Model 3,17,RediscountRate_last1,0.002483901580386126,0.9610334517132997
Model 3,18,VIX_QoQ_Lag1,0.0024568529272583337,0.963490304640558
Model 3,19,DJIA_QoQ_Lag3,0.0020214121561588226,0.9655117167967168
Model 3,20,FnG_QoQ_Lag3,0.0019287797174037504,0.9674404965141206
Model 3,1,QuarterlyVolatility_Lag1,0.3387955405619109,0.3387955405619109
Model 3,2,QuarterlyVolatility_Lag2,0.17688069184794997,0.5156762324098609
Model 3,3,Spread_cur,0.16245307133203066,0.6781293037418916
Model 3,4,QuarterlyVolatility_Lag3,0.08096222384455835,0.7590915275864499
Model 3,5,TradingMoney_cur,0.03668951649808769,0.7957810440845376
Model 3,6,TradingVolume_cur,0.03635662476029062,0.8321376688448283
Model 3,7,TradingTurnover_cur,0.033051043568002016,0.8651887124128304
Model 3,8,Last3mCumulativeRevenueGrowthRate_last1,0.020638427242843243,0.8858271396556736
Model 3,9,ROE_last1,0.018022851836410995,0.9038499914920846
Model 3,10,ROA_last1,0.0150993144947946,0.9189493059868792
Model 3,11,Last3mCumulativeRevenue_last1,0.010300261651562427,0.9292495676384416
Model 3,12,ClosingPrice_cur,0.009647178791380344,0.9388967464298219
Model 3,13,EPS_last1,0.006709603140187044,0.945606349570009
Model 3,14,GrossMargin_last1,0.0038580924623236004,0.9494644420323326
Model 3,15,VIX_QoQ_Lag2,0.003702980762274594,0.9531674227946072
Model 3,16,SOX_QoQ_Lag3,0.00287519046577713,0.9560426132603843
Model 3,17,VIX_QoQ_Lag1,0.0026399226155108552,0.9586825358758951
Model 3,18,RediscountRate_last1,0.0023928001575146546,0.9610753360334098
Model 3,19,VIX_QoQ_Lag3,0.002136897957241639,0.9632122339906514
Model 3,20,DJIA_QoQ_Lag3,0.0017547580143925986,0.964966992005044
Model 3,1,QuarterlyVolatility_Lag1,0.33902471017564934,0.33902471017564934
Model 3,2,QuarterlyVolatility_Lag2,0.1775608690768512,0.5165855792525005
Model 3,3,Spread_cur,0.16959958868902686,0.6861851679415274
Model 3,4,QuarterlyVolatility_Lag3,0.08206331491735624,0.7682484828588836
Model 3,5,TradingMoney_cur,0.03835566102871842,0.806604143887602
Model 3,6,TradingTurnover_cur,0.03277033385976746,0.8393744777473695
Model 3,7,TradingVolume_cur,0.03216046387098579,0.8715349416183553
Model 3,8,Last3mCumulativeRevenueGrowthRate_last1,0.01858226736667946,0.8901172089850348
Model 3,9,ROE_last1,0.01734490422253126,0.907462113207566
Model 3,10,ROA_last1,0.014544338843198902,0.9220064520507649
Model 3,11,Last3mCumulativeRevenue_last1,0.010826446599109132,0.9328328986498741
Model 3,12,ClosingPrice_cur,0.009050967233791585,0.9418838658836657
Model 3,13,EPS_last1,0.005917593263233529,0.9478014591468992
Model 3,14,GrossMargin_last1,0.0036045242333371677,0.9514059833802363
Model 3,15,VIX_QoQ_Lag2,0.0035097679339329358,0.9549157513141693
Model 3,16,SOX_QoQ_Lag3,0.0025866386609194967,0.9575023899750887
Model 3,17,VIX_QoQ_Lag1,0.0023945009265401206,0.9598968909016289
Model 3,18,RediscountRate_last1,0.002235448703443608,0.9621323396050725
Model 3,19,VIX_QoQ_Lag3,0.0019447489416009854,0.9640770885466735
Model 3,20,SP500_QoQ_Lag3,0.0017543363271662843,0.9658314248738398
Model 3,1,QuarterlyVolatility_Lag1,0.36519545772312917,0.36519545772312917
Model 3,2,QuarterlyVolatility_Lag2,0.16218601424400844,0.5273814719671376
Model 3,3,Spread_cur,0.14136791709356472,0.6687493890607024
Model 3,4,QuarterlyVolatility_Lag3,0.09917968599345141,0.7679290750541538
Model 3,5,TradingVolume_cur,0.04218644816346063,0.8101155232176144
Model 3,6,TradingTurnover_cur,0.031776321875465946,0.8418918450930803
Model 3,7,TradingMoney_cur,0.03175128636902746,0.8736431314621078
Model 3,8,Last3mCumulativeRevenueGrowthRate_last1,0.01798458431117491,0.8916277157732827
Model 3,9,ROE_last1,0.01648395342093456,0.9081116691942173
Model 3,10,ROA_last1,0.015334459541510158,0.9234461287357274
Model 3,11,EPS_last1,0.009213287593387576,0.932659416329115
Model 3,12,Last3mCumulativeRevenue_last1,0.008684593925967288,0.9413440102550823
Model 3,13,ClosingPrice_cur,0.007201883342922458,0.9485458935980048
Model 3,14,VIX_QoQ_Lag2,0.00367544653965727,0.952221340137662
Model 3,15,GrossMargin_last1,0.0033414166466663488,0.9555627567843283
Model 3,16,SOX_QoQ_Lag3,0.003182711662642562,0.958745468446971
Model 3,17,VIX_QoQ_Lag1,0.002618923739719656,0.9613643921866906
Model 3,18,RediscountRate_last1,0.0025901830239446135,0.9639545752106352
Model 3,19,IXIC_QoQ_Lag3,0.0019845087729728583,0.9659390839836081
Model 3,20,DJIA_QoQ_Lag3,0.001886698133378688,0.9678257821169868
Model 3,1,QuarterlyVolatility_Lag1,0.32851824813704616,0.32851824813704616
Model 3,2,QuarterlyVolatility_Lag2,0.18814634053400958,0.5166645886710557
Model 3,3,Spread_cur,0.16282701716475564,0.6794916058358114
Model 3,4,QuarterlyVolatility_Lag3,0.08701708032677995,0.7665086861625913
Model 3,5,TradingVolume_cur,0.037522756786489316,0.8040314429490806
Model 3,6,TradingMoney_cur,0.033965923749017975,0.8379973666980985
Model 3,7,TradingTurnover_cur,0.031321151646420846,0.8693185183445193
Model 3,8,Last3mCumulativeRevenueGrowthRate_last1,0.01966191071000525,0.8889804290545246
Model 3,9,ROE_last1,0.016490835924872733,0.9054712649793973
Model 3,10,ROA_last1,0.015239999065798445,0.9207112640451958
Model 3,11,Last3mCumulativeRevenue_last1,0.009722394200923664,0.9304336582461195
Model 3,12,ClosingPrice_cur,0.009057838839394249,0.9394914970855137
Model 3,13,EPS_last1,0.006796213981483261,0.9462877110669969
Model 3,14,VIX_QoQ_Lag2,0.0036938559851890027,0.949981567052186
Model 3,15,GrossMargin_last1,0.003505906278007525,0.9534874733301935
Model 3,16,SOX_QoQ_Lag3,0.002802402783036574,0.95628987611323
Model 3,17,VIX_QoQ_Lag1,0.002557148511324868,0.9588470246245548
Model 3,18,RediscountRate_last1,0.0022616113091228325,0.9611086359336777
Model 3,19,VIX_QoQ_Lag3,0.0019097362007831785,0.9630183721344608
Model 3,20,SP500_QoQ_Lag3,0.0016444218210275889,0.9646627939554885
Model 3,1,QuarterlyVolatility_Lag1,0.32675058875931096,0.32675058875931096
Model 3,2,QuarterlyVolatility_Lag2,0.18289387410902225,0.5096444628683332
Model 3,3,Spread_cur,0.1724950537231928,0.682139516591526
Model 3,4,QuarterlyVolatility_Lag3,0.08761595340468151,0.7697554699962076
Model 3,5,TradingMoney_cur,0.0384235102348935,0.8081789802311011
Model 3,6,TradingVolume_cur,0.03274504872711588,0.840924028958217
Model 3,7,TradingTurnover_cur,0.03249758658632432,0.8734216155445413
Model 3,8,Last3mCumulativeRevenueGrowthRate_last1,0.018178883672301943,0.8916004992168433
Model 3,9,ROE_last1,0.016369782532606215,0.9079702817494495
Model 3,10,ROA_last1,0.015156631104179495,0.923126912853629
Model 3,11,Last3mCumulativeRevenue_last1,0.01030273001068586,0.9334296428643148
Model 3,12,ClosingPrice_cur,0.008964778666042308,0.9423944215303571
Model 3,13,EPS_last1,0.005644211170308084,0.9480386327006652
Model 3,14,VIX_QoQ_Lag2,0.0035216656796134317,0.9515602983802787
Model 3,15,GrossMargin_last1,0.0033777331811294595,0.9549380315614081
Model 3,16,SOX_QoQ_Lag3,0.002528298938111398,0.9574663304995195
Model 3,17,VIX_QoQ_Lag1,0.002445146492826191,0.9599114769923457
Model 3,18,RediscountRate_last1,0.002177249714140195,0.9620887267064859
Model 3,19,IXIC_QoQ_Lag3,0.0018061899623317852,0.9638949166688178
Model 3,20,VIX_QoQ_Lag3,0.0017552802685679681,0.9656501969373857
Model 3,1,QuarterlyVolatility_Lag1,0.8788455593971438,0.8788455593971438
Model 3,2,Spread_cur,0.08619518085822923,0.965040740255373
Model 3,3,QuarterlyVolatility_Lag3,0.014855431488113753,0.9798961717434868
Model 3,4,ROE_last1,0.0023669771539567286,0.9822631488974435
Model 3,5,QuarterlyVolatility_Lag2,0.002363844822022911,0.9846269937194664
Model 3,6,SOX_QoQ,0.0023161175453794416,0.9869431112648458
Model 3,7,VIX_QoQ,0.0012779715771827794,0.9882210828420286
Model 3,8,Last3mCumulativeRevenueGrowthRate_last1,0.001060612614376312,0.9892816954564049
Model 3,9,TradingMoney_cur,0.0010012496710798693,0.9902829451274847
Model 3,10,FnG_QoQ_Lag2,0.0007928482759033559,0.991075793403388
Model 3,11,TotalUnempPct_QoQ_Lag3_last1,0.000730070086569603,0.9918058634899576
Model 3,12,ROA_last1,0.0007080803164253743,0.9925139438063829
Model 3,13,IXIC_QoQ_Lag1,0.0004999932926394505,0.9930139370990224
Model 3,14,TradingVolume_cur,0.00047139679697590244,0.9934853338959984
Model 3,15,FnG_QoQ,0.00043754448441712295,0.9939228783804155
Model 3,16,SP500_QoQ,0.00043076781085987916,0.9943536461912754
Model 3,17,FnG_QoQ_Lag1,0.00042487485927891045,0.9947785210505543
Model 3,18,OverallIndex_QoQ_Lag2_last1,0.00037718297664426697,0.9951557040271986
Model 3,19,VIX_QoQ_Lag1,0.00035745885648338693,0.995513162883682
Model 3,20,DJIA_QoQ_Lag1,0.0003425991486361271,0.9958557620323181
Model 3,1,QuarterlyVolatility_Lag1,0.8786320417669312,0.8786320417669312
Model 3,2,Spread_cur,0.08617224452556421,0.9648042862924955
Model 3,3,QuarterlyVolatility_Lag3,0.01459620662769663,0.9794004929201922
Model 3,4,ROE_last1,0.002581599046299441,0.9819820919664916
Model 3,5,SOX_QoQ,0.0024383725590139712,0.9844204645255056
Model 3,6,QuarterlyVolatility_Lag2,0.0023430523837582044,0.9867635169092638
Model 3,7,Last3mCumulativeRevenueGrowthRate_last1,0.0012324990881610784,0.9879960159974248
Model 3,8,VIX_QoQ,0.0010556440386759879,0.9890516600361008
Model 3,9,TradingMoney_cur,0.0008449835502375085,0.9898966435863383
Model 3,10,FnG_QoQ,0.0007355879731810747,0.9906322315595194
Model 3,11,ROA_last1,0.0006961287298228112,0.9913283602893422
Model 3,12,Last3mCumulativeRevenue_last1,0.0006441624100102694,0.9919725226993525
Model 3,13,TotalUnempPct_QoQ_Lag3_last1,0.0005846186377336698,0.9925571413370862
Model 3,14,TradingVolume_cur,0.0005760339221842144,0.9931331752592704
Model 3,15,FnG_QoQ_Lag2,0.0005449875718564673,0.9936781628311269
Model 3,16,IXIC_QoQ_Lag1,0.0005034724400105753,0.9941816352711375
Model 3,17,FnG_QoQ_Lag1,0.00044960214867637255,0.9946312374198139
Model 3,18,VIX_QoQ_Lag1,0.00030096401823739085,0.9949322014380513
Model 3,19,TradingTurnover_cur,0.00029839385014980183,0.9952305952882011
Model 3,20,RediscountRate_QoQ_Lag3_last1,0.0002905166276429611,0.9955211119158441
Model 3,1,QuarterlyVolatility_Lag1,0.8785497579693002,0.8785497579693002
Model 3,2,Spread_cur,0.08610515082927707,0.9646549087985773
Model 3,3,QuarterlyVolatility_Lag3,0.014508132452895174,0.9791630412514725
Model 3,4,SOX_QoQ,0.0025387030275081882,0.9817017442789806
Model 3,5,QuarterlyVolatility_Lag2,0.0024681700737711728,0.9841699143527518
Model 3,6,ROE_last1,0.0022543687750812545,0.986424283127833
Model 3,7,Last3mCumulativeRevenueGrowthRate_last1,0.0011510343326388063,0.9875753174604719
Model 3,8,VIX_QoQ,0.0010691051337147846,0.9886444225941867
Model 3,9,TradingMoney_cur,0.0007912754803395154,0.9894356980745262
Model 3,10,ROA_last1,0.0007820092819775804,0.9902177073565038
Model 3,11,FnG_QoQ,0.0007134272939343228,0.9909311346504381
Model 3,12,TotalUnempPct_QoQ_Lag3_last1,0.000703141431853754,0.9916342760822919
Model 3,13,IXIC_QoQ_Lag1,0.0006174154916047312,0.9922516915738967
Model 3,14,Last3mCumulativeRevenue_last1,0.0005860793348878983,0.9928377709087846
Model 3,15,TradingVolume_cur,0.0005185878717559399,0.9933563587805405
Model 3,16,FnG_QoQ_Lag2,0.0005029231095408823,0.9938592818900814
Model 3,17,FnG_QoQ_Lag1,0.0004270414862214094,0.9942863233763028
Model 3,18,VIX_QoQ_Lag1,0.0003477852925147798,0.9946341086688176
Model 3,19,SP500_QoQ,0.000346062109988683,0.9949801707788063
Model 3,20,TradingTurnover_cur,0.0003071333343815559,0.9952873041131879
Model 3,1,QuarterlyVolatility_Lag1,0.8833847507859288,0.8833847507859288
Model 3,2,Spread_cur,0.08645532155448944,0.9698400723404182
Model 3,3,QuarterlyVolatility_Lag3,0.014252510387308836,0.984092582727727
Model 3,4,SOX_QoQ,0.002251657749089963,0.986344240476817
Model 3,5,ROE_last1,0.001813896328567981,0.988158136805385
Model 3,6,QuarterlyVolatility_Lag2,0.001252742688386445,0.9894108794937715
Model 3,7,Last3mCumulativeRevenueGrowthRate_last1,0.0011997024621115166,0.990610581955883
Model 3,8,TradingMoney_cur,0.0008078432064973026,0.9914184251623803
Model 3,9,VIX_QoQ,0.0006538182817936928,0.992072243444174
Model 3,10,TotalUnempPct_QoQ_Lag3_last1,0.0006413602363284833,0.9927136036805024
Model 3,11,IXIC_QoQ_Lag1,0.0005551697352885372,0.993268773415791
Model 3,12,FnG_QoQ,0.0005541416088481231,0.9938229150246392
Model 3,13,TradingVolume_cur,0.0005479986668604412,0.9943709136914995
Model 3,14,FnG_QoQ_Lag2,0.0005083745626194625,0.994879288254119
Model 3,15,ROA_last1,0.00044829980519720154,0.9953275880593162
Model 3,16,VIX_QoQ_Lag1,0.00037462938808851116,0.9957022174474047
Model 3,17,DJIA_QoQ_Lag1,0.0003586747213281274,0.9960608921687328
Model 3,18,RediscountRate_QoQ_Lag1_last1,0.00025200989352869,0.9963129020622615
Model 3,19,SP500_QoQ,0.00024328438884103264,0.9965561864511026
Model 3,20,VIX_QoQ_Lag3,0.00023393612400800186,0.9967901225751106
Model 3,1,QuarterlyVolatility_Lag1,0.8829437067236214,0.8829437067236214
Model 3,2,Spread_cur,0.08646769939985303,0.9694114061234744
Model 3,3,QuarterlyVolatility_Lag3,0.014111885205033462,0.9835232913285079
Model 3,4,SOX_QoQ,0.0025101944189771705,0.9860334857474851
Model 3,5,ROE_last1,0.0018597698615227657,0.9878932556090079
Model 3,6,QuarterlyVolatility_Lag2,0.0014278299405304869,0.9893210855495383
Model 3,7,Last3mCumulativeRevenueGrowthRate_last1,0.0011098045191212016,0.9904308900686596
Model 3,8,VIX_QoQ,0.000713438667482307,0.9911443287361419
Model 3,9,TradingMoney_cur,0.0006905545318708366,0.9918348832680127
Model 3,10,TotalUnempPct_QoQ_Lag3_last1,0.0006460344502175816,0.9924809177182303
Model 3,11,TradingVolume_cur,0.000634607761452228,0.9931155254796825
Model 3,12,ROA_last1,0.0006162819144779339,0.9937318073941604
Model 3,13,FnG_QoQ,0.000615991112484319,0.9943477985066448
Model 3,14,IXIC_QoQ_Lag1,0.0005496139522958503,0.9948974124589406
Model 3,15,FnG_QoQ_Lag2,0.0003706388362642834,0.9952680512952049
Model 3,16,RediscountRate_QoQ_Lag3_last1,0.00028657553186886683,0.9955546268270737
Model 3,17,OverallIndex_QoQ_last1,0.0002481998268157061,0.9958028266538894
Model 3,18,DJIA_QoQ_Lag1,0.00021840348137249285,0.9960212301352619
Model 3,19,SP500_QoQ,0.00021532938619853281,0.9962365595214604
Model 3,20,VIX_QoQ_Lag1,0.00021179074436829568,0.9964483502658287
Model 3,1,QuarterlyVolatility_Lag1,0.882992588406832,0.882992588406832
Model 3,2,Spread_cur,0.08650492278157869,0.9694975111884108
Model 3,3,QuarterlyVolatility_Lag3,0.014062881041625392,0.9835603922300361
Model 3,4,SOX_QoQ,0.002599829265697356,0.9861602214957335
Model 3,5,ROE_last1,0.0016353005584973572,0.9877955220542308
Model 3,6,QuarterlyVolatility_Lag2,0.0015038309997571532,0.989299353053988
Model 3,7,Last3mCumulativeRevenueGrowthRate_last1,0.0009909106557589378,0.9902902637097469
Model 3,8,VIX_QoQ,0.0007436664398123123,0.9910339301495592
Model 3,9,ROA_last1,0.0006735221965767784,0.991707452346136
Model 3,10,TotalUnempPct_QoQ_Lag3_last1,0.0006620549323746619,0.9923695072785107
Model 3,11,TradingMoney_cur,0.0006508943004141944,0.9930204015789249
Model 3,12,FnG_QoQ,0.0006008635975430104,0.9936212651764679
Model 3,13,IXIC_QoQ_Lag1,0.0005913203741695415,0.9942125855506374
Model 3,14,TradingVolume_cur,0.0005574344504418925,0.9947700200010793
Model 3,15,FnG_QoQ_Lag2,0.0003730949250703413,0.9951431149261496
Model 3,16,RediscountRate_QoQ_Lag3_last1,0.00028276263892449137,0.9954258775650741
Model 3,17,SP500_QoQ,0.00024834418909054076,0.9956742217541646
Model 3,18,OverallIndex_QoQ_last1,0.0002150749088988312,0.9958892966630635
Model 3,19,DJIA_QoQ_Lag1,0.00020319269538644357,0.99609248935845
Model 3,20,TotalUnempPct_last1,0.00019883018953169472,0.9962913195479817
Model 3,1,QuarterlyVolatility_Lag1,0.8861336402664962,0.8861336402664962
Model 3,2,Spread_cur,0.08685866060700818,0.9729923008735044
Model 3,3,QuarterlyVolatility_Lag3,0.014309473842217885,0.9873017747157223
Model 3,4,SOX_QoQ,0.0022994525884756766,0.989601227304198
Model 3,5,QuarterlyVolatility_Lag2,0.0012773552045653675,0.9908785825087634
Model 3,6,Last3mCumulativeRevenueGrowthRate_last1,0.0011462319786525162,0.9920248144874159
Model 3,7,ROE_last1,0.0009882508053186026,0.9930130652927345
Model 3,8,TotalUnempPct_QoQ_Lag3_last1,0.0007432637353990683,0.9937563290281335
Model 3,9,IXIC_QoQ_Lag1,0.0006434186436909356,0.9943997476718244
Model 3,10,FnG_QoQ,0.0006200204237879954,0.9950197680956123
Model 3,11,FnG_QoQ_Lag2,0.0004137196048536893,0.995433487700466
Model 3,12,RediscountRate_QoQ_Lag1_last1,0.0002746370137849616,0.995708124714251
Model 3,13,TradingMoney_cur,0.0002542235806775859,0.9959623482949286
Model 3,14,RediscountRate_QoQ_Lag3_last1,0.0002446075245532737,0.9962069558194818
Model 3,15,VIX_QoQ,0.0002282078169438565,0.9964351636364257
Model 3,16,TotalUnempPct_last1,0.00022224512201644264,0.9966574087584421
Model 3,17,DJIA_QoQ_Lag1,0.0002170333681828561,0.996874442126625
Model 3,18,IXIC_QoQ_Lag2,0.00021555309813660635,0.9970899952247616
Model 3,19,VIX_QoQ_Lag3,0.00017522309557860513,0.9972652183203402
Model 3,20,OverallIndex_QoQ_last1,0.00016323638919309613,0.9974284547095333
Model 3,1,QuarterlyVolatility_Lag1,0.8859626671511939,0.8859626671511939
Model 3,2,Spread_cur,0.08704636295128851,0.9730090301024824
Model 3,3,QuarterlyVolatility_Lag3,0.014044218622560915,0.9870532487250433
Model 3,4,SOX_QoQ,0.0025524814256123766,0.9896057301506557
Model 3,5,QuarterlyVolatility_Lag2,0.001304771481262213,0.9909105016319179
Model 3,6,Last3mCumulativeRevenueGrowthRate_last1,0.001096581431751459,0.9920070830636694
Model 3,7,ROE_last1,0.0010915961351614242,0.9930986791988308
Model 3,8,FnG_QoQ,0.0006344229179932157,0.993733102116824
Model 3,9,IXIC_QoQ_Lag1,0.0006178791071729827,0.994350981223997
Model 3,10,TotalUnempPct_QoQ_Lag3_last1,0.000530629896474664,0.9948816111204717
Model 3,11,FnG_QoQ_Lag2,0.0003606176761707042,0.9952422287966424
Model 3,12,VIX_QoQ,0.0003269452776902554,0.9955691740743327
Model 3,13,RediscountRate_QoQ_Lag3_last1,0.00031070760572456634,0.9958798816800573
Model 3,14,ROA_last1,0.00025566180523844387,0.9961355434852956
Model 3,15,TotalUnempPct_QoQ_Lag1_last1,0.00024265213580652387,0.9963781956211022
Model 3,16,TradingMoney_cur,0.00023555178218781175,0.99661374740329
Model 3,17,IXIC_QoQ_Lag2,0.00020230478655737676,0.9968160521898474
Model 3,18,DJIA_QoQ_Lag2,0.00018618651580763862,0.997002238705655
Model 3,19,VIX_QoQ_Lag3,0.0001709088262798455,0.9971731475319348
Model 3,20,VIX_QoQ_Lag2,0.00016204328183381912,0.9973351908137685
Model 3,1,QuarterlyVolatility_Lag1,0.8860726451996408,0.8860726451996408
Model 3,2,Spread_cur,0.0869904437581763,0.9730630889578171
Model 3,3,QuarterlyVolatility_Lag3,0.013990854806589074,0.9870539437644062
Model 3,4,SOX_QoQ,0.002623236904107392,0.9896771806685136
Model 3,5,QuarterlyVolatility_Lag2,0.0013977518965055922,0.9910749325650192
Model 3,6,ROE_last1,0.0010145748946461333,0.9920895074596654
Model 3,7,Last3mCumulativeRevenueGrowthRate_last1,0.0009109086663226061,0.993000416125988
Model 3,8,IXIC_QoQ_Lag1,0.0006228939298579043,0.9936233100558459
Model 3,9,FnG_QoQ,0.000614697574436663,0.9942380076302826
Model 3,10,TotalUnempPct_QoQ_Lag3_last1,0.0005328460953962235,0.9947708537256789
Model 3,11,FnG_QoQ_Lag2,0.00037776861276943573,0.9951486223384483
Model 3,12,RediscountRate_QoQ_Lag3_last1,0.00030998667641145115,0.9954586090148597
Model 3,13,ROA_last1,0.0003051603739003217,0.99576376938876
Model 3,14,VIX_QoQ,0.0003046629619219122,0.9960684323506819
Model 3,15,TotalUnempPct_QoQ_Lag1_last1,0.0002524755975135136,0.9963209079481954
Model 3,16,TradingMoney_cur,0.00024568446566649313,0.9965665924138619
Model 3,17,SP500_QoQ_Lag2,0.00019252282119846167,0.9967591152350603
Model 3,18,IXIC_QoQ_Lag2,0.00019134152804296304,0.9969504567631033
Model 3,19,VIX_QoQ_Lag3,0.00018601148802612212,0.9971364682511294
Model 3,20,RediscountRate_QoQ_Lag1_last1,0.00017242057589799455,0.9973088888270274
Model 3,1,QuarterlyVolatility_Lag1,0.3954850255702023,0.3954850255702023
Model 3,2,QuarterlyVolatility_Lag2,0.15744346571905507,0.5529284912892574
Model 3,3,Spread_cur,0.13662796157016624,0.6895564528594236
Model 3,4,QuarterlyVolatility_Lag3,0.06091378024473014,0.7504702331041537
Model 3,5,TradingMoney_cur,0.029335307039844036,0.7798055401439977
Model 3,6,TradingTurnover_cur,0.02536251927241042,0.8051680594164081
Model 3,7,TradingVolume_cur,0.02268097385186397,0.8278490332682721
Model 3,8,Last3mCumulativeRevenueGrowthRate_last1,0.019397211363054286,0.8472462446313264
Model 3,9,ROE_last1,0.016547460267778726,0.8637937048991051
Model 3,10,Last3mCumulativeRevenue_last1,0.016456336755374713,0.8802500416544798
Model 3,11,ROA_last1,0.015825773025042917,0.8960758146795228
Model 3,12,ClosingPrice_cur,0.009460822681539407,0.9055366373610622
Model 3,13,EPS_last1,0.008408121391397957,0.9139447587524601
Model 3,14,GrossMargin_last1,0.007230346733746041,0.9211751054862061
Model 3,15,VIX_QoQ_Lag2,0.0038938068981118875,0.925068912384318
Model 3,16,VIX_QoQ,0.0030260195720094164,0.9280949319563274
Model 3,17,VIX_QoQ_Lag1,0.002877467169914377,0.9309723991262417
Model 3,18,SOX_QoQ_Lag3,0.002787189557090904,0.9337595886833326
Model 3,19,SOX_QoQ,0.002722989457947817,0.9364825781412804
Model 3,20,FnG_QoQ,0.0026782596617997544,0.9391608378030802
Model 3,1,QuarterlyVolatility_Lag1,0.37499490642301236,0.37499490642301236
Model 3,2,QuarterlyVolatility_Lag2,0.1622505680586878,0.5372454744817001
Model 3,3,Spread_cur,0.14559956770791288,0.6828450421896131
Model 3,4,QuarterlyVolatility_Lag3,0.06570609933436496,0.7485511415239781
Model 3,5,TradingMoney_cur,0.029506143001008955,0.778057284524987
Model 3,6,TradingTurnover_cur,0.026738806270430567,0.8047960907954176
Model 3,7,TradingVolume_cur,0.022902635758113073,0.8276987265535306
Model 3,8,ROE_last1,0.01761994871102489,0.8453186752645555
Model 3,9,Last3mCumulativeRevenueGrowthRate_last1,0.017093274164261225,0.8624119494288167
Model 3,10,Last3mCumulativeRevenue_last1,0.01653724672732717,0.8789491961561439
Model 3,11,ROA_last1,0.015866845318505986,0.8948160414746499
Model 3,12,ClosingPrice_cur,0.009773319918137046,0.9045893613927869
Model 3,13,EPS_last1,0.008724872829089389,0.9133142342218763
Model 3,14,GrossMargin_last1,0.00708504009420382,0.9203992743160802
Model 3,15,VIX_QoQ_Lag2,0.0035716551152053743,0.9239709294312856
Model 3,16,VIX_QoQ,0.0031994729581291004,0.9271704023894146
Model 3,17,SOX_QoQ,0.0028707043757623366,0.9300411067651769
Model 3,18,VIX_QoQ_Lag1,0.002729007328610393,0.9327701140937873
Model 3,19,FnG_QoQ_Lag3,0.002679196935143861,0.9354493110289311
Model 3,20,FnG_QoQ,0.002568605701341322,0.9380179167302725
Model 3,1,QuarterlyVolatility_Lag1,0.36732300937805407,0.36732300937805407
Model 3,2,QuarterlyVolatility_Lag2,0.16602473894303177,0.5333477483210858
Model 3,3,Spread_cur,0.15070351675128577,0.6840512650723716
Model 3,4,QuarterlyVolatility_Lag3,0.06588437791390094,0.7499356429862725
Model 3,5,TradingMoney_cur,0.030151380801170177,0.7800870237874427
Model 3,6,TradingTurnover_cur,0.026248992353220237,0.8063360161406629
Model 3,7,TradingVolume_cur,0.022358322725896933,0.8286943388665597
Model 3,8,ROE_last1,0.017958011112651207,0.8466523499792109
Model 3,9,Last3mCumulativeRevenue_last1,0.016274178549361615,0.8629265285285725
Model 3,10,Last3mCumulativeRevenueGrowthRate_last1,0.016196001573339974,0.8791225301019125
Model 3,11,ROA_last1,0.015535236803857036,0.8946577669057696
Model 3,12,ClosingPrice_cur,0.009635586131315542,0.9042933530370851
Model 3,13,EPS_last1,0.008573392171223333,0.9128667452083085
Model 3,14,GrossMargin_last1,0.007315761769692173,0.9201825069780006
Model 3,15,VIX_QoQ_Lag2,0.003458493895060422,0.9236410008730611
Model 3,16,VIX_QoQ,0.003142293025335721,0.9267832938983969
Model 3,17,VIX_QoQ_Lag1,0.0028135711881219186,0.9295968650865187
Model 3,18,SOX_QoQ,0.0027730040227892765,0.932369869109308
Model 3,19,FnG_QoQ_Lag3,0.0026804559788987407,0.9350503250882067
Model 3,20,FnG_QoQ_Lag2,0.0026383539115146185,0.9376886789997213
Model 3,1,QuarterlyVolatility_Lag1,0.42599149096061667,0.42599149096061667
Model 3,2,QuarterlyVolatility_Lag2,0.15259964642828094,0.5785911373888977
Model 3,3,Spread_cur,0.13213459973105846,0.7107257371199561
Model 3,4,QuarterlyVolatility_Lag3,0.05943774575202828,0.7701634828719844
Model 3,5,TradingMoney_cur,0.029571043480669943,0.7997345263526544
Model 3,6,TradingTurnover_cur,0.02465891067355374,0.8243934370262082
Model 3,7,TradingVolume_cur,0.02168254960606593,0.8460759866322741
Model 3,8,Last3mCumulativeRevenueGrowthRate_last1,0.016464037798253686,0.8625400244305278
Model 3,9,ROE_last1,0.015214290199736894,0.8777543146302647
Model 3,10,Last3mCumulativeRevenue_last1,0.014661830387335633,0.8924161450176002
Model 3,11,ROA_last1,0.014018421682139985,0.9064345666997402
Model 3,12,ClosingPrice_cur,0.00880139644813881,0.915235963147879
Model 3,13,EPS_last1,0.006510717911585842,0.9217466810594649
Model 3,14,GrossMargin_last1,0.005917087278321859,0.9276637683377867
Model 3,15,VIX_QoQ_Lag2,0.0034714242633678335,0.9311351926011546
Model 3,16,VIX_QoQ_Lag1,0.0029057184062566623,0.9340409110074113
Model 3,17,SOX_QoQ_Lag3,0.0028476166847663472,0.9368885276921776
Model 3,18,FnG_QoQ_Lag2,0.0028319255485145358,0.9397204532406921
Model 3,19,SOX_QoQ,0.0027918682022631427,0.9425123214429553
Model 3,20,IXIC_QoQ_Lag1,0.002613741282862666,0.9451260627258179
Model 3,1,QuarterlyVolatility_Lag1,0.39499358487472247,0.39499358487472247
Model 3,2,QuarterlyVolatility_Lag2,0.1618772546429235,0.5568708395176459
Model 3,3,Spread_cur,0.143778768338544,0.7006496078561899
Model 3,4,QuarterlyVolatility_Lag3,0.06445491139696401,0.7651045192531539
Model 3,5,TradingMoney_cur,0.0307420918706914,0.7958466111238454
Model 3,6,TradingTurnover_cur,0.02522749867872516,0.8210741098025706
Model 3,7,TradingVolume_cur,0.022534784962194708,0.8436088947647653
Model 3,8,ROE_last1,0.01653466004664824,0.8601435548114136
Model 3,9,Last3mCumulativeRevenue_last1,0.015261143694502025,0.8754046985059156
Model 3,10,Last3mCumulativeRevenueGrowthRate_last1,0.014839737968143377,0.890244436474059
Model 3,11,ROA_last1,0.01470776248836241,0.9049521989624214
Model 3,12,ClosingPrice_cur,0.008926830957311296,0.9138790299197327
Model 3,13,EPS_last1,0.007186984121473502,0.9210660140412061
Model 3,14,GrossMargin_last1,0.005857464143458179,0.9269234781846644
Model 3,15,VIX_QoQ_Lag2,0.003367215338142504,0.9302906935228069
Model 3,16,VIX_QoQ,0.002905512993831357,0.9331962065166383
Model 3,17,VIX_QoQ_Lag3,0.002623696906201541,0.9358199034228398
Model 3,18,SOX_QoQ,0.0026045768529304107,0.9384244802757702
Model 3,19,FnG_QoQ_Lag2,0.0025699928289282226,0.9409944731046984
Model 3,20,SOX_QoQ_Lag3,0.002552923714087802,0.9435473968187862
Model 3,1,QuarterlyVolatility_Lag1,0.3893896116985335,0.3893896116985335
Model 3,2,QuarterlyVolatility_Lag2,0.16694464035990472,0.5563342520584382
Model 3,3,Spread_cur,0.14633621021956844,0.7026704622780067
Model 3,4,QuarterlyVolatility_Lag3,0.06461237345636514,0.7672828357343718
Model 3,5,TradingMoney_cur,0.030135737843752855,0.7974185735781247
Model 3,6,TradingTurnover_cur,0.02508063135605507,0.8224992049341798
Model 3,7,TradingVolume_cur,0.021772180937366114,0.8442713858715459
Model 3,8,ROE_last1,0.016850061210580088,0.861121447082126
Model 3,9,Last3mCumulativeRevenue_last1,0.015361933732615456,0.8764833808147414
Model 3,10,Last3mCumulativeRevenueGrowthRate_last1,0.015008136595383945,0.8914915174101253
Model 3,11,ROA_last1,0.014190618321158397,0.9056821357312838
Model 3,12,ClosingPrice_cur,0.008482672689470278,0.914164808420754
Model 3,13,EPS_last1,0.006852513530110898,0.9210173219508648
Model 3,14,GrossMargin_last1,0.005842014283230933,0.9268593362340958
Model 3,15,VIX_QoQ_Lag2,0.0031271244794955286,0.9299864607135913
Model 3,16,VIX_QoQ,0.0028133918839426154,0.9327998525975338
Model 3,17,VIX_QoQ_Lag1,0.0026563226695251905,0.935456175267059
Model 3,18,SOX_QoQ,0.0025883154411435166,0.9380444907082025
Model 3,19,VIX_QoQ_Lag3,0.0025582778531053926,0.9406027685613079
Model 3,20,FnG_QoQ_Lag2,0.002543346664432606,0.9431461152257404
Model 3,1,QuarterlyVolatility_Lag1,0.42284230212861185,0.42284230212861185
Model 3,2,QuarterlyVolatility_Lag2,0.15803686488651952,0.5808791670151314
Model 3,3,Spread_cur,0.144085883871413,0.7249650508865444
Model 3,4,QuarterlyVolatility_Lag3,0.06255184208482979,0.7875168929713742
Model 3,5,TradingMoney_cur,0.02664796000584024,0.8141648529772144
Model 3,6,TradingTurnover_cur,0.024043022570982123,0.8382078755481965
Model 3,7,TradingVolume_cur,0.020474559119561246,0.8586824346677577
Model 3,8,Last3mCumulativeRevenueGrowthRate_last1,0.017937358560567624,0.8766197932283254
Model 3,9,ROE_last1,0.014209400396626114,0.8908291936249515
Model 3,10,Last3mCumulativeRevenue_last1,0.013858994761916406,0.9046881883868679
Model 3,11,ROA_last1,0.012773019585034757,0.9174612079719027
Model 3,12,ClosingPrice_cur,0.006565033529095678,0.9240262415009983
Model 3,13,EPS_last1,0.0061891085844695964,0.930215350085468
Model 3,14,GrossMargin_last1,0.0043330598922472355,0.9345484099777152
Model 3,15,VIX_QoQ_Lag2,0.002856966685119528,0.9374053766628346
Model 3,16,SOX_QoQ_Lag3,0.002779614946495941,0.9401849916093306
Model 3,17,VIX_QoQ,0.0026558095294247678,0.9428408011387553
Model 3,18,VIX_QoQ_Lag1,0.002585244808121909,0.9454260459468773
Model 3,19,SOX_QoQ,0.0025847171380051046,0.9480107630848824
Model 3,20,DJIA_QoQ,0.0025340434993197302,0.9505448065842022
Model 3,1,QuarterlyVolatility_Lag1,0.39819909574982926,0.39819909574982926
Model 3,2,QuarterlyVolatility_Lag2,0.16764230490583806,0.5658414006556673
Model 3,3,Spread_cur,0.154197055880113,0.7200384565357804
Model 3,4,QuarterlyVolatility_Lag3,0.0672973887898595,0.7873358453256398
Model 3,5,TradingMoney_cur,0.02810552908957382,0.8154413744152137
Model 3,6,TradingTurnover_cur,0.024470779809401016,0.8399121542246147
Model 3,7,TradingVolume_cur,0.022224275320951812,0.8621364295455666
Model 3,8,Last3mCumulativeRevenueGrowthRate_last1,0.014360735118327065,0.8764971646638936
Model 3,9,ROE_last1,0.014021068942083874,0.8905182336059775
Model 3,10,Last3mCumulativeRevenue_last1,0.01341502038816185,0.9039332539941394
Model 3,11,ROA_last1,0.012828119808421865,0.9167613738025613
Model 3,12,ClosingPrice_cur,0.007388003714059032,0.9241493775166203
Model 3,13,EPS_last1,0.005667216949524695,0.929816594466145
Model 3,14,GrossMargin_last1,0.004082642233713945,0.9338992366998589
Model 3,15,VIX_QoQ_Lag2,0.0030515830777159943,0.9369508197775749
Model 3,16,VIX_QoQ,0.0027079622878012984,0.9396587820653762
Model 3,17,SOX_QoQ_Lag3,0.0025379453712342827,0.9421967274366105
Model 3,18,FnG_QoQ_Lag3,0.0024111578315066566,0.9446078852681172
Model 3,19,FnG_QoQ_Lag2,0.002393475369101812,0.9470013606372191
Model 3,20,SOX_QoQ,0.002391478237220714,0.9493928388744398
Model 3,1,QuarterlyVolatility_Lag1,0.39627117867803163,0.39627117867803163
Model 3,2,QuarterlyVolatility_Lag2,0.16909593103746634,0.565367109715498
Model 3,3,Spread_cur,0.156403141119936,0.721770250835434
Model 3,4,QuarterlyVolatility_Lag3,0.06609549323770905,0.787865744073143
Model 3,5,TradingMoney_cur,0.02899616547723619,0.8168619095503792
Model 3,6,TradingTurnover_cur,0.024835653301040827,0.8416975628514201
Model 3,7,TradingVolume_cur,0.021556085822988635,0.8632536486744087
Model 3,8,ROE_last1,0.014690257585161001,0.8779439062595696
Model 3,9,Last3mCumulativeRevenue_last1,0.01379344222139604,0.8917373484809656
Model 3,10,Last3mCumulativeRevenueGrowthRate_last1,0.013526089430623141,0.9052634379115888
Model 3,11,ROA_last1,0.012523563293780009,0.9177870012053688
Model 3,12,ClosingPrice_cur,0.007155600774554155,0.924942601979923
Model 3,13,EPS_last1,0.005378977310745729,0.9303215792906687
Model 3,14,GrossMargin_last1,0.004240161681742822,0.9345617409724115
Model 3,15,VIX_QoQ_Lag2,0.0028942684557023463,0.9374560094281139
Model 3,16,SOX_QoQ,0.002533632373975066,0.939989641802089
Model 3,17,VIX_QoQ,0.002524579029396373,0.9425142208314854
Model 3,18,SOX_QoQ_Lag3,0.0024730217651367722,0.9449872425966221
Model 3,19,FnG_QoQ_Lag3,0.0023516265806056208,0.9473388691772278
Model 3,20,VIX_QoQ_Lag1,0.002349221756616151,0.9496880909338439
Model 3,1,QuarterlyVolatility_Lag1,0.3748154093860771,0.3748154093860771
Model 3,2,QuarterlyVolatility_Lag2,0.13647674228299164,0.5112921516690687
Model 3,3,Spread_cur,0.13458744766876046,0.6458795993378292
Model 3,4,QuarterlyVolatility_Lag3,0.07135322086233498,0.7172328202001642
Model 3,5,TradingMoney_cur,0.03486948083668158,0.7521023010368458
Model 3,6,TradingTurnover_cur,0.02951068181530309,0.781612982852149
Model 3,7,TradingVolume_cur,0.02787075853101849,0.8094837413831675
Model 3,8,ROE_last1,0.01936240656053119,0.8288461479436987
Model 3,9,Last3mCumulativeRevenueGrowthRate_last1,0.018700670781717735,0.8475468187254165
Model 3,10,Last3mCumulativeRevenue_last1,0.01820157292374092,0.8657483916491574
Model 3,11,ROA_last1,0.017403562670027926,0.8831519543191854
Model 3,12,EPS_last1,0.012344148408026787,0.8954961027272121
Model 3,13,ClosingPrice_cur,0.011612727382661678,0.9071088301098739
Model 3,14,GrossMargin_last1,0.008174555569389081,0.9152833856792629
Model 3,15,VIX_QoQ_Lag2,0.0037340884361864446,0.9190174741154493
Model 3,16,VIX_QoQ_Lag1,0.0032356570769541946,0.9222531311924035
Model 3,17,FnG_QoQ,0.003060407897835347,0.9253135390902388
Model 3,18,VIX_QoQ,0.0030050974390984763,0.9283186365293373
Model 3,19,IXIC_QoQ_Lag1,0.002812106906413534,0.9311307434357509
Model 3,20,IXIC_QoQ_Lag3,0.00280119735194185,0.9339319407876927
Model 3,1,QuarterlyVolatility_Lag1,0.35012591117614694,0.35012591117614694
Model 3,2,QuarterlyVolatility_Lag2,0.15024986932361406,0.5003757804997611
Model 3,3,Spread_cur,0.1408747506662618,0.6412505311660228
Model 3,4,QuarterlyVolatility_Lag3,0.07304662732141143,0.7142971584874342
Model 3,5,TradingMoney_cur,0.03482398494532012,0.7491211434327544
Model 3,6,TradingTurnover_cur,0.029735600249669165,0.7788567436824235
Model 3,7,TradingVolume_cur,0.027430591614232374,0.8062873352966559
Model 3,8,ROE_last1,0.020317845816123878,0.8266051811127797
Model 3,9,Last3mCumulativeRevenueGrowthRate_last1,0.019465745029360035,0.8460709261421397
Model 3,10,Last3mCumulativeRevenue_last1,0.01836367511059662,0.8644346012527364
Model 3,11,ROA_last1,0.017200565850285447,0.8816351671030218
Model 3,12,ClosingPrice_cur,0.012482918722825899,0.8941180858258477
Model 3,13,EPS_last1,0.011082517039605739,0.9052006028654535
Model 3,14,GrossMargin_last1,0.008902449354838592,0.9141030522202921
Model 3,15,VIX_QoQ_Lag2,0.003915375782490941,0.918018428002783
Model 3,16,VIX_QoQ_Lag1,0.003176988386183792,0.9211954163889667
Model 3,17,VIX_QoQ,0.0029864789486651593,0.9241818953376318
Model 3,18,VIX_QoQ_Lag3,0.0028738106129442653,0.9270557059505761
Model 3,19,SOX_QoQ_Lag3,0.0028069605973259576,0.9298626665479021
Model 3,20,FnG_QoQ,0.00276633965249667,0.9326290062003987
Model 3,1,QuarterlyVolatility_Lag1,0.33903426325432684,0.33903426325432684
Model 3,2,QuarterlyVolatility_Lag2,0.15317376990726375,0.49220803316159056
Model 3,3,Spread_cur,0.14976964055029507,0.6419776737118856
Model 3,4,QuarterlyVolatility_Lag3,0.07203028081700283,0.7140079545288884
Model 3,5,TradingMoney_cur,0.03582001193911943,0.7498279664680079
Model 3,6,TradingTurnover_cur,0.029937113236044914,0.7797650797040527
Model 3,7,TradingVolume_cur,0.026029780409745587,0.8057948601137983
Model 3,8,ROE_last1,0.02085537042518946,0.8266502305389878
Model 3,9,Last3mCumulativeRevenueGrowthRate_last1,0.018784190701784997,0.8454344212407727
Model 3,10,Last3mCumulativeRevenue_last1,0.018465617151078306,0.863900038391851
Model 3,11,ROA_last1,0.017101161744712264,0.8810012001365632
Model 3,12,ClosingPrice_cur,0.01265991052567599,0.8936611106622392
Model 3,13,EPS_last1,0.010783741894351972,0.9044448525565911
Model 3,14,GrossMargin_last1,0.009007733336297374,0.9134525858928885
Model 3,15,VIX_QoQ_Lag2,0.003851442711811895,0.9173040286047004
Model 3,16,VIX_QoQ_Lag1,0.003171834282487139,0.9204758628871875
Model 3,17,VIX_QoQ,0.0029662612779351345,0.9234421241651226
Model 3,18,VIX_QoQ_Lag3,0.0028958336349822313,0.9263379578001049
Model 3,19,FnG_QoQ_Lag3,0.0028105833175211194,0.929148541117626
Model 3,20,SOX_QoQ_Lag3,0.0027538105519797447,0.9319023516696058
Model 3,1,QuarterlyVolatility_Lag1,0.3805786324653367,0.3805786324653367
Model 3,2,QuarterlyVolatility_Lag2,0.14848811273585785,0.5290667452011946
Model 3,3,Spread_cur,0.13030153451959814,0.6593682797207927
Model 3,4,QuarterlyVolatility_Lag3,0.07215527144194617,0.7315235511627389
Model 3,5,TradingMoney_cur,0.0345056275562491,0.766029178718988
Model 3,6,TradingVolume_cur,0.029033109519600118,0.7950622882385882
Model 3,7,TradingTurnover_cur,0.026329811742172804,0.8213920999807609
Model 3,8,Last3mCumulativeRevenue_last1,0.01836541830152168,0.8397575182822826
Model 3,9,ROE_last1,0.018100135857842647,0.8578576541401253
Model 3,10,Last3mCumulativeRevenueGrowthRate_last1,0.018086030042211147,0.8759436841823364
Model 3,11,ROA_last1,0.016461058267215008,0.8924047424495514
Model 3,12,ClosingPrice_cur,0.011509996052170995,0.9039147385017223
Model 3,13,EPS_last1,0.009362439200694095,0.9132771777024165
Model 3,14,GrossMargin_last1,0.0068137557549123725,0.9200909334573288
Model 3,15,VIX_QoQ_Lag2,0.003734206513711187,0.92382513997104
Model 3,16,VIX_QoQ_Lag1,0.003419154631852558,0.9272442946028926
Model 3,17,SOX_QoQ_Lag3,0.002692172328645095,0.9299364669315376
Model 3,18,VIX_QoQ_Lag3,0.0026062546972623985,0.9325427216288
Model 3,19,FnG_QoQ_Lag3,0.0025300111287250033,0.935072732757525
Model 3,20,IXIC_QoQ_Lag3,0.0024663085160416404,0.9375390412735667
Model 3,1,QuarterlyVolatility_Lag1,0.36197162616084955,0.36197162616084955
Model 3,2,QuarterlyVolatility_Lag2,0.1638232953884005,0.5257949215492501
Model 3,3,Spread_cur,0.13758026108535504,0.6633751826346052
Model 3,4,QuarterlyVolatility_Lag3,0.07009350931592838,0.7334686919505335
Model 3,5,TradingMoney_cur,0.03226444408115965,0.7657331360316932
Model 3,6,TradingTurnover_cur,0.0292709707188745,0.7950041067505678
Model 3,7,TradingVolume_cur,0.028223084317411322,0.823227191067979
Model 3,8,ROE_last1,0.018722350472807615,0.8419495415407866
Model 3,9,Last3mCumulativeRevenueGrowthRate_last1,0.018179825019046424,0.8601293665598331
Model 3,10,Last3mCumulativeRevenue_last1,0.017315610005483633,0.8774449765653167
Model 3,11,ROA_last1,0.015654106379142763,0.8930990829444595
Model 3,12,ClosingPrice_cur,0.011618993282849271,0.9047180762273088
Model 3,13,EPS_last1,0.008896547606276829,0.9136146238335856
Model 3,14,GrossMargin_last1,0.006992323195244195,0.9206069470288298
Model 3,15,VIX_QoQ_Lag2,0.003812094773776654,0.9244190418026065
Model 3,16,VIX_QoQ_Lag1,0.0029802567675629374,0.9273992985701695
Model 3,17,VIX_QoQ,0.002762134320335461,0.9301614328905049
Model 3,18,SOX_QoQ_Lag3,0.0027048475580146196,0.9328662804485195
Model 3,19,VIX_QoQ_Lag3,0.0026948712719476234,0.9355611517204672
Model 3,20,FnG_QoQ_Lag3,0.002474513774448131,0.9380356654949153
Model 3,1,QuarterlyVolatility_Lag1,0.3499239949241252,0.3499239949241252
Model 3,2,QuarterlyVolatility_Lag2,0.16147658360990344,0.5114005785340286
Model 3,3,Spread_cur,0.14753765138125388,0.6589382299152825
Model 3,4,QuarterlyVolatility_Lag3,0.07303080533084064,0.7319690352461231
Model 3,5,TradingMoney_cur,0.03344817625961474,0.7654172115057378
Model 3,6,TradingTurnover_cur,0.030435687072353956,0.7958528985780918
Model 3,7,TradingVolume_cur,0.026962175967565328,0.8228150745456572
Model 3,8,ROE_last1,0.01918474815501117,0.8419998227006683
Model 3,9,Last3mCumulativeRevenue_last1,0.017664948428437417,0.8596647711291058
Model 3,10,Last3mCumulativeRevenueGrowthRate_last1,0.017210499598502283,0.8768752707276081
Model 3,11,ROA_last1,0.015508854802971787,0.8923841255305799
Model 3,12,ClosingPrice_cur,0.011621045697080563,0.9040051712276604
Model 3,13,EPS_last1,0.008551920923892795,0.9125570921515532
Model 3,14,GrossMargin_last1,0.007106323693905505,0.9196634158454587
Model 3,15,VIX_QoQ_Lag2,0.0035485926229971367,0.9232120084684559
Model 3,16,VIX_QoQ_Lag1,0.003088217187635687,0.9263002256560915
Model 3,17,VIX_QoQ_Lag3,0.002740320790328843,0.9290405464464203
Model 3,18,VIX_QoQ,0.002697742647401099,0.9317382890938214
Model 3,19,SOX_QoQ_Lag3,0.0026582392436987424,0.9343965283375202
Model 3,20,FnG_QoQ_Lag3,0.002583032878640552,0.9369795612161608
Model 3,1,QuarterlyVolatility_Lag1,0.3849157114619439,0.3849157114619439
Model 3,2,QuarterlyVolatility_Lag2,0.15215017515754123,0.5370658866194852
Model 3,3,Spread_cur,0.13914739167513407,0.6762132782946193
Model 3,4,QuarterlyVolatility_Lag3,0.0724157603541596,0.7486290386487789
Model 3,5,TradingMoney_cur,0.032220821559441525,0.7808498602082204
Model 3,6,TradingVolume_cur,0.029857720943494852,0.8107075811517153
Model 3,7,TradingTurnover_cur,0.028290430715485804,0.838998011867201
Model 3,8,Last3mCumulativeRevenueGrowthRate_last1,0.017295080542234432,0.8562930924094354
Model 3,9,ROE_last1,0.017058926908131572,0.873352019317567
Model 3,10,Last3mCumulativeRevenue_last1,0.015437952014248899,0.8887899713318159
Model 3,11,ROA_last1,0.014356373614413756,0.9031463449462297
Model 3,12,ClosingPrice_cur,0.009371192120152019,0.9125175370663817
Model 3,13,EPS_last1,0.009208244252101469,0.9217257813184832
Model 3,14,GrossMargin_last1,0.005710410234370288,0.9274361915528534
Model 3,15,VIX_QoQ_Lag2,0.0034175532834810557,0.9308537448363344
Model 3,16,VIX_QoQ_Lag1,0.003061393220999983,0.9339151380573344
Model 3,17,SOX_QoQ_Lag3,0.0026837534892233477,0.9365988915465577
Model 3,18,VIX_QoQ,0.0024746011434931396,0.9390734926900509
Model 3,19,SOX_QoQ,0.002407267973584224,0.9414807606636352
Model 3,20,IXIC_QoQ_Lag3,0.002250572400599076,0.9437313330642343
Model 3,1,QuarterlyVolatility_Lag1,0.36360411840909207,0.36360411840909207
Model 3,2,QuarterlyVolatility_Lag2,0.16532952761503852,0.5289336460241306
Model 3,3,Spread_cur,0.1492680351228412,0.6782016811469718
Model 3,4,QuarterlyVolatility_Lag3,0.07177878611869234,0.7499804672656641
Model 3,5,TradingMoney_cur,0.034800802683606746,0.7847812699492709
Model 3,6,TradingVolume_cur,0.027481277162575493,0.8122625471118464
Model 3,7,TradingTurnover_cur,0.02737059774577461,0.8396331448576211
Model 3,8,ROE_last1,0.01708770428100514,0.8567208491386262
Model 3,9,Last3mCumulativeRevenueGrowthRate_last1,0.016916046695781964,0.8736368958344082
Model 3,10,Last3mCumulativeRevenue_last1,0.014824071112890384,0.8884609669472986
Model 3,11,ROA_last1,0.013634353900456697,0.9020953208477553
Model 3,12,ClosingPrice_cur,0.009657167217560535,0.9117524880653158
Model 3,13,EPS_last1,0.008341047704848255,0.9200935357701641
Model 3,14,GrossMargin_last1,0.006056279139599508,0.9261498149097636
Model 3,15,VIX_QoQ_Lag2,0.003471318944309197,0.9296211338540727
Model 3,16,VIX_QoQ,0.002707084202812121,0.9323282180568848
Model 3,17,VIX_QoQ_Lag1,0.0026658320533091084,0.9349940501101939
Model 3,18,SOX_QoQ_Lag3,0.002577588369366748,0.9375716384795606
Model 3,19,VIX_QoQ_Lag3,0.0024933402836528314,0.9400649787632134
Model 3,20,SOX_QoQ,0.002333465592136031,0.9423984443553494
Model 3,1,QuarterlyVolatility_Lag1,0.3553236136138667,0.3553236136138667
Model 3,2,QuarterlyVolatility_Lag2,0.16467893302111988,0.5200025466349866
Model 3,3,Spread_cur,0.15811272142935187,0.6781152680643384
Model 3,4,QuarterlyVolatility_Lag3,0.07211445270667162,0.75022972077101
Model 3,5,TradingMoney_cur,0.03445624510922137,0.7846859658802314
Model 3,6,TradingTurnover_cur,0.028958841518835342,0.8136448073990667
Model 3,7,TradingVolume_cur,0.02610239262718362,0.8397472000262504
Model 3,8,ROE_last1,0.017515394224549088,0.8572625942507994
Model 3,9,Last3mCumulativeRevenueGrowthRate_last1,0.016042357600690237,0.8733049518514897
Model 3,10,Last3mCumulativeRevenue_last1,0.015753930957522047,0.8890588828090118
Model 3,11,ROA_last1,0.013067253531932796,0.9021261363409446
Model 3,12,ClosingPrice_cur,0.009458529983526266,0.9115846663244709
Model 3,13,EPS_last1,0.007791722053410675,0.9193763883778816
Model 3,14,GrossMargin_last1,0.005910099883052902,0.9252864882609345
Model 3,15,VIX_QoQ_Lag2,0.0034265905137925608,0.9287130787747271
Model 3,16,VIX_QoQ_Lag1,0.0027508197421194543,0.9314638985168465
Model 3,17,VIX_QoQ,0.0026832987082697703,0.9341471972251163
Model 3,18,SOX_QoQ_Lag3,0.0025743311051714354,0.9367215283302878
Model 3,19,VIX_QoQ_Lag3,0.0024960568922146363,0.9392175852225024
Model 3,20,FnG_QoQ_Lag3,0.0024164885163389526,0.9416340737388413
Model 3,1,QuarterlyVolatility_Lag1,0.7714358893019811,0.7714358893019811
Model 3,2,Spread_cur,0.09119885646240246,0.8626347457643836
Model 3,3,QuarterlyVolatility_Lag3,0.022768798122738642,0.8854035438871223
Model 3,4,QuarterlyVolatility_Lag2,0.013426441454788395,0.8988299853419107
Model 3,5,Last3mCumulativeRevenueGrowthRate_last1,0.007068207253494146,0.9058981925954048
Model 3,6,ROE_last1,0.0068171826655160144,0.9127153752609208
Model 3,7,SOX_QoQ,0.0052959323653928424,0.9180113076263137
Model 3,8,TradingVolume_cur,0.004706628790249767,0.9227179364165634
Model 3,9,TradingMoney_cur,0.004636003886012497,0.9273539403025759
Model 3,10,VIX_QoQ,0.0045732990843722655,0.9319272393869482
Model 3,11,FnG_QoQ_Lag2,0.004560497975689038,0.9364877373626372
Model 3,12,Last3mCumulativeRevenue_last1,0.004517620747806689,0.941005358110444
Model 3,13,ROA_last1,0.003911633492188193,0.9449169916026321
Model 3,14,ClosingPrice_cur,0.0038813342841379907,0.94879832588677
Model 3,15,GrossMargin_last1,0.0038274666449064124,0.9526257925316765
Model 3,16,EPS_last1,0.00363744134056847,0.9562632338722449
Model 3,17,TradingTurnover_cur,0.003484373860857249,0.9597476077331021
Model 3,18,FnG_QoQ_Lag1,0.0031822421322009013,0.962929849865303
Model 3,19,TotalUnempPct_QoQ_Lag3_last1,0.0027132432331102374,0.9656430930984132
Model 3,20,FnG_QoQ_Lag3,0.002630211759848373,0.9682733048582616
Model 3,1,QuarterlyVolatility_Lag1,0.7713109421611981,0.7713109421611981
Model 3,2,Spread_cur,0.09127576939211397,0.8625867115533121
Model 3,3,QuarterlyVolatility_Lag3,0.022577518246856353,0.8851642298001685
Model 3,4,QuarterlyVolatility_Lag2,0.013066919870572222,0.8982311496707407
Model 3,5,Last3mCumulativeRevenueGrowthRate_last1,0.007213248394414508,0.9054443980651552
Model 3,6,ROE_last1,0.006965890153128415,0.9124102882182836
Model 3,7,SOX_QoQ,0.005366883531466398,0.91777717174975
Model 3,8,Last3mCumulativeRevenue_last1,0.0049330558143698125,0.9227102275641198
Model 3,9,TradingVolume_cur,0.0046913716203090565,0.9274015991844289
Model 3,10,TradingMoney_cur,0.00462687509974392,0.9320284742841728
Model 3,11,VIX_QoQ,0.004556330471067039,0.9365848047552399
Model 3,12,FnG_QoQ_Lag2,0.0041646838131831265,0.940749488568423
Model 3,13,ROA_last1,0.004119859852094981,0.944869348420518
Model 3,14,GrossMargin_last1,0.003969524532925347,0.9488388729534433
Model 3,15,ClosingPrice_cur,0.0038956223362640327,0.9527344952897073
Model 3,16,EPS_last1,0.0037933828771621408,0.9565278781668695
Model 3,17,TradingTurnover_cur,0.003506376238519714,0.9600342544053891
Model 3,18,FnG_QoQ,0.0029986566475275257,0.9630329110529167
Model 3,19,FnG_QoQ_Lag1,0.0029925541526851416,0.9660254652056018
Model 3,20,FnG_QoQ_Lag3,0.002746539120106029,0.9687720043257079
Model 3,1,QuarterlyVolatility_Lag1,0.7707780487592675,0.7707780487592675
Model 3,2,Spread_cur,0.09135742209112807,0.8621354708503955
Model 3,3,QuarterlyVolatility_Lag3,0.02250344402017394,0.8846389148705694
Model 3,4,QuarterlyVolatility_Lag2,0.013237052545627797,0.8978759674161972
Model 3,5,Last3mCumulativeRevenueGrowthRate_last1,0.007139237512165184,0.9050152049283624
Model 3,6,ROE_last1,0.006785343974048065,0.9118005489024105
Model 3,7,SOX_QoQ,0.005413547164050701,0.9172140960664612
Model 3,8,Last3mCumulativeRevenue_last1,0.004989063298738677,0.9222031593651999
Model 3,9,VIX_QoQ,0.00460071993598785,0.9268038793011878
Model 3,10,TradingVolume_cur,0.004586780425783991,0.9313906597269718
Model 3,11,TradingMoney_cur,0.004583531957810305,0.9359741916847821
Model 3,12,FnG_QoQ_Lag2,0.0041845034824078775,0.94015869516719
Model 3,13,ROA_last1,0.004140056138068289,0.9442987513052583
Model 3,14,GrossMargin_last1,0.004028613039573636,0.948327364344832
Model 3,15,ClosingPrice_cur,0.003926783721891478,0.9522541480667235
Model 3,16,EPS_last1,0.0037837361476043756,0.9560378842143279
Model 3,17,TradingTurnover_cur,0.0035218405289906456,0.9595597247433185
Model 3,18,FnG_QoQ,0.0029759420467626117,0.9625356667900812
Model 3,19,FnG_QoQ_Lag1,0.002952428017294541,0.9654880948073757
Model 3,20,TotalUnempPct_QoQ_Lag3_last1,0.002787000959463199,0.9682750957668389
Model 3,1,QuarterlyVolatility_Lag1,0.7938668271195751,0.7938668271195751
Model 3,2,Spread_cur,0.0912622447369646,0.8851290718565398
Model 3,3,QuarterlyVolatility_Lag3,0.020941392541437513,0.9060704643979773
Model 3,4,QuarterlyVolatility_Lag2,0.010883225906323955,0.9169536903043013
Model 3,5,Last3mCumulativeRevenueGrowthRate_last1,0.005636530400843679,0.922590220705145
Model 3,6,ROE_last1,0.005377150664610182,0.9279673713697552
Model 3,7,SOX_QoQ,0.005100478634440595,0.9330678500041958
Model 3,8,FnG_QoQ_Lag2,0.00415305204655018,0.9372209020507459
Model 3,9,VIX_QoQ,0.00389810521928486,0.9411190072700308
Model 3,10,TradingMoney_cur,0.003651316272398166,0.944770323542429
Model 3,11,TradingVolume_cur,0.003226396603049612,0.9479967201454785
Model 3,12,ClosingPrice_cur,0.003197052764128868,0.9511937729096074
Model 3,13,Last3mCumulativeRevenue_last1,0.003145709731122176,0.9543394826407295
Model 3,14,FnG_QoQ_Lag1,0.0027286155116775976,0.9570680981524071
Model 3,15,ROA_last1,0.0026371078708291975,0.9597052060232363
Model 3,16,FnG_QoQ,0.002563254091446862,0.9622684601146831
Model 3,17,GrossMargin_last1,0.00255856929602778,0.964827029410711
Model 3,18,TotalUnempPct_QoQ_Lag3_last1,0.0025454792346082306,0.9673725086453192
Model 3,19,TradingTurnover_cur,0.0025360087577476456,0.9699085174030668
Model 3,20,EPS_last1,0.0024243241594636977,0.9723328415625305
Model 3,1,QuarterlyVolatility_Lag1,0.7935704300470133,0.7935704300470133
Model 3,2,Spread_cur,0.09148736762658875,0.885057797673602
Model 3,3,QuarterlyVolatility_Lag3,0.020794045591473548,0.9058518432650756
Model 3,4,QuarterlyVolatility_Lag2,0.0107802810144166,0.9166321242794923
Model 3,5,Last3mCumulativeRevenueGrowthRate_last1,0.0056941464839558985,0.9223262707634482
Model 3,6,ROE_last1,0.005304100855265011,0.9276303716187132
Model 3,7,SOX_QoQ,0.005190500991670677,0.9328208726103839
Model 3,8,VIX_QoQ,0.004011609218611713,0.9368324818289957
Model 3,9,FnG_QoQ_Lag2,0.003948571127375843,0.9407810529563715
Model 3,10,TradingVolume_cur,0.0035526396861209173,0.9443336926424925
Model 3,11,TradingMoney_cur,0.003522782571243671,0.9478564752137362
Model 3,12,Last3mCumulativeRevenue_last1,0.0032102823842942558,0.9510667575980304
Model 3,13,ROA_last1,0.0030071871937793764,0.9540739447918097
Model 3,14,ClosingPrice_cur,0.002877501545701936,0.9569514463375117
Model 3,15,GrossMargin_last1,0.0027552857611638794,0.9597067320986756
Model 3,16,FnG_QoQ_Lag1,0.00263179701411589,0.9623385291127915
Model 3,17,TotalUnempPct_QoQ_Lag3_last1,0.0024743012736454144,0.964812830386437
Model 3,18,TradingTurnover_cur,0.0024655107664825642,0.9672783411529196
Model 3,19,EPS_last1,0.002465115670166749,0.9697434568230863
Model 3,20,FnG_QoQ_Lag3,0.002464555442449019,0.9722080122655353
Model 3,1,QuarterlyVolatility_Lag1,0.7930553501796331,0.7930553501796331
Model 3,2,Spread_cur,0.0916263652967783,0.8846817154764114
Model 3,3,QuarterlyVolatility_Lag3,0.020772681084115382,0.9054543965605267
Model 3,4,QuarterlyVolatility_Lag2,0.010973895488829934,0.9164282920493567
Model 3,5,Last3mCumulativeRevenueGrowthRate_last1,0.005573442703899225,0.922001734753256
Model 3,6,SOX_QoQ,0.0052523728565318974,0.9272541076097879
Model 3,7,ROE_last1,0.005022412252252914,0.9322765198620407
Model 3,8,VIX_QoQ,0.004036424516239666,0.9363129443782804
Model 3,9,FnG_QoQ_Lag2,0.0039894019009147725,0.9403023462791952
Model 3,10,TradingMoney_cur,0.0035012409290075827,0.9438035872082028
Model 3,11,TradingVolume_cur,0.0034756531410709813,0.9472792403492738
Model 3,12,Last3mCumulativeRevenue_last1,0.003296549207581226,0.9505757895568551
Model 3,13,ROA_last1,0.003058747076954523,0.9536345366338096
Model 3,14,ClosingPrice_cur,0.0029117441137095344,0.9565462807475191
Model 3,15,GrossMargin_last1,0.002818185944557365,0.9593644666920765
Model 3,16,FnG_QoQ_Lag1,0.002609937047897505,0.961974403739974
Model 3,17,TotalUnempPct_QoQ_Lag3_last1,0.0025428670583282327,0.9645172707983022
Model 3,18,TradingTurnover_cur,0.0025107217199707497,0.967027992518273
Model 3,19,EPS_last1,0.0024927358473111295,0.9695207283655841
Model 3,20,FnG_QoQ,0.002421425999322967,0.971942154364907
Model 3,1,QuarterlyVolatility_Lag1,0.8178542915296297,0.8178542915296297
Model 3,2,Spread_cur,0.09158729873971838,0.9094415902693481
Model 3,3,QuarterlyVolatility_Lag3,0.019594755062248267,0.9290363453315964
Model 3,4,QuarterlyVolatility_Lag2,0.00902104458277387,0.9380573899143703
Model 3,5,SOX_QoQ,0.0047423027536606845,0.942799692668031
Model 3,6,Last3mCumulativeRevenueGrowthRate_last1,0.0040188400768572455,0.9468185327448883
Model 3,7,FnG_QoQ_Lag2,0.003820575706058746,0.950639108450947
Model 3,8,VIX_QoQ,0.0032932296905055984,0.9539323381414526
Model 3,9,ROE_last1,0.0031714832170771493,0.9571038213585298
Model 3,10,FnG_QoQ_Lag1,0.002337741807408775,0.9594415631659385
Model 3,11,TotalUnempPct_QoQ_Lag3_last1,0.0021780247637762113,0.9616195879297148
Model 3,12,Last3mCumulativeRevenue_last1,0.0020406375481684946,0.9636602254778833
Model 3,13,FnG_QoQ_Lag3,0.0019483580158368957,0.9656085834937203
Model 3,14,OverallIndex_QoQ_last1,0.00187896078967123,0.9674875442833915
Model 3,15,ClosingPrice_cur,0.0018492897758820262,0.9693368340592735
Model 3,16,TradingMoney_cur,0.0018347982479671226,0.9711716323072407
Model 3,17,FnG_QoQ,0.0018286412589941993,0.9730002735662349
Model 3,18,TradingVolume_cur,0.0017314282995831848,0.974731701865818
Model 3,19,ROA_last1,0.0016882305921104971,0.9764199324579286
Model 3,20,GrossMargin_last1,0.0016301361944501228,0.9780500686523786
Model 3,1,QuarterlyVolatility_Lag1,0.817678778493512,0.817678778493512
Model 3,2,Spread_cur,0.09174228450299081,0.9094210629965028
Model 3,3,QuarterlyVolatility_Lag3,0.01934484071817946,0.9287659037146823
Model 3,4,QuarterlyVolatility_Lag2,0.008676333802218028,0.9374422375169003
Model 3,5,SOX_QoQ,0.004880975613336217,0.9423232131302365
Model 3,6,Last3mCumulativeRevenueGrowthRate_last1,0.004074057703439259,0.9463972708336758
Model 3,7,FnG_QoQ_Lag2,0.003719950954316149,0.9501172217879919
Model 3,8,ROE_last1,0.0033459789864151825,0.953463200774407
Model 3,9,VIX_QoQ,0.0032755643375034687,0.9567387651119105
Model 3,10,FnG_QoQ_Lag1,0.002232181037240135,0.9589709461491506
Model 3,11,Last3mCumulativeRevenue_last1,0.0021640799882408504,0.9611350261373914
Model 3,12,FnG_QoQ_Lag3,0.001999504417966618,0.963134530555358
Model 3,13,TotalUnempPct_QoQ_Lag3_last1,0.0019304604690663608,0.9650649910244243
Model 3,14,ROA_last1,0.0018534468933992458,0.9669184379178236
Model 3,15,TradingVolume_cur,0.0018414109982279156,0.9687598489160515
Model 3,16,OverallIndex_QoQ_last1,0.0018376792512458948,0.9705975281672974
Model 3,17,FnG_QoQ,0.0018220498735553575,0.9724195780408528
Model 3,18,ClosingPrice_cur,0.0017602260555236787,0.9741798040963765
Model 3,19,TradingMoney_cur,0.0017206059856807148,0.9759004100820572
Model 3,20,GrossMargin_last1,0.0016458500120421714,0.9775462600940994
Model 3,1,QuarterlyVolatility_Lag1,0.8173859569174582,0.8173859569174582
Model 3,2,Spread_cur,0.09177789651382957,0.9091638534312878
Model 3,3,QuarterlyVolatility_Lag3,0.01928548572233627,0.928449339153624
Model 3,4,QuarterlyVolatility_Lag2,0.0088251354986009,0.9372744746522249
Model 3,5,SOX_QoQ,0.0049765786458169405,0.9422510532980418
Model 3,6,Last3mCumulativeRevenueGrowthRate_last1,0.0039785409107221115,0.946229594208764
Model 3,7,FnG_QoQ_Lag2,0.003733686680320603,0.9499632808890845
Model 3,8,VIX_QoQ,0.00331181913109505,0.9532751000201796
Model 3,9,ROE_last1,0.0032014532297558926,0.9564765532499354
Model 3,10,FnG_QoQ_Lag1,0.0022626175723139234,0.9587391708222494
Model 3,11,Last3mCumulativeRevenue_last1,0.0021780976967820313,0.9609172685190314
Model 3,12,FnG_QoQ_Lag3,0.002006265239780504,0.9629235337588119
Model 3,13,TotalUnempPct_QoQ_Lag3_last1,0.0019976608571625047,0.9649211946159744
Model 3,14,ROA_last1,0.0018967816549187722,0.9668179762708932
Model 3,15,FnG_QoQ,0.0018477924402330692,0.9686657687111262
Model 3,16,TradingMoney_cur,0.0018174282857783784,0.9704831969969046
Model 3,17,TradingVolume_cur,0.0017647869707522563,0.9722479839676568
Model 3,18,OverallIndex_QoQ_last1,0.001757490392337378,0.9740054743599942
Model 3,19,GrossMargin_last1,0.0017528870662614773,0.9757583614262557
Model 3,20,ClosingPrice_cur,0.0017378965117668085,0.9774962579380225
Model 3,1,QuarterlyVolatility_Lag1,0.38105896757071783,0.38105896757071783
Model 3,2,QuarterlyVolatility_Lag2,0.1460271801159668,0.5270861476866846
Model 3,3,Spread_cur,0.12491351136179302,0.6519996590484776
Model 3,4,QuarterlyVolatility_Lag3,0.05860860760677222,0.7106082666552498
Model 3,5,TradingMoney_cur,0.02963785795835634,0.7402461246136062
Model 3,6,TradingTurnover_cur,0.0268807806311851,0.7671269052447913
Model 3,7,TradingVolume_cur,0.023197826060156874,0.7903247313049482
Model 3,8,Last3mCumulativeRevenueGrowthRate_last1,0.020332895277847016,0.8106576265827952
Model 3,9,ROE_last1,0.01933538662355879,0.829993013206354
Model 3,10,Last3mCumulativeRevenue_last1,0.019003490481739865,0.8489965036880939
Model 3,11,ROA_last1,0.0185874113195555,0.8675839150076494
Model 3,12,ClosingPrice_cur,0.013426061548048233,0.8810099765556977
Model 3,13,EPS_last1,0.012155083135174964,0.8931650596908727
Model 3,14,GrossMargin_last1,0.011425612653037027,0.9045906723439097
Model 3,15,VIX_QoQ_Lag2,0.0042072985157329615,0.9087979708596426
Model 3,16,VIX_QoQ_Lag1,0.003591928101496143,0.9123898989611388
Model 3,17,VIX_QoQ,0.0034680199158810023,0.9158579188770197
Model 3,18,DJIA_QoQ,0.003395658319738969,0.9192535771967587
Model 3,19,SOX_QoQ,0.0032907163019326204,0.9225442934986914
Model 3,20,FnG_QoQ_Lag3,0.0032652993179346913,0.9258095928166261
Model 3,1,QuarterlyVolatility_Lag1,0.368403496163471,0.368403496163471
Model 3,2,QuarterlyVolatility_Lag2,0.14331240614613303,0.5117159023096041
Model 3,3,Spread_cur,0.1349897834584748,0.6467056857680789
Model 3,4,QuarterlyVolatility_Lag3,0.06190141113013541,0.7086070968982142
Model 3,5,TradingMoney_cur,0.029873098863101254,0.7384801957613155
Model 3,6,TradingTurnover_cur,0.027230600750134767,0.7657107965114502
Model 3,7,TradingVolume_cur,0.024677529498690762,0.790388326010141
Model 3,8,ROE_last1,0.01989772776980164,0.8102860537799426
Model 3,9,Last3mCumulativeRevenue_last1,0.01979755832237257,0.8300836121023152
Model 3,10,Last3mCumulativeRevenueGrowthRate_last1,0.019162297203665378,0.8492459093059805
Model 3,11,ROA_last1,0.018378053189092525,0.867623962495073
Model 3,12,ClosingPrice_cur,0.013748435208331425,0.8813723977034045
Model 3,13,EPS_last1,0.01196113740659992,0.8933335351100044
Model 3,14,GrossMargin_last1,0.01123176709989058,0.904565302209895
Model 3,15,VIX_QoQ_Lag2,0.003774228150168607,0.9083395303600635
Model 3,16,VIX_QoQ,0.0036558518799235653,0.9119953822399871
Model 3,17,SOX_QoQ,0.0035082213659776065,0.9155036036059647
Model 3,18,FnG_QoQ_Lag3,0.0034246556142650863,0.9189282592202298
Model 3,19,VIX_QoQ_Lag1,0.0033686370041880118,0.9222968962244178
Model 3,20,FnG_QoQ,0.00320110125592683,0.9254979974803447
Model 3,1,QuarterlyVolatility_Lag1,0.36073751103131885,0.36073751103131885
Model 3,2,QuarterlyVolatility_Lag2,0.14674280360280428,0.5074803146341231
Model 3,3,Spread_cur,0.13833943380006058,0.6458197484341837
Model 3,4,QuarterlyVolatility_Lag3,0.06124860530599533,0.707068353740179
Model 3,5,TradingMoney_cur,0.030876698740830193,0.7379450524810092
Model 3,6,TradingTurnover_cur,0.02753908636231617,0.7654841388433253
Model 3,7,TradingVolume_cur,0.024350726946787866,0.7898348657901132
Model 3,8,Last3mCumulativeRevenue_last1,0.020552289229128613,0.8103871550192419
Model 3,9,ROE_last1,0.020468129593958252,0.8308552846132001
Model 3,10,Last3mCumulativeRevenueGrowthRate_last1,0.018974354493297818,0.8498296391064979
Model 3,11,ROA_last1,0.01827141882327123,0.8681010579297691
Model 3,12,ClosingPrice_cur,0.013470747809952438,0.8815718057397215
Model 3,13,EPS_last1,0.012011416310431634,0.8935832220501532
Model 3,14,GrossMargin_last1,0.011378459866696505,0.9049616819168497
Model 3,15,VIX_QoQ_Lag2,0.003682481702855779,0.9086441636197055
Model 3,16,VIX_QoQ,0.0036385706955790412,0.9122827343152845
Model 3,17,FnG_QoQ_Lag3,0.0034505096178869374,0.9157332439331715
Model 3,18,VIX_QoQ_Lag1,0.0033851296202375733,0.9191183735534091
Model 3,19,SOX_QoQ,0.003372351521089539,0.9224907250744986
Model 3,20,FnG_QoQ,0.0031955453798250665,0.9256862704543236
Model 3,1,QuarterlyVolatility_Lag1,0.39172754585229497,0.39172754585229497
Model 3,2,QuarterlyVolatility_Lag2,0.14935772155430985,0.5410852674066048
Model 3,3,Spread_cur,0.14032584036383472,0.6814111077704395
Model 3,4,QuarterlyVolatility_Lag3,0.05792634448157103,0.7393374522520105
Model 3,5,TradingMoney_cur,0.03008981085820932,0.7694272631102198
Model 3,6,TradingTurnover_cur,0.024072867059680755,0.7935001301699005
Model 3,7,TradingVolume_cur,0.021581788358696133,0.8150819185285967
Model 3,8,Last3mCumulativeRevenueGrowthRate_last1,0.018688404655340468,0.8337703231839372
Model 3,9,ROE_last1,0.017511830183270433,0.8512821533672076
Model 3,10,ROA_last1,0.017405627172214378,0.868687780539422
Model 3,11,Last3mCumulativeRevenue_last1,0.017051437760298195,0.8857392182997201
Model 3,12,ClosingPrice_cur,0.010605934753730853,0.896345153053451
Model 3,13,EPS_last1,0.009155811842139398,0.9055009648955904
Model 3,14,GrossMargin_last1,0.008494110149041145,0.9139950750446315
Model 3,15,VIX_QoQ_Lag2,0.004186391339082477,0.918181466383714
Model 3,16,VIX_QoQ_Lag1,0.003342820777564277,0.9215242871612783
Model 3,17,FnG_QoQ_Lag2,0.003274119580980165,0.9247984067422584
Model 3,18,FnG_QoQ,0.0030072035514560388,0.9278056102937144
Model 3,19,SOX_QoQ_Lag3,0.0029628100075289004,0.9307684203012433
Model 3,20,VIX_QoQ,0.0029462706863789202,0.9337146909876222
Model 3,1,QuarterlyVolatility_Lag1,0.38474786554852053,0.38474786554852053
Model 3,2,QuarterlyVolatility_Lag2,0.14869433796717338,0.5334422035156939
Model 3,3,Spread_cur,0.1435983263385905,0.6770405298542844
Model 3,4,QuarterlyVolatility_Lag3,0.06220181168287057,0.739242341537155
Model 3,5,TradingMoney_cur,0.031099719906013217,0.7703420614431682
Model 3,6,TradingTurnover_cur,0.024325333821614486,0.7946673952647827
Model 3,7,TradingVolume_cur,0.023225911269481453,0.8178933065342642
Model 3,8,Last3mCumulativeRevenueGrowthRate_last1,0.0177425491404886,0.8356358556747527
Model 3,9,Last3mCumulativeRevenue_last1,0.01746759748662293,0.8531034531613757
Model 3,10,ROE_last1,0.01734523963849207,0.8704486927998678
Model 3,11,ROA_last1,0.016256886856293607,0.8867055796561614
Model 3,12,ClosingPrice_cur,0.010758486085099654,0.897464065741261
Model 3,13,EPS_last1,0.009028356527138437,0.9064924222683994
Model 3,14,GrossMargin_last1,0.008326152036231452,0.9148185743046309
Model 3,15,VIX_QoQ_Lag2,0.003774478190320813,0.9185930524949517
Model 3,16,VIX_QoQ,0.0033139334475863116,0.9219069859425381
Model 3,17,VIX_QoQ_Lag1,0.00311526016771585,0.925022246110254
Model 3,18,FnG_QoQ_Lag2,0.003081966425259728,0.9281042125355137
Model 3,19,FnG_QoQ_Lag3,0.002914672158287579,0.9310188846938012
Model 3,20,SOX_QoQ,0.0028297663635821766,0.9338486510573835
Model 3,1,QuarterlyVolatility_Lag1,0.37520878323920626,0.37520878323920626
Model 3,2,QuarterlyVolatility_Lag2,0.15602986151912512,0.5312386447583314
Model 3,3,Spread_cur,0.14831325878250598,0.6795519035408374
Model 3,4,QuarterlyVolatility_Lag3,0.062193257303648906,0.7417451608444863
Model 3,5,TradingMoney_cur,0.030041102157563945,0.7717862630020502
Model 3,6,TradingTurnover_cur,0.025588604565457442,0.7973748675675076
Model 3,7,TradingVolume_cur,0.022065503595345138,0.8194403711628527
Model 3,8,ROE_last1,0.017706057251568933,0.8371464284144217
Model 3,9,Last3mCumulativeRevenue_last1,0.017383224575156207,0.8545296529895778
Model 3,10,Last3mCumulativeRevenueGrowthRate_last1,0.016999262771544343,0.8715289157611221
Model 3,11,ROA_last1,0.015564850708261354,0.8870937664693834
Model 3,12,ClosingPrice_cur,0.01056583706426385,0.8976596035336473
Model 3,13,EPS_last1,0.008717770296763704,0.906377373830411
Model 3,14,GrossMargin_last1,0.008331483230436828,0.9147088570608478
Model 3,15,VIX_QoQ_Lag2,0.0036016274882557015,0.9183104845491035
Model 3,16,VIX_QoQ,0.003349374074058964,0.9216598586231625
Model 3,17,VIX_QoQ_Lag1,0.00304790954367824,0.9247077681668407
Model 3,18,FnG_QoQ_Lag2,0.003032932797648257,0.927740700964489
Model 3,19,FnG_QoQ_Lag3,0.0029375037650483018,0.9306782047295373
Model 3,20,SOX_QoQ,0.0028537845609559426,0.9335319892904933
Model 3,1,QuarterlyVolatility_Lag1,0.4132396278337672,0.4132396278337672
Model 3,2,QuarterlyVolatility_Lag2,0.1508474805561191,0.5640871083898863
Model 3,3,Spread_cur,0.14209482924002576,0.7061819376299121
Model 3,4,QuarterlyVolatility_Lag3,0.06783143691837769,0.7740133745482898
Model 3,5,TradingMoney_cur,0.02916555268580754,0.8031789272340973
Model 3,6,TradingVolume_cur,0.022936322799207178,0.8261152500333045
Model 3,7,TradingTurnover_cur,0.022175768568639013,0.8482910186019436
Model 3,8,Last3mCumulativeRevenueGrowthRate_last1,0.016745564861078636,0.8650365834630221
Model 3,9,ROA_last1,0.014627158516862793,0.879663741979885
Model 3,10,ROE_last1,0.01439568907897584,0.8940594310588608
Model 3,11,Last3mCumulativeRevenue_last1,0.012262999741974707,0.9063224308008355
Model 3,12,ClosingPrice_cur,0.007208525496169921,0.9135309562970054
Model 3,13,EPS_last1,0.006582619056827762,0.9201135753538332
Model 3,14,GrossMargin_last1,0.006252538491950477,0.9263661138457837
Model 3,15,VIX_QoQ_Lag2,0.003706639016828756,0.9300727528626125
Model 3,16,SOX_QoQ_Lag3,0.003064753340323182,0.9331375062029357
Model 3,17,SOX_QoQ,0.0027956326267939854,0.9359331388297296
Model 3,18,FnG_QoQ_Lag3,0.002781340163895582,0.9387144789936251
Model 3,19,VIX_QoQ,0.0027194816303048007,0.9414339606239299
Model 3,20,FnG_QoQ,0.002591673029875236,0.9440256336538052
Model 3,1,QuarterlyVolatility_Lag1,0.39599018535779557,0.39599018535779557
Model 3,2,QuarterlyVolatility_Lag2,0.15848190713367954,0.5544720924914751
Model 3,3,Spread_cur,0.1509030468007944,0.7053751392922695
Model 3,4,QuarterlyVolatility_Lag3,0.06787480301598368,0.7732499423082532
Model 3,5,TradingMoney_cur,0.028746997819054983,0.8019969401273082
Model 3,6,TradingTurnover_cur,0.024315221877325974,0.8263121620046341
Model 3,7,TradingVolume_cur,0.022374947590392776,0.8486871095950269
Model 3,8,Last3mCumulativeRevenueGrowthRate_last1,0.015074610733260198,0.8637617203282871
Model 3,9,ROE_last1,0.01473109193029199,0.8784928122585791
Model 3,10,Last3mCumulativeRevenue_last1,0.014334493379506513,0.8928273056380857
Model 3,11,ROA_last1,0.013771740713907474,0.9065990463519932
Model 3,12,ClosingPrice_cur,0.007854111437864346,0.9144531577898575
Model 3,13,EPS_last1,0.005980367684906863,0.9204335254747643
Model 3,14,GrossMargin_last1,0.005773549758355079,0.9262070752331194
Model 3,15,VIX_QoQ_Lag2,0.0032256673580757867,0.9294327425911952
Model 3,16,FnG_QoQ_Lag3,0.0028836474113967223,0.9323163900025919
Model 3,17,SOX_QoQ,0.0026485947655491273,0.934964984768141
Model 3,18,VIX_QoQ_Lag1,0.0026329358161163883,0.9375979205842574
Model 3,19,VIX_QoQ,0.002602364083820089,0.9402002846680775
Model 3,20,FnG_QoQ_Lag2,0.0025080700283695886,0.9427083546964471
Model 3,1,QuarterlyVolatility_Lag1,0.39319470839774434,0.39319470839774434
Model 3,2,QuarterlyVolatility_Lag2,0.160409920215403,0.5536046286131473
Model 3,3,Spread_cur,0.15470427151726635,0.7083089001304137
Model 3,4,QuarterlyVolatility_Lag3,0.06638968882004212,0.7746985889504558
Model 3,5,TradingMoney_cur,0.028498644900693638,0.8031972338511495
Model 3,6,TradingTurnover_cur,0.024494500854915374,0.8276917347060648
Model 3,7,TradingVolume_cur,0.021785127609858058,0.8494768623159229
Model 3,8,ROE_last1,0.01508354491598278,0.8645604072319056
Model 3,9,Last3mCumulativeRevenue_last1,0.014775426659173493,0.8793358338910792
Model 3,10,Last3mCumulativeRevenueGrowthRate_last1,0.014472847252471176,0.8938086811435504
Model 3,11,ROA_last1,0.013313514479536893,0.9071221956230873
Model 3,12,ClosingPrice_cur,0.00789102069388198,0.9150132163169693
Model 3,13,EPS_last1,0.005963423459707429,0.9209766397766768
Model 3,14,GrossMargin_last1,0.005816071531817334,0.926792711308494
Model 3,15,VIX_QoQ_Lag2,0.0029903609099880485,0.9297830722184821
Model 3,16,FnG_QoQ_Lag3,0.002838944124941393,0.9326220163434235
Model 3,17,SOX_QoQ,0.002647659651923377,0.9352696759953468
Model 3,18,VIX_QoQ_Lag1,0.0026018247281734633,0.9378715007235203
Model 3,19,VIX_QoQ,0.0025936913832484503,0.9404651921067688
Model 3,20,FnG_QoQ_Lag2,0.002565556706687227,0.943030748813456
Model 3,1,QuarterlyVolatility_Lag1,0.3561465807571902,0.3561465807571902
Model 3,2,QuarterlyVolatility_Lag2,0.12816965055998075,0.48431623131717094
Model 3,3,Spread_cur,0.12330240016863517,0.6076186314858061
Model 3,4,QuarterlyVolatility_Lag3,0.06814535041384298,0.675763981899649
Model 3,5,TradingMoney_cur,0.033279868861645426,0.7090438507612945
Model 3,6,TradingVolume_cur,0.031942605941143086,0.7409864567024376
Model 3,7,TradingTurnover_cur,0.027560297922042058,0.7685467546244796
Model 3,8,ROE_last1,0.023228755999482806,0.7917755106239625
Model 3,9,Last3mCumulativeRevenueGrowthRate_last1,0.02321276555587258,0.814988276179835
Model 3,10,Last3mCumulativeRevenue_last1,0.022186968513313476,0.8371752446931485
Model 3,11,ROA_last1,0.02073493337146295,0.8579101780646115
Model 3,12,EPS_last1,0.01595643684952528,0.8738666149141368
Model 3,13,ClosingPrice_cur,0.015838458684049556,0.8897050735981863
Model 3,14,GrossMargin_last1,0.012771168448506096,0.9024762420466924
Model 3,15,VIX_QoQ_Lag2,0.004097317447730459,0.9065735594944229
Model 3,16,VIX_QoQ_Lag1,0.003463905642493493,0.9100374651369164
Model 3,17,VIX_QoQ,0.0034136201657487078,0.9134510853026652
Model 3,18,SOX_QoQ,0.0031892679234069464,0.9166403532260721
Model 3,19,FnG_QoQ_Lag3,0.003047082617401923,0.919687435843474
Model 3,20,SOX_QoQ_Lag3,0.0030255609475726758,0.9227129967910467
Model 3,1,QuarterlyVolatility_Lag1,0.3338305422399374,0.3338305422399374
Model 3,2,QuarterlyVolatility_Lag2,0.14177158458820432,0.47560212682814174
Model 3,3,Spread_cur,0.13202549701281288,0.6076276238409546
Model 3,4,QuarterlyVolatility_Lag3,0.06592368392241656,0.6735513077633711
Model 3,5,TradingMoney_cur,0.033024320540014925,0.706575628303386
Model 3,6,TradingTurnover_cur,0.031076377210086166,0.7376520055134722
Model 3,7,TradingVolume_cur,0.030865012136334552,0.7685170176498067
Model 3,8,ROE_last1,0.02297322980370324,0.7914902474535099
Model 3,9,Last3mCumulativeRevenueGrowthRate_last1,0.022254838366446147,0.8137450858199561
Model 3,10,Last3mCumulativeRevenue_last1,0.022228779051342185,0.8359738648712982
Model 3,11,ROA_last1,0.02024553340921509,0.8562193982805133
Model 3,12,ClosingPrice_cur,0.01677211783057003,0.8729915161110833
Model 3,13,EPS_last1,0.015106412476687026,0.8880979285877703
Model 3,14,GrossMargin_last1,0.013535782779485306,0.9016337113672556
Model 3,15,VIX_QoQ_Lag2,0.0039560819625710005,0.9055897933298266
Model 3,16,VIX_QoQ_Lag1,0.0034067119990624055,0.908996505328889
Model 3,17,VIX_QoQ,0.0031982464402641065,0.9121947517691531
Model 3,18,FnG_QoQ_Lag3,0.003189389889188154,0.9153841416583413
Model 3,19,VIX_QoQ_Lag3,0.003063746772945719,0.918447888431287
Model 3,20,SOX_QoQ,0.0030538448860952965,0.9215017333173823
Model 3,1,QuarterlyVolatility_Lag1,0.32470970197387755,0.32470970197387755
Model 3,2,QuarterlyVolatility_Lag2,0.14462438011248752,0.46933408208636507
Model 3,3,Spread_cur,0.13911544164058295,0.608449523726948
Model 3,4,QuarterlyVolatility_Lag3,0.06556941063918854,0.6740189343661366
Model 3,5,TradingMoney_cur,0.03454287825394451,0.7085618126200811
Model 3,6,TradingTurnover_cur,0.03166725033961218,0.7402290629596933
Model 3,7,TradingVolume_cur,0.029157746160469292,0.7693868091201626
Model 3,8,ROE_last1,0.023041087943701084,0.7924278970638636
Model 3,9,Last3mCumulativeRevenue_last1,0.022193181809809347,0.814621078873673
Model 3,10,Last3mCumulativeRevenueGrowthRate_last1,0.021345389939769515,0.8359664688134425
Model 3,11,ROA_last1,0.020228085205970116,0.8561945540194126
Model 3,12,ClosingPrice_cur,0.016536772224874784,0.8727313262442874
Model 3,13,EPS_last1,0.014819871505515187,0.8875511977498026
Model 3,14,GrossMargin_last1,0.013576216571168198,0.9011274143209709
Model 3,15,VIX_QoQ_Lag2,0.003932032808253916,0.9050594471292248
Model 3,16,VIX_QoQ_Lag1,0.0035488091899639196,0.9086082563191887
Model 3,17,VIX_QoQ,0.003185346023931754,0.9117936023431205
Model 3,18,SOX_QoQ,0.00314581698027174,0.9149394193233922
Model 3,19,FnG_QoQ_Lag3,0.003128461152113539,0.9180678804755057
Model 3,20,VIX_QoQ_Lag3,0.0031013547480153547,0.921169235223521
Model 3,1,QuarterlyVolatility_Lag1,0.3829276273775749,0.3829276273775749
Model 3,2,QuarterlyVolatility_Lag2,0.13701217983607428,0.5199398072136492
Model 3,3,Spread_cur,0.13534730148949672,0.6552871087031459
Model 3,4,QuarterlyVolatility_Lag3,0.06136279618974317,0.716649904892889
Model 3,5,TradingVolume_cur,0.02970130923931689,0.746351214132206
Model 3,6,TradingMoney_cur,0.02719719386695122,0.7735484079991571
Model 3,7,TradingTurnover_cur,0.026508914481654447,0.8000573224808116
Model 3,8,ROE_last1,0.020244966303331814,0.8203022887841435
Model 3,9,Last3mCumulativeRevenue_last1,0.019704211416926985,0.8400065002010705
Model 3,10,Last3mCumulativeRevenueGrowthRate_last1,0.018736719851116784,0.8587432200521873
Model 3,11,ROA_last1,0.017192620161317305,0.8759358402135046
Model 3,12,ClosingPrice_cur,0.01318682124200703,0.8891226614555116
Model 3,13,EPS_last1,0.012080922597700222,0.9012035840532118
Model 3,14,GrossMargin_last1,0.010705389092887485,0.9119089731460992
Model 3,15,VIX_QoQ_Lag2,0.003748491250541043,0.9156574643966402
Model 3,16,VIX_QoQ_Lag1,0.003375058543279749,0.91903252293992
Model 3,17,SOX_QoQ_Lag3,0.0031118907539137487,0.9221444136938337
Model 3,18,FnG_QoQ_Lag2,0.0028302085252275783,0.9249746222190612
Model 3,19,VIX_QoQ,0.002759115947904454,0.9277337381669657
Model 3,20,FnG_QoQ_Lag3,0.00273648052541625,0.9304702186923819
Model 3,1,QuarterlyVolatility_Lag1,0.35914639194056164,0.35914639194056164
Model 3,2,QuarterlyVolatility_Lag2,0.14880163887523604,0.5079480308157976
Model 3,3,Spread_cur,0.1391508298686142,0.6470988606844119
Model 3,4,QuarterlyVolatility_Lag3,0.06782997606496403,0.7149288367493759
Model 3,5,TradingMoney_cur,0.030219623323110824,0.7451484600724867
Model 3,6,TradingTurnover_cur,0.027886806005378923,0.7730352660778657
Model 3,7,TradingVolume_cur,0.02787422482971296,0.8009094909075786
Model 3,8,ROE_last1,0.020160026395348172,0.8210695173029268
Model 3,9,Last3mCumulativeRevenueGrowthRate_last1,0.01956579268145671,0.8406353099843835
Model 3,10,Last3mCumulativeRevenue_last1,0.018543009027339134,0.8591783190117227
Model 3,11,ROA_last1,0.017266202123707317,0.87644452113543
Model 3,12,ClosingPrice_cur,0.013488385129847543,0.8899329062652775
Model 3,13,EPS_last1,0.011238056546199117,0.9011709628114767
Model 3,14,GrossMargin_last1,0.010188691526662387,0.911359654338139
Model 3,15,VIX_QoQ_Lag2,0.0036837685230275996,0.9150434228611667
Model 3,16,VIX_QoQ_Lag1,0.003152821179551131,0.9181962440407179
Model 3,17,VIX_QoQ,0.003063494229163847,0.9212597382698817
Model 3,18,VIX_QoQ_Lag3,0.002891889014810535,0.9241516272846922
Model 3,19,FnG_QoQ_Lag3,0.0028648106942500604,0.9270164379789423
Model 3,20,FnG_QoQ_Lag2,0.0028161706473858743,0.9298326086263282
Model 3,1,QuarterlyVolatility_Lag1,0.348530335340294,0.348530335340294
Model 3,2,QuarterlyVolatility_Lag2,0.15010213068831896,0.49863246602861294
Model 3,3,Spread_cur,0.14647992910672591,0.6451123951353388
Model 3,4,QuarterlyVolatility_Lag3,0.0683123592500907,0.7134247543854295
Model 3,5,TradingMoney_cur,0.03147110369825683,0.7448958580836863
Model 3,6,TradingTurnover_cur,0.029022930859560467,0.7739187889432467
Model 3,7,TradingVolume_cur,0.026858898978690277,0.800777687921937
Model 3,8,ROE_last1,0.0204216178766254,0.8211993057985625
Model 3,9,Last3mCumulativeRevenue_last1,0.018890400932306723,0.8400897067308692
Model 3,10,Last3mCumulativeRevenueGrowthRate_last1,0.018743166692054093,0.8588328734229234
Model 3,11,ROA_last1,0.01701479670932463,0.875847670132248
Model 3,12,ClosingPrice_cur,0.013357080281186175,0.8892047504134342
Model 3,13,EPS_last1,0.010917212461823977,0.9001219628752581
Model 3,14,GrossMargin_last1,0.009936182860718687,0.9100581457359769
Model 3,15,VIX_QoQ_Lag2,0.0036987544683321962,0.9137569002043091
Model 3,16,VIX_QoQ_Lag1,0.0032453384678967473,0.9170022386722059
Model 3,17,VIX_QoQ,0.0031353253669738164,0.9201375640391797
Model 3,18,VIX_QoQ_Lag3,0.0029341214890421896,0.9230716855282218
Model 3,19,FnG_QoQ_Lag2,0.002902754018733182,0.925974439546955
Model 3,20,FnG_QoQ_Lag3,0.0028736736057243728,0.9288481131526793
Model 3,1,QuarterlyVolatility_Lag1,0.38375276580614137,0.38375276580614137
Model 3,2,QuarterlyVolatility_Lag2,0.1440389935381312,0.5277917593442726
Model 3,3,Spread_cur,0.14210975789645364,0.6699015172407262
Model 3,4,QuarterlyVolatility_Lag3,0.07445431537500695,0.7443558326157331
Model 3,5,TradingVolume_cur,0.030780681811641876,0.775136514427375
Model 3,6,TradingTurnover_cur,0.027584562149237622,0.8027210765766126
Model 3,7,TradingMoney_cur,0.027529727902000815,0.8302508044786134
Model 3,8,Last3mCumulativeRevenue_last1,0.017182675641721736,0.8474334801203351
Model 3,9,ROE_last1,0.01673946515609222,0.8641729452764274
Model 3,10,Last3mCumulativeRevenueGrowthRate_last1,0.016222262394756905,0.8803952076711843
Model 3,11,ROA_last1,0.014114464531345764,0.8945096722025301
Model 3,12,EPS_last1,0.009569866701356176,0.9040795389038863
Model 3,13,ClosingPrice_cur,0.009458210517218148,0.9135377494211044
Model 3,14,GrossMargin_last1,0.006715696210619123,0.9202534456317235
Model 3,15,VIX_QoQ_Lag2,0.0035422717828725156,0.923795717414596
Model 3,16,VIX_QoQ_Lag1,0.003162630997231135,0.9269583484118271
Model 3,17,SOX_QoQ,0.002894663148577882,0.929853011560405
Model 3,18,SOX_QoQ_Lag3,0.0027801998508047124,0.9326332114112097
Model 3,19,IXIC_QoQ_Lag3,0.0027266126319030887,0.9353598240431128
Model 3,20,DJIA_QoQ,0.0025595053763703183,0.9379193294194831
Model 3,1,QuarterlyVolatility_Lag1,0.35773786083668363,0.35773786083668363
Model 3,2,QuarterlyVolatility_Lag2,0.15768438893153106,0.5154222497682147
Model 3,3,Spread_cur,0.15329163759876047,0.6687138873669751
Model 3,4,QuarterlyVolatility_Lag3,0.07200793170383599,0.7407218190708111
Model 3,5,TradingMoney_cur,0.03199767950687374,0.7727194985776848
Model 3,6,TradingTurnover_cur,0.0280874560564887,0.8008069546341735
Model 3,7,TradingVolume_cur,0.026903280951914747,0.8277102355860882
Model 3,8,ROE_last1,0.017298913704059667,0.8450091492901479
Model 3,9,Last3mCumulativeRevenue_last1,0.017023498865868233,0.8620326481560161
Model 3,10,Last3mCumulativeRevenueGrowthRate_last1,0.016806289294768715,0.8788389374507848
Model 3,11,ROA_last1,0.014500965521867384,0.8933399029726522
Model 3,12,ClosingPrice_cur,0.010244231683918118,0.9035841346565703
Model 3,13,EPS_last1,0.008635288831218342,0.9122194234877886
Model 3,14,GrossMargin_last1,0.006896189523671333,0.9191156130114599
Model 3,15,VIX_QoQ_Lag2,0.0034440843197561534,0.9225596973312161
Model 3,16,VIX_QoQ_Lag1,0.002947340839045022,0.9255070381702611
Model 3,17,SOX_QoQ_Lag3,0.0028670375181854167,0.9283740756884465
Model 3,18,VIX_QoQ,0.0028174776268336307,0.9311915533152801
Model 3,19,VIX_QoQ_Lag3,0.0026733534690342115,0.9338649067843143
Model 3,20,FnG_QoQ_Lag3,0.002591378061968505,0.9364562848462828
Model 3,1,QuarterlyVolatility_Lag1,0.35854951600720597,0.35854951600720597
Model 3,2,QuarterlyVolatility_Lag2,0.1575458136392348,0.5160953296464408
Model 3,3,Spread_cur,0.15729958269163546,0.6733949123380762
Model 3,4,QuarterlyVolatility_Lag3,0.07003969780631496,0.7434346101443912
Model 3,5,TradingMoney_cur,0.03278162726316152,0.7762162374075526
Model 3,6,TradingTurnover_cur,0.028381019813601548,0.8045972572211542
Model 3,7,TradingVolume_cur,0.02549055825333338,0.8300878154744875
Model 3,8,ROE_last1,0.017293972759438076,0.8473817882339256
Model 3,9,Last3mCumulativeRevenue_last1,0.016881807294542327,0.864263595528468
Model 3,10,Last3mCumulativeRevenueGrowthRate_last1,0.01607421023123156,0.8803378057596996
Model 3,11,ROA_last1,0.014156753719269775,0.8944945594789693
Model 3,12,ClosingPrice_cur,0.010227837296509433,0.9047223967754787
Model 3,13,EPS_last1,0.008129710998027779,0.9128521077735064
Model 3,14,GrossMargin_last1,0.0068169925182544455,0.9196691002917609
Model 3,15,VIX_QoQ_Lag2,0.0033285688205552558,0.9229976691123161
Model 3,16,VIX_QoQ_Lag1,0.0029783713090422033,0.9259760404213583
Model 3,17,VIX_QoQ,0.0027088347286623755,0.9286848751500206
Model 3,18,SOX_QoQ_Lag3,0.002703294423646325,0.931388169573667
Model 3,19,VIX_QoQ_Lag3,0.002633591910212759,0.9340217614838797
Model 3,20,FnG_QoQ_Lag3,0.0025746840281147465,0.9365964455119945
Model 3,1,QuarterlyVolatility_Lag1,0.7211963856103483,0.7211963856103483
Model 3,2,Spread_cur,0.08997636024089309,0.8111727458512413
Model 3,3,QuarterlyVolatility_Lag3,0.02623746620896789,0.8374102120602093
Model 3,4,QuarterlyVolatility_Lag2,0.01788446963909742,0.8552946816993067
Model 3,5,Last3mCumulativeRevenueGrowthRate_last1,0.011315002177519563,0.8666096838768262
Model 3,6,ROE_last1,0.009414228983503147,0.8760239128603294
Model 3,7,Last3mCumulativeRevenue_last1,0.008128269104662725,0.8841521819649921
Model 3,8,GrossMargin_last1,0.00784247555153499,0.8919946575165271
Model 3,9,ClosingPrice_cur,0.0074323983864358414,0.8994270559029629
Model 3,10,TradingVolume_cur,0.007208437326165353,0.9066354932291283
Model 3,11,TradingMoney_cur,0.007176352737160416,0.9138118459662887
Model 3,12,EPS_last1,0.006696820161784966,0.9205086661280737
Model 3,13,ROA_last1,0.006499282067524033,0.9270079481955977
Model 3,14,TradingTurnover_cur,0.005826304275764632,0.9328342524713623
Model 3,15,SOX_QoQ,0.00559880263338462,0.938433055104747
Model 3,16,FnG_QoQ_Lag2,0.005268237619292737,0.9437012927240397
Model 3,17,VIX_QoQ,0.0050951854992694725,0.9487964782233091
Model 3,18,FnG_QoQ_Lag1,0.003916379564703578,0.9527128577880127
Model 3,19,FnG_QoQ,0.003372048629848007,0.9560849064178607
Model 3,20,FnG_QoQ_Lag3,0.0033437531827694607,0.9594286596006302
Model 3,1,QuarterlyVolatility_Lag1,0.7209352586383148,0.7209352586383148
Model 3,2,Spread_cur,0.09010668477598144,0.8110419434142961
Model 3,3,QuarterlyVolatility_Lag3,0.026049446150621058,0.8370913895649172
Model 3,4,QuarterlyVolatility_Lag2,0.017550458010496546,0.8546418475754138
Model 3,5,Last3mCumulativeRevenueGrowthRate_last1,0.011479305025613902,0.8661211526010277
Model 3,6,ROE_last1,0.009488253017468577,0.8756094056184963
Model 3,7,Last3mCumulativeRevenue_last1,0.008530120655377268,0.8841395262738736
Model 3,8,GrossMargin_last1,0.0078898208265457,0.8920293471004193
Model 3,9,ClosingPrice_cur,0.007501478137928457,0.8995308252383477
Model 3,10,TradingVolume_cur,0.007313347226200692,0.9068441724645484
Model 3,11,TradingMoney_cur,0.007084644828461479,0.9139288172930099
Model 3,12,EPS_last1,0.006835014444124508,0.9207638317371344
Model 3,13,ROA_last1,0.006609157202035665,0.9273729889391701
Model 3,14,TradingTurnover_cur,0.005861996283168078,0.9332349852223382
Model 3,15,SOX_QoQ,0.0056853499608882875,0.9389203351832265
Model 3,16,VIX_QoQ,0.005072765733700483,0.943993100916927
Model 3,17,FnG_QoQ_Lag2,0.004924097366372502,0.9489171982832995
Model 3,18,FnG_QoQ_Lag1,0.003755859604211494,0.952673057887511
Model 3,19,FnG_QoQ,0.0037032901179104515,0.9563763480054215
Model 3,20,FnG_QoQ_Lag3,0.003522619351529571,0.959898967356951
Model 3,1,QuarterlyVolatility_Lag1,0.7205189463393736,0.7205189463393736
Model 3,2,Spread_cur,0.0901868764404993,0.8107058227798729
Model 3,3,QuarterlyVolatility_Lag3,0.025966223568050083,0.836672046347923
Model 3,4,QuarterlyVolatility_Lag2,0.017695013145604732,0.8543670594935278
Model 3,5,Last3mCumulativeRevenueGrowthRate_last1,0.011426561844709858,0.8657936213382376
Model 3,6,ROE_last1,0.009279794489186425,0.875073415827424
Model 3,7,Last3mCumulativeRevenue_last1,0.008557809827139046,0.8836312256545631
Model 3,8,GrossMargin_last1,0.007956935085102174,0.8915881607396653
Model 3,9,ClosingPrice_cur,0.007501730281058799,0.8990898910207241
Model 3,10,TradingVolume_cur,0.007201222109352841,0.9062911131300769
Model 3,11,TradingMoney_cur,0.007025366977167041,0.913316480107244
Model 3,12,EPS_last1,0.006839059091769279,0.9201555391990133
Model 3,13,ROA_last1,0.006658496551094113,0.9268140357501073
Model 3,14,TradingTurnover_cur,0.00586011052317453,0.9326741462732818
Model 3,15,SOX_QoQ,0.005695729016791805,0.9383698752900737
Model 3,16,VIX_QoQ,0.005149188714079484,0.9435190640041531
Model 3,17,FnG_QoQ_Lag2,0.004919462479894222,0.9484385264840474
Model 3,18,FnG_QoQ_Lag1,0.003722568755042974,0.9521610952390903
Model 3,19,FnG_QoQ,0.003670394920772958,0.9558314901598632
Model 3,20,FnG_QoQ_Lag3,0.00352434276295816,0.9593558329228214
Model 3,1,QuarterlyVolatility_Lag1,0.7619601857796052,0.7619601857796052
Model 3,2,Spread_cur,0.09044576683091,0.8524059526105152
Model 3,3,QuarterlyVolatility_Lag3,0.02317759973201814,0.8755835523425334
Model 3,4,QuarterlyVolatility_Lag2,0.013874331223868785,0.8894578835664022
Model 3,5,Last3mCumulativeRevenueGrowthRate_last1,0.008271885947044514,0.8977297695134467
Model 3,6,ROE_last1,0.006867697318402705,0.9045974668318495
Model 3,7,Last3mCumulativeRevenue_last1,0.005388651166912048,0.9099861179987615
Model 3,8,SOX_QoQ,0.00532929941949382,0.9153154174182553
Model 3,9,ClosingPrice_cur,0.0052783609632153705,0.9205937783814706
Model 3,10,TradingMoney_cur,0.005065998878303748,0.9256597772597743
Model 3,11,GrossMargin_last1,0.00491610931840309,0.9305758865781775
Model 3,12,TradingVolume_cur,0.004892278388123017,0.9354681649663005
Model 3,13,FnG_QoQ_Lag2,0.0047137726392214915,0.9401819376055219
Model 3,14,VIX_QoQ,0.004319488516513081,0.944501426122035
Model 3,15,EPS_last1,0.004219000709729735,0.9487204268317647
Model 3,16,ROA_last1,0.0041128689689440695,0.9528332958007087
Model 3,17,TradingTurnover_cur,0.003952221137221652,0.9567855169379303
Model 3,18,FnG_QoQ_Lag1,0.003274680092570905,0.9600601970305013
Model 3,19,FnG_QoQ,0.0030117583834212342,0.9630719554139225
Model 3,20,TotalUnempPct_QoQ_Lag3_last1,0.003002984369346554,0.9660749397832691
Model 3,1,QuarterlyVolatility_Lag1,0.7616949385720685,0.7616949385720685
Model 3,2,Spread_cur,0.0907168166605031,0.8524117552325716
Model 3,3,QuarterlyVolatility_Lag3,0.02299273879721016,0.8754044940297818
Model 3,4,QuarterlyVolatility_Lag2,0.013683064334454447,0.8890875583642363
Model 3,5,Last3mCumulativeRevenueGrowthRate_last1,0.00823192228247373,0.89731948064671
Model 3,6,ROE_last1,0.006864233432967279,0.9041837140796772
Model 3,7,SOX_QoQ,0.0054539956115213836,0.9096377096911986
Model 3,8,Last3mCumulativeRevenue_last1,0.005425770892924475,0.9150634805841231
Model 3,9,TradingVolume_cur,0.005138080888667289,0.9202015614727904
Model 3,10,GrossMargin_last1,0.0051011790042456975,0.9253027404770361
Model 3,11,ClosingPrice_cur,0.0049915450878038,0.9302942855648398
Model 3,12,TradingMoney_cur,0.004988539114284087,0.9352828246791239
Model 3,13,FnG_QoQ_Lag2,0.004492038348570298,0.9397748630276942
Model 3,14,ROA_last1,0.004457640690084948,0.9442325037177791
Model 3,15,VIX_QoQ,0.004423646145900588,0.9486561498636797
Model 3,16,EPS_last1,0.004264276928945141,0.9529204267926249
Model 3,17,TradingTurnover_cur,0.0038745058574549238,0.9567949326500799
Model 3,18,FnG_QoQ_Lag1,0.0031944539181979733,0.9599893865682778
Model 3,19,FnG_QoQ_Lag3,0.0029810391379376405,0.9629704257062155
Model 3,20,FnG_QoQ,0.002919575886597471,0.965890001592813
Model 3,1,QuarterlyVolatility_Lag1,0.7613671674539122,0.7613671674539122
Model 3,2,Spread_cur,0.09083142514548176,0.852198592599394
Model 3,3,QuarterlyVolatility_Lag3,0.0229456794556262,0.8751442720550202
Model 3,4,QuarterlyVolatility_Lag2,0.013796906633683076,0.8889411786887033
Model 3,5,Last3mCumulativeRevenueGrowthRate_last1,0.008128701524646044,0.8970698802133493
Model 3,6,ROE_last1,0.006570657428279953,0.9036405376416293
Model 3,7,SOX_QoQ,0.005502368852278811,0.9091429064939082
Model 3,8,Last3mCumulativeRevenue_last1,0.0054790381857420176,0.9146219446796502
Model 3,9,GrossMargin_last1,0.005168857059402968,0.9197908017390531
Model 3,10,TradingVolume_cur,0.005057341401999445,0.9248481431410526
Model 3,11,ClosingPrice_cur,0.005027089263500542,0.9298752324045532
Model 3,12,TradingMoney_cur,0.004976716956842011,0.9348519493613952
Model 3,13,ROA_last1,0.004535226612181683,0.9393871759735768
Model 3,14,FnG_QoQ_Lag2,0.004528860826116953,0.9439160367996937
Model 3,15,VIX_QoQ,0.004462174402725781,0.9483782112024195
Model 3,16,EPS_last1,0.0042816128083332395,0.9526598240107528
Model 3,17,TradingTurnover_cur,0.0038882270740507874,0.9565480510848036
Model 3,18,FnG_QoQ_Lag1,0.0031902363335562303,0.9597382874183598
Model 3,19,FnG_QoQ_Lag3,0.0029329541345737755,0.9626712415529335
Model 3,20,TotalUnempPct_QoQ_Lag3_last1,0.0029264712919522136,0.9655977128448857
Model 3,1,QuarterlyVolatility_Lag1,0.8029010279527157,0.8029010279527157
Model 3,2,Spread_cur,0.09126056708514929,0.894161595037865
Model 3,3,QuarterlyVolatility_Lag3,0.020576401173100722,0.9147379962109656
Model 3,4,QuarterlyVolatility_Lag2,0.010452182913773395,0.925190179124739
Model 3,5,Last3mCumulativeRevenueGrowthRate_last1,0.005196487898718221,0.9303866670234572
Model 3,6,SOX_QoQ,0.004950462063900556,0.9353371290873578
Model 3,7,FnG_QoQ_Lag2,0.004121661488421313,0.9394587905757791
Model 3,8,ROE_last1,0.0038340879780264644,0.9432928785538055
Model 3,9,VIX_QoQ,0.0035561579511353635,0.9468490365049409
Model 3,10,Last3mCumulativeRevenue_last1,0.002965322373910298,0.9498143588788512
Model 3,11,ClosingPrice_cur,0.0027447986294724938,0.9525591575083238
Model 3,12,FnG_QoQ_Lag1,0.0026758113162926858,0.9552349688246164
Model 3,13,GrossMargin_last1,0.0025412476703957645,0.9577762164950122
Model 3,14,TradingMoney_cur,0.0024786865165356492,0.9602549030115478
Model 3,15,TradingVolume_cur,0.002459047347373705,0.9627139503589215
Model 3,16,TotalUnempPct_QoQ_Lag3_last1,0.0023961760176739407,0.9651101263765954
Model 3,17,ROA_last1,0.002386804482838835,0.9674969308594342
Model 3,18,EPS_last1,0.002308746501957754,0.969805677361392
Model 3,19,FnG_QoQ_Lag3,0.0022289859773561593,0.9720346633387482
Model 3,20,OverallIndex_QoQ_last1,0.0021710107932786577,0.9742056741320269
Model 3,1,QuarterlyVolatility_Lag1,0.8028437462534864,0.8028437462534864
Model 3,2,Spread_cur,0.09139927379769427,0.8942430200511807
Model 3,3,QuarterlyVolatility_Lag3,0.020328002561975603,0.9145710226131564
Model 3,4,QuarterlyVolatility_Lag2,0.010033380569480294,0.9246044031826367
Model 3,5,Last3mCumulativeRevenueGrowthRate_last1,0.005222015730258047,0.9298264189128947
Model 3,6,SOX_QoQ,0.005058431285331878,0.9348848501982266
Model 3,7,FnG_QoQ_Lag2,0.004045688841969935,0.9389305390401966
Model 3,8,ROE_last1,0.00399184023790022,0.9429223792780969
Model 3,9,VIX_QoQ,0.0035288004770534782,0.9464511797551504
Model 3,10,Last3mCumulativeRevenue_last1,0.003103179695033734,0.9495543594501841
Model 3,11,ClosingPrice_cur,0.0026213934212058754,0.9521757528713899
Model 3,12,GrossMargin_last1,0.0025973662829967548,0.9547731191543867
Model 3,13,FnG_QoQ_Lag1,0.0025874368244724623,0.9573605559788592
Model 3,14,TradingVolume_cur,0.0025681024249754702,0.9599286584038347
Model 3,15,ROA_last1,0.002524262121491186,0.9624529205253258
Model 3,16,TradingMoney_cur,0.0023671254659471883,0.964820045991273
Model 3,17,EPS_last1,0.0022779347019318183,0.9670979806932049
Model 3,18,FnG_QoQ_Lag3,0.002262516858328749,0.9693604975515336
Model 3,19,TotalUnempPct_QoQ_Lag3_last1,0.0021519762599354437,0.9715124738114691
Model 3,20,OverallIndex_QoQ_last1,0.002115385769447672,0.9736278595809168
Model 3,1,QuarterlyVolatility_Lag1,0.8026433454524244,0.8026433454524244
Model 3,2,Spread_cur,0.09143296590743981,0.8940763113598642
Model 3,3,QuarterlyVolatility_Lag3,0.020280351015142216,0.9143566623750065
Model 3,4,QuarterlyVolatility_Lag2,0.010166002333731194,0.9245226647087377
Model 3,5,SOX_QoQ,0.005129875462443918,0.9296525401711816
Model 3,6,Last3mCumulativeRevenueGrowthRate_last1,0.005090656035208268,0.9347431962063899
Model 3,7,FnG_QoQ_Lag2,0.00405921292074775,0.9388024091271376
Model 3,8,ROE_last1,0.0038508728376297524,0.9426532819647674
Model 3,9,VIX_QoQ,0.0035460679572276135,0.946199349921995
Model 3,10,Last3mCumulativeRevenue_last1,0.0031119771210889953,0.949311327043084
Model 3,11,GrossMargin_last1,0.0027062980931099184,0.9520176251361939
Model 3,12,ClosingPrice_cur,0.002619427893997985,0.9546370530301919
Model 3,13,FnG_QoQ_Lag1,0.002615291651583462,0.9572523446817753
Model 3,14,ROA_last1,0.0025522571655537066,0.9598046018473291
Model 3,15,TradingVolume_cur,0.00248397135046522,0.9622885731977943
Model 3,16,TradingMoney_cur,0.002461620479007396,0.9647501936768017
Model 3,17,FnG_QoQ_Lag3,0.002269890656785848,0.9670200843335875
Model 3,18,EPS_last1,0.002255873747389373,0.9692759580809769
Model 3,19,TotalUnempPct_QoQ_Lag3_last1,0.002192968996524984,0.9714689270775019
Model 3,20,FnG_QoQ,0.002070695704126045,0.9735396227816279
Model 3,1,QuarterlyVolatility_Lag1,0.8184009194374084,0.8184009194374084
Model 3,2,Spread_cur,0.11160426586866379,0.9300051927566528
Model 3,3,QuarterlyVolatility_Lag3,0.06999480724334717,1.0
Model 3,4,ESG_occupational_health_and_safety_last1,0.0,1.0
Model 3,5,ESG_energy_management_last1,0.0,1.0
Model 3,6,ESG_functional_committees_last1,0.0,1.0
Model 3,7,ESG_green_gas_emission_last1,0.0,1.0
Model 3,8,ESG_human_resource_management_last1,0.0,1.0
Model 3,9,ESG_investor_communication_last1,0.0,1.0
Model 3,10,ESG_shareholding_and_control_last1,0.0,1.0
Model 3,11,ESG_board_of_directors_last1,0.0,1.0
Model 3,12,ESG_waste_management_last1,0.0,1.0
Model 3,13,ESG_water_resource_management_last1,0.0,1.0
Model 3,14,OverallIndex_last1,0.0,1.0
Model 3,15,TotalUnempPct_last1,0.0,1.0
Model 3,16,RediscountRate_last1,0.0,1.0
Model 3,17,ESG_climate_related_issues_management_last1,0.0,1.0
Model 3,18,ROA_last1,0.0,1.0
Model 3,19,GrossMargin_last1,0.0,1.0
Model 3,20,OverallIndex_QoQ_Lag1_last1,0.0,1.0
Model 3,1,QuarterlyVolatility_Lag1,0.3981435298919678,0.3981435298919678
Model 3,2,Spread_cur,0.06839072704315186,0.46653425693511963
Model 3,3,QuarterlyVolatility_Lag3,0.03845612332224846,0.5049903988838196
Model 3,4,ROE_last1,0.03212492913007736,0.5371153354644775
Model 3,5,ROA_last1,0.0307347159832716,0.5678500533103943
Model 3,6,DJIA_QoQ_Lag2,0.029965616762638092,0.5978156924247742
Model 3,7,QuarterlyVolatility_Lag2,0.029654426500201225,0.6274701356887817
Model 3,8,SOX_QoQ,0.027272162958979607,0.6547423005104065
Model 3,9,TradingTurnover_cur,0.02725532092154026,0.6819975972175598
Model 3,10,IXIC_QoQ_Lag1,0.024284686893224716,0.7062822580337524
Model 3,11,DJIA_QoQ_Lag1,0.024133475497364998,0.7304157614707947
Model 3,12,TotalUnempPct_QoQ_Lag3_last1,0.022357668727636337,0.7527734041213989
Model 3,13,SP500_QoQ,0.021242082118988037,0.774015486240387
Model 3,14,FnG_QoQ_Lag2,0.020658332854509354,0.7946738004684448
Model 3,15,RediscountRate_QoQ_last1,0.02050982229411602,0.8151836395263672
Model 3,16,SOX_QoQ_Lag3,0.019737491384148598,0.83492112159729
Model 3,17,RediscountRate_QoQ_Lag2_last1,0.019053416326642036,0.8539745211601257
Model 3,18,RediscountRate_QoQ_Lag3_last1,0.018104426562786102,0.8720789551734924
Model 3,19,FnG_QoQ_Lag3,0.016736863180994987,0.8888158202171326
Model 3,20,TotalUnempPct_QoQ_Lag1_last1,0.01622449792921543,0.9050403237342834
Model 3,1,QuarterlyVolatility_Lag1,0.3367260992527008,0.3367260992527008
Model 3,2,Spread_cur,0.05400235950946808,0.3907284736633301
Model 3,3,QuarterlyVolatility_Lag3,0.03355322778224945,0.4242817163467407
Model 3,4,Last3mCumulativeRevenue_last1,0.03295064717531204,0.45723235607147217
Model 3,5,ROA_last1,0.026220081374049187,0.4834524393081665
Model 3,6,SOX_QoQ,0.0222097709774971,0.505662202835083
Model 3,7,IXIC_QoQ_Lag1,0.02168378233909607,0.5273460149765015
Model 3,8,OverallIndex_QoQ_last1,0.02150721848011017,0.5488532185554504
Model 3,9,DJIA_QoQ_Lag3,0.02104615792632103,0.5698993802070618
Model 3,10,SOX_QoQ_Lag3,0.02100665308535099,0.590906023979187
Model 3,11,DJIA_QoQ_Lag2,0.020365046337246895,0.61127108335495
Model 3,12,TotalUnempPct_QoQ_Lag3_last1,0.02018268220126629,0.6314537525177002
Model 3,13,RediscountRate_QoQ_Lag2_last1,0.019879544153809547,0.6513332724571228
Model 3,14,TotalUnempPct_QoQ_Lag1_last1,0.01814616285264492,0.6694794297218323
Model 3,15,ROE_last1,0.016807368025183678,0.6862868070602417
Model 3,16,DJIA_QoQ,0.016686657443642616,0.702973484992981
Model 3,17,FnG_QoQ_Lag2,0.016134515404701233,0.719107985496521
Model 3,18,TradingVolume_cur,0.015644850209355354,0.7347528338432312
Model 3,19,TradingTurnover_cur,0.015469729900360107,0.7502225637435913
Model 3,20,RediscountRate_QoQ_last1,0.01504697185009718,0.7652695178985596
Model 3,1,QuarterlyVolatility_Lag1,0.4322603940963745,0.4322603940963745
Model 3,2,Spread_cur,0.04364120960235596,0.47590160369873047
Model 3,3,OverallIndex_QoQ_last1,0.027407081797719002,0.5033087134361267
Model 3,4,SOX_QoQ_Lag2,0.026766594499349594,0.5300753116607666
Model 3,5,QuarterlyVolatility_Lag3,0.024481425061821938,0.5545567274093628
Model 3,6,SOX_QoQ_Lag3,0.021765846759080887,0.5763225555419922
Model 3,7,DJIA_QoQ_Lag3,0.020384253934025764,0.5967068076133728
Model 3,8,SP500_QoQ_Lag2,0.02027103304862976,0.6169778108596802
Model 3,9,ROE_last1,0.019115131348371506,0.6360929608345032
Model 3,10,RediscountRate_QoQ_last1,0.01908940076828003,0.6551823616027832
Model 3,11,TotalUnempPct_QoQ_Lag2_last1,0.018763920292258263,0.6739462614059448
Model 3,12,TotalUnempPct_last1,0.017304223030805588,0.6912505030632019
Model 3,13,DJIA_QoQ_Lag2,0.016897782683372498,0.7081483006477356
Model 3,14,Last3mCumulativeRevenueGrowthRate_last1,0.016373327001929283,0.7245216369628906
Model 3,15,FnG_QoQ,0.015246168710291386,0.7397677898406982
Model 3,16,SP500_QoQ,0.015171694569289684,0.7549394965171814
Model 3,17,SOX_QoQ,0.015063557773828506,0.770003080368042
Model 3,18,TotalUnempPct_QoQ_Lag3_last1,0.014781865291297436,0.7847849726676941
Model 3,19,OverallIndex_last1,0.014727529138326645,0.799512505531311
Model 3,20,FnG_QoQ_Lag3,0.014676918275654316,0.8141894340515137
Model 3,1,QuarterlyVolatility_Lag1,0.32389241456985474,0.32389241456985474
Model 3,2,Spread_cur,0.036519043147563934,0.36041146516799927
Model 3,3,ESG_occupational_health_and_safety_last1,0.028350697830319405,0.3887621760368347
Model 3,4,SOX_QoQ_Lag2,0.02360330894589424,0.41236549615859985
Model 3,5,DJIA_QoQ_Lag3,0.021020324900746346,0.43338581919670105
Model 3,6,QuarterlyVolatility_Lag3,0.020822452381253242,0.45420828461647034
Model 3,7,OverallIndex_QoQ_last1,0.020113453269004822,0.47432172298431396
Model 3,8,RediscountRate_QoQ_last1,0.02002950757741928,0.49435123801231384
Model 3,9,TradingTurnover_cur,0.01977074146270752,0.5141220092773438
Model 3,10,SP500_QoQ_Lag2,0.019715838134288788,0.5338378548622131
Model 3,11,SOX_QoQ_Lag3,0.017272910103201866,0.5511107444763184
Model 3,12,ROE_last1,0.016712915152311325,0.5678236484527588
Model 3,13,SOX_QoQ,0.01594681851565838,0.5837704539299011
Model 3,14,DJIA_QoQ_Lag2,0.015066727995872498,0.5988371968269348
Model 3,15,TotalUnempPct_QoQ_Lag3_last1,0.015030182898044586,0.6138674020767212
Model 3,16,FnG_QoQ_Lag1,0.01472221128642559,0.6285896301269531
Model 3,17,TotalUnempPct_QoQ_Lag2_last1,0.014388993382453918,0.6429786086082458
Model 3,18,SP500_QoQ,0.013980008661746979,0.6569586396217346
Model 3,19,ROA_last1,0.013939480297267437,0.6708981394767761
Model 3,20,RediscountRate_QoQ_Lag1_last1,0.013856071047484875,0.6847541928291321
Model 3,1,QuarterlyVolatility_Lag1,0.30808064341545105,0.30808064341545105
Model 3,2,Spread_cur,0.035473182797431946,0.3435538411140442
Model 3,3,ESG_occupational_health_and_safety_last1,0.035243432968854904,0.3787972629070282
Model 3,4,ESG_climate_related_issues_management_last1,0.025196481496095657,0.40399375557899475
Model 3,5,SP500_QoQ_Lag2,0.02245342545211315,0.42644718289375305
Model 3,6,RediscountRate_QoQ_last1,0.021730853244662285,0.4481780230998993
Model 3,7,SOX_QoQ_Lag2,0.02075529471039772,0.4689333140850067
Model 3,8,DJIA_QoQ_Lag3,0.02002253383398056,0.48895585536956787
Model 3,9,SOX_QoQ_Lag3,0.01946532353758812,0.5084211826324463
Model 3,10,QuarterlyVolatility_Lag3,0.019356070086359978,0.5277772545814514
Model 3,11,OverallIndex_QoQ_last1,0.017440658062696457,0.5452179312705994
Model 3,12,RediscountRate_QoQ_Lag1_last1,0.017224812880158424,0.5624427199363708
Model 3,13,TradingTurnover_cur,0.016628436744213104,0.5790711641311646
Model 3,14,SOX_QoQ,0.016094187274575233,0.5951653718948364
Model 3,15,TotalUnempPct_QoQ_Lag3_last1,0.014788207598030567,0.6099535822868347
Model 3,16,IXIC_QoQ_Lag1,0.014584324322640896,0.6245378851890564
Model 3,17,DJIA_QoQ_Lag2,0.013805489055812359,0.6383433938026428
Model 3,18,DJIA_QoQ_Lag1,0.013764385133981705,0.6521077752113342
Model 3,19,OverallIndex_last1,0.013609827496111393,0.665717601776123
Model 3,20,ROE_last1,0.013433343730866909,0.6791509389877319
Model 3,1,QuarterlyVolatility_Lag1,0.3664068281650543,0.3664068281650543
Model 3,2,Spread_cur,0.04243917390704155,0.408845990896225
Model 3,3,ESG_climate_related_issues_management_last1,0.03179914876818657,0.44064512848854065
Model 3,4,SP500_QoQ_Lag2,0.025666458532214165,0.46631157398223877
Model 3,5,RediscountRate_last1,0.023686092346906662,0.48999765515327454
Model 3,6,SOX_QoQ_Lag2,0.02221097983419895,0.5122086405754089
Model 3,7,QuarterlyVolatility_Lag3,0.021102607250213623,0.5333112478256226
Model 3,8,OverallIndex_QoQ_last1,0.019088147208094597,0.5523993968963623
Model 3,9,SOX_QoQ,0.01843545213341713,0.5708348751068115
Model 3,10,DJIA_QoQ_Lag3,0.015666063874959946,0.5865009427070618
Model 3,11,RediscountRate_QoQ_Lag3_last1,0.01515303272753954,0.6016539931297302
Model 3,12,DJIA_QoQ_Lag1,0.015018039382994175,0.6166720390319824
Model 3,13,ROE_last1,0.01492233294993639,0.6315943598747253
Model 3,14,DJIA_QoQ_Lag2,0.014393588528037071,0.6459879279136658
Model 3,15,TotalUnempPct_QoQ_Lag3_last1,0.013862506486475468,0.6598504185676575
Model 3,16,ROA_last1,0.013494826853275299,0.6733452677726746
Model 3,17,TotalUnempPct_last1,0.013486865907907486,0.6868321299552917
Model 3,18,FnG_QoQ_Lag3,0.013184932991862297,0.7000170350074768
Model 3,19,IXIC_QoQ,0.012909999117255211,0.7129270434379578
Model 3,20,FnG_QoQ_Lag1,0.011963315308094025,0.7248903512954712
Model 3,1,QuarterlyVolatility_Lag1,0.3226391673088074,0.3226391673088074
Model 3,2,ESG_climate_related_issues_management_last1,0.03911326080560684,0.3617524206638336
Model 3,3,Spread_cur,0.03735755383968353,0.39910995960235596
Model 3,4,SP500_QoQ_Lag2,0.035359013825654984,0.43446898460388184
Model 3,5,SOX_QoQ,0.019869284704327583,0.45433828234672546
Model 3,6,SOX_QoQ_Lag2,0.017599860206246376,0.4719381332397461
Model 3,7,RediscountRate_last1,0.017136648297309875,0.4890747666358948
Model 3,8,SP500_QoQ,0.01710519939661026,0.5061799883842468
Model 3,9,QuarterlyVolatility_Lag3,0.0169308390468359,0.5231108069419861
Model 3,10,OverallIndex_QoQ_last1,0.01678372360765934,0.5398945212364197
Model 3,11,RediscountRate_QoQ_Lag3_last1,0.01583842746913433,0.5557329654693604
Model 3,12,DJIA_QoQ_Lag1,0.01570746675133705,0.5714404582977295
Model 3,13,TotalUnempPct_last1,0.015260581858456135,0.5867010354995728
Model 3,14,DJIA_QoQ_Lag2,0.015068458393216133,0.6017695069313049
Model 3,15,DJIA_QoQ_Lag3,0.014857785776257515,0.6166272759437561
Model 3,16,IXIC_QoQ_Lag1,0.014376165345311165,0.6310034394264221
Model 3,17,TotalUnempPct_QoQ_Lag2_last1,0.013273446820676327,0.6442768573760986
Model 3,18,IXIC_QoQ,0.013029823079705238,0.6573066711425781
Model 3,19,TotalUnempPct_QoQ_Lag3_last1,0.013019022531807423,0.6703256964683533
Model 3,20,ROE_last1,0.012586246244609356,0.6829119324684143
Model 3,1,QuarterlyVolatility_Lag1,0.2988954484462738,0.2988954484462738
Model 3,2,SP500_QoQ_Lag2,0.04488926753401756,0.34378471970558167
Model 3,3,Spread_cur,0.03788212314248085,0.3816668391227722
Model 3,4,ESG_climate_related_issues_management_last1,0.03533913195133209,0.4170059561729431
Model 3,5,SOX_QoQ,0.02194417081773281,0.4389501214027405
Model 3,6,SOX_QoQ_Lag2,0.018578996881842613,0.45752912759780884
Model 3,7,RediscountRate_last1,0.01728092133998871,0.47481006383895874
Model 3,8,IXIC_QoQ_Lag1,0.016794681549072266,0.491604745388031
Model 3,9,OverallIndex_QoQ_last1,0.016109274700284004,0.507714033126831
Model 3,10,RediscountRate_QoQ_Lag3_last1,0.016080278903245926,0.5237942934036255
Model 3,11,SP500_QoQ,0.01592443138360977,0.539718747138977
Model 3,12,QuarterlyVolatility_Lag3,0.015412215143442154,0.5551309585571289
Model 3,13,DJIA_QoQ_Lag2,0.014798983931541443,0.5699299573898315
Model 3,14,DJIA_QoQ_Lag1,0.014650020748376846,0.5845800042152405
Model 3,15,DJIA_QoQ_Lag3,0.013828975148499012,0.5984089970588684
Model 3,16,TotalUnempPct_last1,0.013702131807804108,0.6121111512184143
Model 3,17,TotalUnempPct_QoQ_Lag3_last1,0.013288002461194992,0.6253991723060608
Model 3,18,IXIC_QoQ,0.01327726524323225,0.6386764645576477
Model 3,19,FnG_QoQ_Lag3,0.012860246002674103,0.6515367031097412
Model 3,20,TotalUnempPct_QoQ_Lag2_last1,0.012801099568605423,0.6643378138542175
Model 3,1,QuarterlyVolatility_Lag1,0.3581177294254303,0.3581177294254303
Model 3,2,Spread_cur,0.05710909515619278,0.4152268171310425
Model 3,3,QuarterlyVolatility_Lag3,0.03527313098311424,0.450499951839447
Model 3,4,ROA_last1,0.03397287800908089,0.4844728410243988
Model 3,5,Last3mCumulativeRevenue_last1,0.03278438746929169,0.5172572135925293
Model 3,6,SOX_QoQ,0.023996198549866676,0.541253387928009
Model 3,7,TotalUnempPct_QoQ_Lag3_last1,0.023081116378307343,0.564334511756897
Model 3,8,IXIC_QoQ_Lag1,0.022182438522577286,0.5865169763565063
Model 3,9,DJIA_QoQ,0.02081470750272274,0.6073316931724548
Model 3,10,DJIA_QoQ_Lag2,0.02062901481986046,0.6279606819152832
Model 3,11,SOX_QoQ_Lag3,0.01970616728067398,0.647666871547699
Model 3,12,TotalUnempPct_QoQ_Lag1_last1,0.01925663836300373,0.6669235229492188
Model 3,13,TradingTurnover_cur,0.0176951065659523,0.6846186518669128
Model 3,14,FnG_QoQ_Lag2,0.01719862036406994,0.7018172740936279
Model 3,15,FnG_QoQ,0.01673598773777485,0.7185532450675964
Model 3,16,TotalUnempPct_last1,0.016451748088002205,0.7350050210952759
Model 3,17,OverallIndex_QoQ_last1,0.016232434660196304,0.7512374520301819
Model 3,18,SP500_QoQ,0.01578691229224205,0.7670243382453918
Model 3,19,QuarterlyVolatility_Lag2,0.015690136700868607,0.7827144861221313
Model 3,20,TradingVolume_cur,0.015661679208278656,0.7983761429786682
Model 3,1,QuarterlyVolatility_Lag1,0.3504389822483063,0.3504389822483063
Model 3,2,Spread_cur,0.056507766246795654,0.40694674849510193
Model 3,3,SOX_QoQ_Lag3,0.028289178386330605,0.4352359175682068
Model 3,4,RediscountRate_QoQ_Lag3_last1,0.02648524008691311,0.46172115206718445
Model 3,5,SOX_QoQ,0.024449767544865608,0.4861709177494049
Model 3,6,IXIC_QoQ_Lag1,0.024409670382738113,0.5105805993080139
Model 3,7,QuarterlyVolatility_Lag3,0.023059219121932983,0.5336397886276245
Model 3,8,Last3mCumulativeRevenue_last1,0.02142902836203575,0.5550687909126282
Model 3,9,FnG_QoQ_Lag2,0.02088511921465397,0.5759539008140564
Model 3,10,TotalUnempPct_QoQ_Lag1_last1,0.019616641104221344,0.5955705642700195
Model 3,11,RediscountRate_QoQ_last1,0.018451355397701263,0.614021897315979
Model 3,12,OverallIndex_QoQ_last1,0.017426129430532455,0.6314480304718018
Model 3,13,DJIA_QoQ_Lag2,0.017314784228801727,0.6487628221511841
Model 3,14,VIX_QoQ_Lag2,0.01671222597360611,0.665475070476532
Model 3,15,VIX_QoQ,0.016676921397447586,0.6821519732475281
Model 3,16,TotalUnempPct_QoQ_Lag3_last1,0.015967078506946564,0.698119044303894
Model 3,17,DJIA_QoQ_Lag1,0.015556423924863338,0.7136754393577576
Model 3,18,ROA_last1,0.015245101414620876,0.7289205193519592
Model 3,19,OverallIndex_last1,0.015123004093766212,0.7440435290336609
Model 3,20,FnG_QoQ_Lag3,0.01458501536399126,0.7586285471916199
Model 3,1,QuarterlyVolatility_Lag1,0.34492528438568115,0.34492528438568115
Model 3,2,Spread_cur,0.05577823519706726,0.4007035195827484
Model 3,3,IXIC_QoQ_Lag1,0.0296919047832489,0.4303954243659973
Model 3,4,TotalUnempPct_QoQ_Lag1_last1,0.0272084828466177,0.45760390162467957
Model 3,5,SOX_QoQ_Lag3,0.026974914595484734,0.48457881808280945
Model 3,6,RediscountRate_QoQ_Lag3_last1,0.02567477338016033,0.5102536082267761
Model 3,7,SOX_QoQ,0.02474738471210003,0.5350009799003601
Model 3,8,RediscountRate_QoQ_last1,0.021810263395309448,0.5568112134933472
Model 3,9,DJIA_QoQ_Lag1,0.021594639867544174,0.5784058570861816
Model 3,10,QuarterlyVolatility_Lag3,0.021469978615641594,0.599875807762146
Model 3,11,FnG_QoQ_Lag2,0.02137897163629532,0.6212548017501831
Model 3,12,DJIA_QoQ_Lag2,0.019380822777748108,0.64063560962677
Model 3,13,VIX_QoQ,0.0192471481859684,0.6598827838897705
Model 3,14,TotalUnempPct_QoQ_Lag3_last1,0.01811954937875271,0.6780023574829102
Model 3,15,TotalUnempPct_QoQ_Lag2_last1,0.016119740903377533,0.6941220760345459
Model 3,16,DJIA_QoQ_Lag3,0.01598055474460125,0.7101026177406311
Model 3,17,FnG_QoQ_Lag3,0.015242342837154865,0.7253449559211731
Model 3,18,OverallIndex_QoQ_last1,0.014575488865375519,0.739920437335968
Model 3,19,SP500_QoQ,0.013156906701624393,0.7530773282051086
Model 3,20,FnG_QoQ,0.012909738346934319,0.7659870386123657
Model 3,1,QuarterlyVolatility_Lag1,0.3176702857017517,0.3176702857017517
Model 3,2,Spread_cur,0.0367363877594471,0.3544066846370697
Model 3,3,ESG_climate_related_issues_management_last1,0.033767521381378174,0.3881742060184479
Model 3,4,SOX_QoQ_Lag2,0.025797400623559952,0.41397160291671753
Model 3,5,SP500_QoQ_Lag2,0.022863002493977547,0.4368346035480499
Model 3,6,QuarterlyVolatility_Lag3,0.020263269543647766,0.4570978879928589
Model 3,7,OverallIndex_QoQ_last1,0.0201112050563097,0.47720909118652344
Model 3,8,DJIA_QoQ_Lag3,0.019724056124687195,0.4969331622123718
Model 3,9,SOX_QoQ_Lag3,0.01956401765346527,0.5164971947669983
Model 3,10,RediscountRate_QoQ_Lag1_last1,0.017842160537838936,0.5343393683433533
Model 3,11,SOX_QoQ,0.016918061301112175,0.5512574315071106
Model 3,12,RediscountRate_QoQ_last1,0.015635091811418533,0.5668925046920776
Model 3,13,TradingTurnover_cur,0.01556383166462183,0.5824563503265381
Model 3,14,TotalUnempPct_QoQ_Lag3_last1,0.01554396003484726,0.5980002880096436
Model 3,15,OverallIndex_last1,0.014278886839747429,0.6122791767120361
Model 3,16,ROE_last1,0.013996535912156105,0.6262757182121277
Model 3,17,DJIA_QoQ_Lag2,0.013966145925223827,0.6402418613433838
Model 3,18,DJIA_QoQ_Lag1,0.013574104756116867,0.6538159847259521
Model 3,19,IXIC_QoQ_Lag1,0.013469948433339596,0.6672859191894531
Model 3,20,ROA_last1,0.013434681110084057,0.6807206273078918
Model 3,1,QuarterlyVolatility_Lag1,0.28425341844558716,0.28425341844558716
Model 3,2,ESG_climate_related_issues_management_last1,0.046042315661907196,0.33029574155807495
Model 3,3,Spread_cur,0.03975220397114754,0.3700479567050934
Model 3,4,SP500_QoQ_Lag2,0.03588181361556053,0.4059297740459442
Model 3,5,OverallIndex_QoQ_last1,0.019798023626208305,0.4257277846336365
Model 3,6,SOX_QoQ,0.01970178820192814,0.44542956352233887
Model 3,7,DJIA_QoQ_Lag1,0.019573720172047615,0.46500328183174133
Model 3,8,SOX_QoQ_Lag3,0.019203918054699898,0.4842072129249573
Model 3,9,DJIA_QoQ_Lag3,0.017736488953232765,0.5019437074661255
Model 3,10,FnG_QoQ_Lag2,0.017648737877607346,0.5195924639701843
Model 3,11,IXIC_QoQ_Lag1,0.017562102526426315,0.5371545553207397
Model 3,12,DJIA_QoQ_Lag2,0.017006052657961845,0.5541605949401855
Model 3,13,QuarterlyVolatility_Lag3,0.01625591143965721,0.5704165101051331
Model 3,14,VIX_QoQ,0.01555850449949503,0.5859749913215637
Model 3,15,SOX_QoQ_Lag2,0.01536143384873867,0.6013364195823669
Model 3,16,TotalUnempPct_QoQ_Lag3_last1,0.015006627887487411,0.6163430213928223
Model 3,17,TotalUnempPct_QoQ_Lag2_last1,0.01398034580051899,0.6303233504295349
Model 3,18,FnG_QoQ_Lag3,0.013783124275505543,0.6441064476966858
Model 3,19,RediscountRate_QoQ_last1,0.01346147246658802,0.6575679183006287
Model 3,20,DJIA_QoQ,0.013271383941173553,0.6708393096923828
Model 3,1,QuarterlyVolatility_Lag1,0.2560834586620331,0.2560834586620331
Model 3,2,ESG_climate_related_issues_management_last1,0.05048854276537895,0.30657199025154114
Model 3,3,SP500_QoQ_Lag2,0.04449845105409622,0.35107043385505676
Model 3,4,Spread_cur,0.0384613461792469,0.38953179121017456
Model 3,5,DJIA_QoQ_Lag1,0.022319680079817772,0.4118514657020569
Model 3,6,SOX_QoQ,0.02094094827771187,0.43279242515563965
Model 3,7,OverallIndex_QoQ_last1,0.019635776057839394,0.4524281919002533
Model 3,8,DJIA_QoQ_Lag2,0.019611168652772903,0.4720393717288971
Model 3,9,SOX_QoQ_Lag3,0.01937463879585266,0.49141401052474976
Model 3,10,IXIC_QoQ_Lag1,0.01924530789256096,0.5106593370437622
Model 3,11,FnG_QoQ_Lag2,0.018080007284879684,0.528739333152771
Model 3,12,RediscountRate_QoQ_Lag2_last1,0.01696413941681385,0.5457034707069397
Model 3,13,DJIA_QoQ_Lag3,0.016954714432358742,0.5626581907272339
Model 3,14,SOX_QoQ_Lag2,0.01660146377980709,0.5792596340179443
Model 3,15,RediscountRate_QoQ_Lag3_last1,0.016076650470495224,0.5953362584114075
Model 3,16,VIX_QoQ,0.015456399880349636,0.6107926368713379
Model 3,17,TotalUnempPct_QoQ_Lag3_last1,0.015042188577353954,0.6258348226547241
Model 3,18,FnG_QoQ_Lag3,0.014989662915468216,0.6408244967460632
Model 3,19,RediscountRate_QoQ_Lag1_last1,0.014940333552658558,0.6557648181915283
Model 3,20,QuarterlyVolatility_Lag3,0.014856396242976189,0.6706212162971497
Model 3,1,QuarterlyVolatility_Lag1,0.2837716341018677,0.2837716341018677
Model 3,2,ESG_climate_related_issues_management_last1,0.042382773011922836,0.3261544108390808
Model 3,3,Spread_cur,0.037440672516822815,0.36359506845474243
Model 3,4,SP500_QoQ_Lag2,0.036937277764081955,0.4005323350429535
Model 3,5,SOX_QoQ,0.022507691755890846,0.4230400323867798
Model 3,6,SP500_QoQ,0.020260069519281387,0.4433000981807709
Model 3,7,RediscountRate_last1,0.019312037155032158,0.462612122297287
Model 3,8,IXIC_QoQ_Lag1,0.01782526634633541,0.48043739795684814
Model 3,9,DJIA_QoQ_Lag1,0.01710672117769718,0.4975441098213196
Model 3,10,SOX_QoQ_Lag2,0.017050938680768013,0.5145950317382812
Model 3,11,TotalUnempPct_QoQ_Lag2_last1,0.015536878257989883,0.5301319360733032
Model 3,12,DJIA_QoQ_Lag3,0.015277520753443241,0.5454094409942627
Model 3,13,QuarterlyVolatility_Lag3,0.015143504366278648,0.5605529546737671
Model 3,14,OverallIndex_QoQ_last1,0.015063810162246227,0.5756167769432068
Model 3,15,TotalUnempPct_QoQ_Lag3_last1,0.014726673252880573,0.5903434753417969
Model 3,16,DJIA_QoQ_Lag2,0.014293467625975609,0.6046369671821594
Model 3,17,TotalUnempPct_last1,0.014119820669293404,0.6187567710876465
Model 3,18,RediscountRate_QoQ_Lag3_last1,0.012379429303109646,0.6311361789703369
Model 3,19,FnG_QoQ_Lag2,0.012371698394417763,0.6435078978538513
Model 3,20,RediscountRate_QoQ_last1,0.012346997857093811,0.6558548808097839
Model 3,1,QuarterlyVolatility_Lag1,0.20739448070526123,0.20739448070526123
Model 3,2,SP500_QoQ_Lag2,0.06591365486383438,0.273308128118515
Model 3,3,ESG_climate_related_issues_management_last1,0.06369195878505707,0.3370000720024109
Model 3,4,Spread_cur,0.03613438829779625,0.37313446402549744
Model 3,5,SOX_QoQ,0.02553190104663372,0.3986663520336151
Model 3,6,IXIC_QoQ_Lag1,0.021555708721280098,0.42022207379341125
Model 3,7,SOX_QoQ_Lag2,0.021472500637173653,0.44169458746910095
Model 3,8,ESG_green_gas_emission_last1,0.020754888653755188,0.46244949102401733
Model 3,9,SP500_QoQ,0.02042924053966999,0.48287874460220337
Model 3,10,DJIA_QoQ_Lag2,0.018457477912306786,0.5013362169265747
Model 3,11,DJIA_QoQ_Lag1,0.016952872276306152,0.5182890892028809
Model 3,12,RediscountRate_last1,0.01674710027873516,0.5350362062454224
Model 3,13,RediscountRate_QoQ_Lag3_last1,0.016217267140746117,0.5512534976005554
Model 3,14,FnG_QoQ_Lag3,0.015368849039077759,0.5666223764419556
Model 3,15,TotalUnempPct_QoQ_Lag2_last1,0.014910363592207432,0.5815327167510986
Model 3,16,TotalUnempPct_QoQ_Lag3_last1,0.01472156960517168,0.596254289150238
Model 3,17,OverallIndex_QoQ_last1,0.014365536160767078,0.610619843006134
Model 3,18,VIX_QoQ,0.014320062473416328,0.6249399185180664
Model 3,19,FnG_QoQ_Lag2,0.014099118299782276,0.6390390396118164
Model 3,20,DJIA_QoQ_Lag3,0.013639792799949646,0.6526788473129272
Model 3,1,QuarterlyVolatility_Lag1,0.1862965077161789,0.1862965077161789
Model 3,2,SP500_QoQ_Lag2,0.07951615005731583,0.2658126652240753
Model 3,3,ESG_climate_related_issues_management_last1,0.06444857269525528,0.33026123046875
Model 3,4,Spread_cur,0.03465321660041809,0.3649144470691681
Model 3,5,ESG_green_gas_emission_last1,0.03008069284260273,0.39499515295028687
Model 3,6,IXIC_QoQ_Lag1,0.024995459243655205,0.419990599155426
Model 3,7,SOX_QoQ,0.02468251623213291,0.4446731209754944
Model 3,8,DJIA_QoQ_Lag2,0.022856764495372772,0.46752989292144775
Model 3,9,SOX_QoQ_Lag2,0.02029743604362011,0.487827330827713
Model 3,10,DJIA_QoQ_Lag1,0.018807485699653625,0.5066348314285278
Model 3,11,SP500_QoQ,0.018249621614813805,0.5248844623565674
Model 3,12,RediscountRate_QoQ_Lag3_last1,0.017770705744624138,0.5426551699638367
Model 3,13,FnG_QoQ_Lag3,0.015389404259622097,0.5580445528030396
Model 3,14,TotalUnempPct_QoQ_Lag3_last1,0.014199698343873024,0.5722442269325256
Model 3,15,FnG_QoQ_Lag2,0.014171818271279335,0.5864160656929016
Model 3,16,OverallIndex_QoQ_last1,0.01407321635633707,0.6004892587661743
Model 3,17,RediscountRate_QoQ_Lag2_last1,0.01393208559602499,0.6144213676452637
Model 3,18,RediscountRate_last1,0.013912484981119633,0.6283338665962219
Model 3,19,DJIA_QoQ,0.013645483180880547,0.6419793367385864
Model 3,20,IXIC_QoQ,0.013613917864859104,0.6555932760238647
Model 3,1,QuarterlyVolatility_Lag1,0.36745685338974,0.36745685338974
Model 3,2,Spread_cur,0.06135871633887291,0.4288155734539032
Model 3,3,TotalUnempPct_QoQ_Lag1_last1,0.031174080446362495,0.45998966693878174
Model 3,4,SOX_QoQ,0.02659221552312374,0.4865818917751312
Model 3,5,QuarterlyVolatility_Lag3,0.02650538645684719,0.513087272644043
Model 3,6,DJIA_QoQ_Lag2,0.025771761313080788,0.5388590097427368
Model 3,7,OverallIndex_QoQ_last1,0.021796273067593575,0.5606552958488464
Model 3,8,IXIC_QoQ_Lag1,0.0217521321028471,0.5824074149131775
Model 3,9,Last3mCumulativeRevenue_last1,0.02074829488992691,0.6031557321548462
Model 3,10,FnG_QoQ_Lag2,0.02064044214785099,0.6237961649894714
Model 3,11,TotalUnempPct_QoQ_Lag3_last1,0.02042386122047901,0.6442200541496277
Model 3,12,SOX_QoQ_Lag3,0.017860563471913338,0.6620806455612183
Model 3,13,ROA_last1,0.017496181651949883,0.6795768141746521
Model 3,14,TotalUnempPct_QoQ_Lag2_last1,0.016916755586862564,0.6964935660362244
Model 3,15,RediscountRate_QoQ_last1,0.01628725789487362,0.7127808332443237
Model 3,16,VIX_QoQ,0.015286700800061226,0.7280675172805786
Model 3,17,Quarter_4,0.015121540054678917,0.7431890368461609
Model 3,18,OverallIndex_last1,0.014827129431068897,0.7580161690711975
Model 3,19,FnG_QoQ_Lag3,0.014041632413864136,0.7720577716827393
Model 3,20,RediscountRate_QoQ_Lag3_last1,0.013882935978472233,0.7859407067298889
Model 3,1,QuarterlyVolatility_Lag1,0.3350018858909607,0.3350018858909607
Model 3,2,Spread_cur,0.056677255779504776,0.39167913794517517
Model 3,3,RediscountRate_QoQ_last1,0.030610959976911545,0.4222900867462158
Model 3,4,SOX_QoQ,0.030225517228245735,0.4525156021118164
Model 3,5,SOX_QoQ_Lag3,0.029355531558394432,0.4818711280822754
Model 3,6,DJIA_QoQ_Lag2,0.02801337279379368,0.5098844766616821
Model 3,7,IXIC_QoQ_Lag1,0.023724665865302086,0.53360915184021
Model 3,8,TotalUnempPct_QoQ_Lag1_last1,0.02156120352447033,0.5551703572273254
Model 3,9,IXIC_QoQ_Lag3,0.021287865936756134,0.576458215713501
Model 3,10,FnG_QoQ_Lag2,0.021222496405243874,0.5976806879043579
Model 3,11,QuarterlyVolatility_Lag3,0.021221768110990524,0.6189024448394775
Model 3,12,TotalUnempPct_QoQ_Lag2_last1,0.02071060985326767,0.6396130323410034
Model 3,13,TotalUnempPct_QoQ_Lag3_last1,0.019563725218176842,0.659176766872406
Model 3,14,OverallIndex_QoQ_last1,0.017058685421943665,0.6762354373931885
Model 3,15,OverallIndex_last1,0.016830191016197205,0.6930656433105469
Model 3,16,RediscountRate_QoQ_Lag2_last1,0.016703639179468155,0.7097693085670471
Model 3,17,VIX_QoQ,0.016579780727624893,0.7263491153717041
Model 3,18,FnG_QoQ,0.015401935204863548,0.7417510747909546
Model 3,19,VIX_QoQ_Lag3,0.015038186684250832,0.7567892670631409
Model 3,20,RediscountRate_QoQ_Lag3_last1,0.014785739593207836,0.7715750336647034
Model 3,1,QuarterlyVolatility_Lag1,0.31333819031715393,0.31333819031715393
Model 3,2,Spread_cur,0.05319038778543472,0.36652857065200806
Model 3,3,DJIA_QoQ_Lag2,0.030782317742705345,0.39731088280677795
Model 3,4,IXIC_QoQ_Lag3,0.028815152123570442,0.42612603306770325
Model 3,5,SOX_QoQ,0.02575383521616459,0.4518798589706421
Model 3,6,IXIC_QoQ_Lag1,0.023925205692648888,0.4758050739765167
Model 3,7,SOX_QoQ_Lag3,0.023526912555098534,0.4993319809436798
Model 3,8,TotalUnempPct_QoQ_Lag2_last1,0.02232043445110321,0.5216524004936218
Model 3,9,FnG_QoQ_Lag2,0.02111535146832466,0.5427677631378174
Model 3,10,RediscountRate_QoQ_Lag2_last1,0.020686853677034378,0.5634546279907227
Model 3,11,TotalUnempPct_QoQ_Lag1_last1,0.02061673440039158,0.5840713381767273
Model 3,12,RediscountRate_QoQ_Lag3_last1,0.020013906061649323,0.6040852665901184
Model 3,13,TotalUnempPct_QoQ_Lag3_last1,0.019838912412524223,0.623924195766449
Model 3,14,RediscountRate_QoQ_last1,0.019834676757454872,0.6437588930130005
Model 3,15,OverallIndex_QoQ_last1,0.018540140241384506,0.6622990369796753
Model 3,16,QuarterlyVolatility_Lag3,0.018295587971806526,0.6805946230888367
Model 3,17,OverallIndex_last1,0.016882816329598427,0.6974774599075317
Model 3,18,VIX_QoQ,0.016828499734401703,0.7143059372901917
Model 3,19,FnG_QoQ,0.01634114794433117,0.730647087097168
Model 3,20,FnG_QoQ_Lag3,0.016120629385113716,0.7467676997184753
Model 3,1,QuarterlyVolatility_Lag1,0.31647422909736633,0.31647422909736633
Model 3,2,ESG_climate_related_issues_management_last1,0.049342080950737,0.36581629514694214
Model 3,3,Spread_cur,0.0403747521340847,0.40619105100631714
Model 3,4,SP500_QoQ_Lag2,0.02931974083185196,0.4355107843875885
Model 3,5,RediscountRate_QoQ_last1,0.023198334500193596,0.45870912075042725
Model 3,6,RediscountRate_QoQ_Lag3_last1,0.019766399636864662,0.47847551107406616
Model 3,7,SOX_QoQ,0.019362149760127068,0.4978376626968384
Model 3,8,OverallIndex_QoQ_last1,0.019353535026311874,0.5171911716461182
Model 3,9,DJIA_QoQ_Lag1,0.01818609982728958,0.5353772640228271
Model 3,10,SOX_QoQ_Lag3,0.017557527869939804,0.5529347658157349
Model 3,11,TotalUnempPct_QoQ_Lag3_last1,0.017129437997937202,0.5700641870498657
Model 3,12,QuarterlyVolatility_Lag3,0.01683644950389862,0.5869006514549255
Model 3,13,SOX_QoQ_Lag2,0.016280921176075935,0.6031816005706787
Model 3,14,FnG_QoQ_Lag2,0.016016697511076927,0.6191983222961426
Model 3,15,IXIC_QoQ_Lag1,0.015284537337720394,0.6344828605651855
Model 3,16,DJIA_QoQ_Lag2,0.014063171111047268,0.648546040058136
Model 3,17,SP500_QoQ,0.014046275988221169,0.6625922918319702
Model 3,18,VIX_QoQ,0.01398906484246254,0.6765813827514648
Model 3,19,ROE_last1,0.013826347887516022,0.6904077529907227
Model 3,20,FnG_QoQ,0.013544108718633652,0.7039518356323242
Model 3,1,QuarterlyVolatility_Lag1,0.24770447611808777,0.24770447611808777
Model 3,2,ESG_climate_related_issues_management_last1,0.05776098370552063,0.3054654598236084
Model 3,3,SP500_QoQ_Lag2,0.043177343904972076,0.3486427962779999
Model 3,4,Spread_cur,0.03656838834285736,0.38521116971969604
Model 3,5,RediscountRate_QoQ_Lag3_last1,0.02389739267528057,0.40910854935646057
Model 3,6,DJIA_QoQ_Lag1,0.022891638800501823,0.43200019001960754
Model 3,7,RediscountRate_QoQ_last1,0.021744728088378906,0.45374491810798645
Model 3,8,IXIC_QoQ_Lag1,0.02123919501900673,0.4749841094017029
Model 3,9,SOX_QoQ,0.021061915904283524,0.4960460364818573
Model 3,10,SOX_QoQ_Lag3,0.020450599491596222,0.5164966583251953
Model 3,11,RediscountRate_QoQ_Lag2_last1,0.020172126591205597,0.5366687774658203
Model 3,12,DJIA_QoQ_Lag2,0.017428282648324966,0.554097056388855
Model 3,13,SOX_QoQ_Lag2,0.01741771399974823,0.5715147852897644
Model 3,14,TotalUnempPct_QoQ_Lag3_last1,0.01605783775448799,0.5875726342201233
Model 3,15,RediscountRate_last1,0.01576896198093891,0.6033415794372559
Model 3,16,OverallIndex_QoQ_last1,0.015720844268798828,0.6190624237060547
Model 3,17,FnG_QoQ_Lag2,0.015453479252755642,0.6345158815383911
Model 3,18,VIX_QoQ,0.015197278000414371,0.6497131586074829
Model 3,19,QuarterlyVolatility_Lag3,0.014277017675340176,0.6639901995658875
Model 3,20,OverallIndex_last1,0.014171674847602844,0.6781618595123291
Model 3,1,QuarterlyVolatility_Lag1,0.23181244730949402,0.23181244730949402
Model 3,2,ESG_climate_related_issues_management_last1,0.06813683360815048,0.2999492883682251
Model 3,3,SP500_QoQ_Lag2,0.03735317662358284,0.33730247616767883
Model 3,4,Spread_cur,0.037322718650102615,0.37462520599365234
Model 3,5,IXIC_QoQ_Lag1,0.02541983127593994,0.4000450372695923
Model 3,6,RediscountRate_QoQ_Lag2_last1,0.0253087617456913,0.4253537952899933
Model 3,7,DJIA_QoQ_Lag2,0.02205594629049301,0.4474097490310669
Model 3,8,RediscountRate_QoQ_Lag3_last1,0.0210725124925375,0.46848225593566895
Model 3,9,DJIA_QoQ_Lag1,0.02079576998949051,0.48927801847457886
Model 3,10,SOX_QoQ,0.020480405539274216,0.5097584128379822
Model 3,11,SOX_QoQ_Lag2,0.0178384929895401,0.5275968909263611
Model 3,12,SOX_QoQ_Lag3,0.017322126775979996,0.5449190139770508
Model 3,13,OverallIndex_last1,0.016429690644145012,0.5613486766815186
Model 3,14,TotalUnempPct_QoQ_Lag3_last1,0.016415851190686226,0.5777645111083984
Model 3,15,FnG_QoQ_Lag2,0.016002822667360306,0.5937673449516296
Model 3,16,OverallIndex_QoQ_last1,0.015625277534127235,0.6093926429748535
Model 3,17,IXIC_QoQ_Lag2,0.015549235045909882,0.624941885471344
Model 3,18,RediscountRate_QoQ_last1,0.014428599737584591,0.6393705010414124
Model 3,19,VIX_QoQ,0.014186683110892773,0.6535571813583374
Model 3,20,DJIA_QoQ,0.014180324040353298,0.6677374839782715
Model 3,1,QuarterlyVolatility_Lag1,0.24102140963077545,0.24102140963077545
Model 3,2,SP500_QoQ_Lag2,0.06818315386772156,0.3092045783996582
Model 3,3,Spread_cur,0.03850693255662918,0.3477115035057068
Model 3,4,ESG_climate_related_issues_management_last1,0.03834773972630501,0.3860592544078827
Model 3,5,SOX_QoQ,0.026518942788243294,0.41257819533348083
Model 3,6,SOX_QoQ_Lag2,0.024646291509270668,0.43722447752952576
Model 3,7,RediscountRate_last1,0.02283187210559845,0.4600563645362854
Model 3,8,IXIC_QoQ_Lag1,0.022417688742280006,0.48247405886650085
Model 3,9,RediscountRate_QoQ_Lag3_last1,0.02021785080432892,0.502691924571991
Model 3,10,DJIA_QoQ_Lag2,0.019244598224759102,0.5219365358352661
Model 3,11,SP500_QoQ,0.018660539761185646,0.5405970811843872
Model 3,12,OverallIndex_QoQ_last1,0.017937520518898964,0.5585346221923828
Model 3,13,FnG_QoQ_Lag3,0.015309753827750683,0.5738443732261658
Model 3,14,VIX_QoQ,0.014967513270676136,0.5888118743896484
Model 3,15,TotalUnempPct_QoQ_Lag3_last1,0.014236756600439548,0.6030486226081848
Model 3,16,FnG_QoQ_Lag2,0.01408739760518074,0.6171360015869141
Model 3,17,SP500_QoQ_Lag1,0.013323580846190453,0.6304596066474915
Model 3,18,TotalUnempPct_last1,0.013216227293014526,0.6436758041381836
Model 3,19,QuarterlyVolatility_Lag3,0.013184375129640102,0.6568601727485657
Model 3,20,IXIC_QoQ,0.013066821731626987,0.6699270009994507
Model 3,1,QuarterlyVolatility_Lag1,0.17981472611427307,0.17981472611427307
Model 3,2,SP500_QoQ_Lag2,0.11997471749782562,0.2997894287109375
Model 3,3,ESG_climate_related_issues_management_last1,0.05476265400648117,0.35455209016799927
Model 3,4,Spread_cur,0.035699717700481415,0.3902518153190613
Model 3,5,IXIC_QoQ_Lag1,0.026940280571579933,0.41719210147857666
Model 3,6,SOX_QoQ,0.02550463192164898,0.4426967203617096
Model 3,7,DJIA_QoQ_Lag2,0.023149851709604263,0.46584656834602356
Model 3,8,RediscountRate_QoQ_Lag3_last1,0.022704096511006355,0.48855066299438477
Model 3,9,SOX_QoQ_Lag2,0.017896952107548714,0.5064476132392883
Model 3,10,FnG_QoQ_Lag3,0.017163671553134918,0.523611307144165
Model 3,11,SP500_QoQ,0.015911879017949104,0.539523184299469
Model 3,12,DJIA_QoQ_Lag3,0.01566198095679283,0.5551851391792297
Model 3,13,RediscountRate_last1,0.015625230967998505,0.5708103775978088
Model 3,14,DJIA_QoQ_Lag1,0.014977585524320602,0.5857879519462585
Model 3,15,TotalUnempPct_QoQ_Lag3_last1,0.014829754829406738,0.6006177067756653
Model 3,16,VIX_QoQ,0.01474758330732584,0.6153652667999268
Model 3,17,OverallIndex_QoQ_last1,0.014578470960259438,0.6299437284469604
Model 3,18,FnG_QoQ_Lag2,0.01396911684423685,0.6439128518104553
Model 3,19,IXIC_QoQ,0.013472573831677437,0.6573854088783264
Model 3,20,DJIA_QoQ,0.01335781067609787,0.6707432270050049
Model 3,1,QuarterlyVolatility_Lag1,0.16783319413661957,0.16783319413661957
Model 3,2,SP500_QoQ_Lag2,0.11339665949344635,0.2812298536300659
Model 3,3,ESG_climate_related_issues_management_last1,0.053765732795000076,0.3349955976009369
Model 3,4,Spread_cur,0.03528842702507973,0.3702840209007263
Model 3,5,IXIC_QoQ_Lag1,0.0287092924118042,0.3989933133125305
Model 3,6,DJIA_QoQ_Lag2,0.026904484257102013,0.4258978068828583
Model 3,7,SOX_QoQ,0.024207692593336105,0.4501054883003235
Model 3,8,RediscountRate_QoQ_Lag3_last1,0.023488955572247505,0.47359445691108704
Model 3,9,FnG_QoQ_Lag3,0.018200697377324104,0.491795152425766
Model 3,10,DJIA_QoQ_Lag1,0.01711181178689003,0.5089069604873657
Model 3,11,RediscountRate_last1,0.017095571383833885,0.5260025262832642
Model 3,12,DJIA_QoQ_Lag3,0.01674892008304596,0.5427514314651489
Model 3,13,SP500_QoQ_Lag1,0.01604282855987549,0.5587942600250244
Model 3,14,TotalUnempPct_QoQ_Lag3_last1,0.01592160016298294,0.5747158527374268
Model 3,15,SOX_QoQ_Lag2,0.015566209331154823,0.5902820825576782
Model 3,16,VIX_QoQ,0.014588133431971073,0.6048702001571655
Model 3,17,OverallIndex_QoQ_last1,0.01423648465424776,0.6191067099571228
Model 3,18,DJIA_QoQ,0.014050454832613468,0.6331571936607361
Model 3,19,SP500_QoQ,0.014036131091415882,0.6471933126449585
Model 3,20,FnG_QoQ_Lag2,0.013422289863228798,0.6606156229972839
Model 4,1,QuarterlyVolatility_Lag1,0.40650045469661067,0.40650045469661067
Model 4,2,QuarterlyVolatility_Lag2,0.1784234592181665,0.5849239139147772
Model 4,3,Spread_cur,0.12813031403225683,0.713054227947034
Model 4,4,QuarterlyVolatility_Lag3,0.0907770426999589,0.8038312706469929
Model 4,5,TradingMoney_cur,0.040587796255573405,0.8444190669025663
Model 4,6,TradingTurnover_cur,0.02615498574565514,0.8705740526482214
Model 4,7,TradingVolume_cur,0.022233091456250166,0.8928071441044716
Model 4,8,Last3mCumulativeRevenueGrowthRate_last1,0.01803589704777081,0.9108430411522423
Model 4,9,ROA_last1,0.015305540272829815,0.9261485814250722
Model 4,10,ROE_last1,0.014973452759398084,0.9411220341844703
Model 4,11,Last3mCumulativeRevenue_last1,0.0076618210819355105,0.9487838552664057
Model 4,12,ClosingPrice_cur,0.005570779418699366,0.9543546346851051
Model 4,13,EPS_last1,0.003964358178749193,0.9583189928638542
Model 4,14,VIX_YoY_Lag2,0.002864963377736153,0.9611839562415904
Model 4,15,GrossMargin_last1,0.002841545586778561,0.9640255018283689
Model 4,16,IXIC_YoY_Lag3,0.002257866709108088,0.966283368537477
Model 4,17,SOX_YoY_Lag3,0.0020165227485589125,0.9682998912860359
Model 4,18,OverallIndex_YoY_Lag1_last1,0.0018910639788797838,0.9701909552649157
Model 4,19,RediscountRate_last1,0.0016637148931645189,0.9718546701580802
Model 4,20,VIX_YoY_Lag1,0.001530514376629809,0.97338518453471
Model 4,1,QuarterlyVolatility_Lag1,0.3796980514657547,0.3796980514657547
Model 4,2,QuarterlyVolatility_Lag2,0.17907909549897605,0.5587771469647307
Model 4,3,Spread_cur,0.15427185118119918,0.7130489981459298
Model 4,4,QuarterlyVolatility_Lag3,0.09095540442918496,0.8040044025751147
Model 4,5,TradingMoney_cur,0.03770846851868529,0.8417128710938
Model 4,6,TradingTurnover_cur,0.026368001532248886,0.8680808726260489
Model 4,7,TradingVolume_cur,0.02395175450187345,0.8920326271279224
Model 4,8,Last3mCumulativeRevenueGrowthRate_last1,0.016565116413078486,0.9085977435410009
Model 4,9,ROE_last1,0.015556727681353168,0.9241544712223541
Model 4,10,ROA_last1,0.01518680437166664,0.9393412755940207
Model 4,11,Last3mCumulativeRevenue_last1,0.008480042345005219,0.9478213179390259
Model 4,12,ClosingPrice_cur,0.006588795489412819,0.9544101134284387
Model 4,13,EPS_last1,0.004446922348418733,0.9588570357768574
Model 4,14,VIX_YoY_Lag2,0.002749486717792895,0.9616065224946503
Model 4,15,GrossMargin_last1,0.002371639276771744,0.963978161771422
Model 4,16,VIX_YoY_Lag1,0.0018023159251887202,0.9657804776966108
Model 4,17,SOX_YoY_Lag3,0.001661127986702479,0.9674416056833133
Model 4,18,OverallIndex_YoY_Lag1_last1,0.00156875674122357,0.9690103624245369
Model 4,19,VIX_YoY_Lag3,0.0015591877643128217,0.9705695501888497
Model 4,20,IXIC_YoY_Lag3,0.0014163749305299022,0.9719859251193796
Model 4,1,QuarterlyVolatility_Lag1,0.37723972078205703,0.37723972078205703
Model 4,2,QuarterlyVolatility_Lag2,0.18378000594936472,0.5610197267314218
Model 4,3,Spread_cur,0.15975332741897802,0.7207730541503998
Model 4,4,QuarterlyVolatility_Lag3,0.08674252480008479,0.8075155789504846
Model 4,5,TradingMoney_cur,0.0370069684187556,0.8445225473692403
Model 4,6,TradingTurnover_cur,0.027071726379924308,0.8715942737491645
Model 4,7,TradingVolume_cur,0.02255380214159826,0.8941480758907628
Model 4,8,ROE_last1,0.015271178101836659,0.9094192539925995
Model 4,9,Last3mCumulativeRevenueGrowthRate_last1,0.015008799016128211,0.9244280530087277
Model 4,10,ROA_last1,0.014967105834010857,0.9393951588427385
Model 4,11,Last3mCumulativeRevenue_last1,0.008753504572380208,0.9481486634151187
Model 4,12,ClosingPrice_cur,0.00689049517854433,0.9550391585936631
Model 4,13,EPS_last1,0.004222957739176103,0.9592621163328392
Model 4,14,GrossMargin_last1,0.0025446463175706163,0.9618067626504098
Model 4,15,VIX_YoY_Lag2,0.0024016475164370128,0.9642084101668468
Model 4,16,VIX_YoY_Lag1,0.0018620614129211616,0.9660704715797679
Model 4,17,OverallIndex_YoY_Lag1_last1,0.0016530067324773945,0.9677234783122453
Model 4,18,VIX_YoY_Lag3,0.0016020177955909075,0.9693254961078361
Model 4,19,SOX_YoY_Lag3,0.0015829279744036702,0.9709084240822398
Model 4,20,TotalUnempPct_YoY_last1,0.0014629230515311406,0.9723713471337709
Model 4,1,QuarterlyVolatility_Lag1,0.40290642279880423,0.40290642279880423
Model 4,2,QuarterlyVolatility_Lag2,0.1764250129784083,0.5793314357772126
Model 4,3,Spread_cur,0.1344542378511621,0.7137856736283746
Model 4,4,QuarterlyVolatility_Lag3,0.08924589635336933,0.803031569981744
Model 4,5,TradingMoney_cur,0.038002731027027906,0.8410343010087719
Model 4,6,TradingTurnover_cur,0.027067030474695324,0.8681013314834671
Model 4,7,TradingVolume_cur,0.023767089579076715,0.8918684210625438
Model 4,8,Last3mCumulativeRevenueGrowthRate_last1,0.020278144034651734,0.9121465650971956
Model 4,9,ROA_last1,0.015304241983541238,0.9274508070807368
Model 4,10,ROE_last1,0.014335392143309419,0.9417861992240462
Model 4,11,Last3mCumulativeRevenue_last1,0.006668778994151837,0.948454978218198
Model 4,12,ClosingPrice_cur,0.005060889059748124,0.9535158672779461
Model 4,13,EPS_last1,0.003954103422083699,0.9574699707000298
Model 4,14,VIX_YoY_Lag2,0.0028599416541212185,0.960329912354151
Model 4,15,IXIC_YoY_Lag3,0.002392910605442355,0.9627228229595933
Model 4,16,GrossMargin_last1,0.0023708335259848114,0.9650936564855781
Model 4,17,SOX_YoY_Lag3,0.0021540498230650084,0.9672477063086431
Model 4,18,OverallIndex_YoY_Lag1_last1,0.0018076952104052312,0.9690554015190483
Model 4,19,RediscountRate_last1,0.0017729709758640578,0.9708283724949124
Model 4,20,IXIC_YoY_Lag1,0.0015187892075232481,0.9723471617024356
Model 4,1,QuarterlyVolatility_Lag1,0.3766410878063279,0.3766410878063279
Model 4,2,QuarterlyVolatility_Lag2,0.17694295788249198,0.5535840456888199
Model 4,3,Spread_cur,0.15531440699501253,0.7088984526838324
Model 4,4,QuarterlyVolatility_Lag3,0.09298322694698072,0.8018816796308131
Model 4,5,TradingMoney_cur,0.03758663836903159,0.8394683179998448
Model 4,6,TradingTurnover_cur,0.027740520174794357,0.8672088381746391
Model 4,7,TradingVolume_cur,0.024621571167625315,0.8918304093422644
Model 4,8,Last3mCumulativeRevenueGrowthRate_last1,0.01762419737973294,0.9094546067219974
Model 4,9,ROE_last1,0.01600267644186252,0.9254572831638599
Model 4,10,ROA_last1,0.015091223483749963,0.9405485066476098
Model 4,11,Last3mCumulativeRevenue_last1,0.008037692003879942,0.9485861986514897
Model 4,12,ClosingPrice_cur,0.006441288093097729,0.9550274867445875
Model 4,13,EPS_last1,0.004325016526574123,0.9593525032711616
Model 4,14,VIX_YoY_Lag2,0.002855344310342297,0.9622078475815039
Model 4,15,GrossMargin_last1,0.0022146078027368613,0.9644224553842408
Model 4,16,SOX_YoY_Lag3,0.0017675545515121855,0.966190009935753
Model 4,17,VIX_YoY_Lag1,0.0016200431560118107,0.9678100530917648
Model 4,18,IXIC_YoY_Lag3,0.001548565928356158,0.969358619020121
Model 4,19,VIX_YoY_Lag3,0.001527116130308983,0.97088573515043
Model 4,20,OverallIndex_YoY_Lag1_last1,0.0014331380971979277,0.9723188732476279
Model 4,1,QuarterlyVolatility_Lag1,0.37288765205397595,0.37288765205397595
Model 4,2,QuarterlyVolatility_Lag2,0.18159743335232137,0.5544850854062973
Model 4,3,Spread_cur,0.1622121788682987,0.7166972642745959
Model 4,4,QuarterlyVolatility_Lag3,0.08961851606739091,0.8063157803419868
Model 4,5,TradingMoney_cur,0.03695130220431626,0.8432670825463031
Model 4,6,TradingTurnover_cur,0.028920456387745447,0.8721875389340485
Model 4,7,TradingVolume_cur,0.02252707531136003,0.8947146142454085
Model 4,8,ROE_last1,0.0159846728711739,0.9106992871165824
Model 4,9,Last3mCumulativeRevenueGrowthRate_last1,0.01545956760111814,0.9261588547177005
Model 4,10,ROA_last1,0.014548043587632682,0.9407068983053333
Model 4,11,Last3mCumulativeRevenue_last1,0.008495577132353186,0.9492024754376864
Model 4,12,ClosingPrice_cur,0.006257516386827444,0.9554599918245139
Model 4,13,EPS_last1,0.003950439237961962,0.9594104310624759
Model 4,14,VIX_YoY_Lag2,0.0025210320860441352,0.9619314631485201
Model 4,15,GrossMargin_last1,0.0024099342064546688,0.9643413973549747
Model 4,16,VIX_YoY_Lag1,0.00175461927445643,0.9660960166294311
Model 4,17,SOX_YoY_Lag3,0.001634436193337356,0.9677304528227685
Model 4,18,VIX_YoY_Lag3,0.0015829976938815363,0.96931345051665
Model 4,19,OverallIndex_YoY_Lag1_last1,0.001566286887260702,0.9708797374039106
Model 4,20,IXIC_YoY_Lag3,0.0015051481277203902,0.972384885531631
Model 4,1,QuarterlyVolatility_Lag1,0.4113947945688741,0.4113947945688741
Model 4,2,QuarterlyVolatility_Lag2,0.1789684400542531,0.5903632346231272
Model 4,3,Spread_cur,0.13675968439314357,0.7271229190162708
Model 4,4,QuarterlyVolatility_Lag3,0.0824874653701676,0.8096103843864384
Model 4,5,TradingMoney_cur,0.03801090436316468,0.8476212887496031
Model 4,6,TradingTurnover_cur,0.026905390144412875,0.8745266788940159
Model 4,7,TradingVolume_cur,0.02413874585403295,0.8986654247480489
Model 4,8,Last3mCumulativeRevenueGrowthRate_last1,0.018274334372911736,0.9169397591209606
Model 4,9,ROE_last1,0.014901610633894963,0.9318413697548555
Model 4,10,ROA_last1,0.01385144485272101,0.9456928146075766
Model 4,11,Last3mCumulativeRevenue_last1,0.006901176972890241,0.9525939915804669
Model 4,12,ClosingPrice_cur,0.0042777757972523615,0.9568717673777193
Model 4,13,EPS_last1,0.003573018062208198,0.9604447854399275
Model 4,14,VIX_YoY_Lag2,0.0027943795982348324,0.9632391650381623
Model 4,15,SOX_YoY_Lag3,0.0022558659399768365,0.9654950309781392
Model 4,16,GrossMargin_last1,0.002222505888716542,0.9677175368668557
Model 4,17,IXIC_YoY_Lag3,0.0019943557681223237,0.969711892634978
Model 4,18,IXIC_YoY_Lag1,0.0016877600273943433,0.9713996526623724
Model 4,19,RediscountRate_last1,0.001538700012473162,0.9729383526748455
Model 4,20,VIX_YoY_Lag1,0.0014956801729659817,0.9744340328478115
Model 4,1,QuarterlyVolatility_Lag1,0.38151674289859305,0.38151674289859305
Model 4,2,QuarterlyVolatility_Lag2,0.18095015492670546,0.5624668978252985
Model 4,3,Spread_cur,0.15863641885042815,0.7211033166757266
Model 4,4,QuarterlyVolatility_Lag3,0.08876041544420528,0.8098637321199319
Model 4,5,TradingMoney_cur,0.037800265860981015,0.847663997980913
Model 4,6,TradingTurnover_cur,0.02626341459380941,0.8739274125747224
Model 4,7,TradingVolume_cur,0.02383158134092339,0.8977589939156458
Model 4,8,Last3mCumulativeRevenueGrowthRate_last1,0.016134642759536078,0.913893636675182
Model 4,9,ROE_last1,0.015536699636004188,0.9294303363111862
Model 4,10,ROA_last1,0.013969639210167485,0.9433999755213537
Model 4,11,Last3mCumulativeRevenue_last1,0.007948353576670156,0.9513483290980238
Model 4,12,ClosingPrice_cur,0.005757018201047604,0.9571053472990714
Model 4,13,EPS_last1,0.003513853700822972,0.9606192009998944
Model 4,14,VIX_YoY_Lag2,0.0025561744269766997,0.9631753754268711
Model 4,15,GrossMargin_last1,0.0022061898110116605,0.9653815652378828
Model 4,16,SOX_YoY_Lag3,0.001872916349893615,0.9672544815877764
Model 4,17,VIX_YoY_Lag1,0.0017405411340689105,0.9689950227218453
Model 4,18,IXIC_YoY_Lag3,0.0015708918972350933,0.9705659146190805
Model 4,19,VIX_YoY_Lag3,0.0014206143598031388,0.9719865289788836
Model 4,20,TotalUnempPct_YoY_Lag1_last1,0.0014135220327659039,0.9734000510116495
Model 4,1,QuarterlyVolatility_Lag1,0.37844819800747814,0.37844819800747814
Model 4,2,QuarterlyVolatility_Lag2,0.18278474678315657,0.5612329447906347
Model 4,3,Spread_cur,0.16340920112471394,0.7246421459153486
Model 4,4,QuarterlyVolatility_Lag3,0.08805701609151129,0.8126991620068599
Model 4,5,TradingMoney_cur,0.03705915453937867,0.8497583165462386
Model 4,6,TradingTurnover_cur,0.027419907464987767,0.8771782240112264
Model 4,7,TradingVolume_cur,0.022539777837742355,0.8997180018489687
Model 4,8,ROE_last1,0.015137809640253902,0.9148558114892226
Model 4,9,Last3mCumulativeRevenueGrowthRate_last1,0.014478136403500446,0.9293339478927231
Model 4,10,ROA_last1,0.013779172485432424,0.9431131203781555
Model 4,11,Last3mCumulativeRevenue_last1,0.008393429723722068,0.9515065501018776
Model 4,12,ClosingPrice_cur,0.005703398724818455,0.9572099488266961
Model 4,13,EPS_last1,0.0032757893556929186,0.960485738182389
Model 4,14,GrossMargin_last1,0.002381191884527323,0.9628669300669164
Model 4,15,VIX_YoY_Lag2,0.0023743570418911612,0.9652412871088075
Model 4,16,VIX_YoY_Lag1,0.001718080572220018,0.9669593676810275
Model 4,17,SOX_YoY_Lag3,0.0017177981553747896,0.9686771658364023
Model 4,18,IXIC_YoY_Lag3,0.0015725448816221275,0.9702497107180245
Model 4,19,TotalUnempPct_YoY_last1,0.0015066961080386861,0.9717564068260631
Model 4,20,VIX_YoY_Lag3,0.0015016330775756881,0.9732580399036388
Model 4,1,QuarterlyVolatility_Lag1,0.3401577205461555,0.3401577205461555
Model 4,2,QuarterlyVolatility_Lag2,0.1720802430019864,0.5122379635481419
Model 4,3,Spread_cur,0.1508676422728853,0.6631056058210272
Model 4,4,QuarterlyVolatility_Lag3,0.08762963932719954,0.7507352451482268
Model 4,5,TradingVolume_cur,0.03910397256561681,0.7898392177138436
Model 4,6,TradingTurnover_cur,0.037103322387373884,0.8269425401012175
Model 4,7,TradingMoney_cur,0.034211032514849,0.8611535726160665
Model 4,8,Last3mCumulativeRevenueGrowthRate_last1,0.02190763530908804,0.8830612079251545
Model 4,9,ROE_last1,0.017935682881659556,0.9009968908068141
Model 4,10,ROA_last1,0.01641577747659098,0.9174126682834051
Model 4,11,Last3mCumulativeRevenue_last1,0.01235164888114177,0.9297643171645469
Model 4,12,ClosingPrice_cur,0.008036717330042974,0.9378010344945898
Model 4,13,EPS_last1,0.007717658632965293,0.9455186931275551
Model 4,14,GrossMargin_last1,0.004117545316173553,0.9496362384437287
Model 4,15,SOX_YoY_Lag3,0.003738949050952613,0.9533751874946813
Model 4,16,VIX_YoY_Lag2,0.003154997365119186,0.9565301848598005
Model 4,17,VIX_YoY_Lag1,0.002898270494748871,0.9594284553545493
Model 4,18,RediscountRate_last1,0.0024134066075814577,0.9618418619621308
Model 4,19,IXIC_YoY,0.0018848620230200066,0.9637267239851508
Model 4,20,IXIC_YoY_Lag3,0.0017452284274531097,0.9654719524126039
Model 4,1,QuarterlyVolatility_Lag1,0.3193968908787981,0.3193968908787981
Model 4,2,QuarterlyVolatility_Lag2,0.1863611817930986,0.5057580726718967
Model 4,3,Spread_cur,0.1492456232922338,0.6550036959641304
Model 4,4,QuarterlyVolatility_Lag3,0.08741809599132751,0.742421791955458
Model 4,5,TradingMoney_cur,0.03855086932620613,0.7809726612816641
Model 4,6,TradingVolume_cur,0.03738135533715649,0.8183540166188206
Model 4,7,TradingTurnover_cur,0.03680361773206672,0.8551576343508873
Model 4,8,Last3mCumulativeRevenueGrowthRate_last1,0.021290615009585886,0.8764482493604732
Model 4,9,ROE_last1,0.019721024269271043,0.8961692736297442
Model 4,10,ROA_last1,0.016182826332741797,0.912352099962486
Model 4,11,Last3mCumulativeRevenue_last1,0.012838914959069104,0.9251910149215551
Model 4,12,ClosingPrice_cur,0.009529934180932316,0.9347209491024874
Model 4,13,EPS_last1,0.007116986794456767,0.9418379358969441
Model 4,14,GrossMargin_last1,0.0046745292437330764,0.9465124651406772
Model 4,15,SOX_YoY_Lag3,0.003177007334494733,0.949689472475172
Model 4,16,VIX_YoY_Lag2,0.003086890218043176,0.9527763626932152
Model 4,17,VIX_YoY_Lag3,0.002738686597152775,0.955515049290368
Model 4,18,RediscountRate_last1,0.002571610364732055,0.9580866596551001
Model 4,19,VIX_YoY_Lag1,0.002480291932375719,0.9605669515874758
Model 4,20,TotalUnempPct_YoY_last1,0.001982353777616181,0.962549305365092
Model 4,1,QuarterlyVolatility_Lag1,0.3170808607871165,0.3170808607871165
Model 4,2,QuarterlyVolatility_Lag2,0.18203647011188046,0.49911733089899696
Model 4,3,Spread_cur,0.16186315227171283,0.6609804831707098
Model 4,4,QuarterlyVolatility_Lag3,0.09049584489811958,0.7514763280688294
Model 4,5,TradingMoney_cur,0.04049126425758027,0.7919675923264097
Model 4,6,TradingTurnover_cur,0.03618046257430133,0.828148054900711
Model 4,7,TradingVolume_cur,0.03291396668744003,0.861062021588151
Model 4,8,ROE_last1,0.019423308590102478,0.8804853301782535
Model 4,9,Last3mCumulativeRevenueGrowthRate_last1,0.018956065924831757,0.8994413961030853
Model 4,10,ROA_last1,0.016128984865552604,0.9155703809686379
Model 4,11,Last3mCumulativeRevenue_last1,0.012344861265218018,0.9279152422338559
Model 4,12,ClosingPrice_cur,0.009637191900256081,0.9375524341341119
Model 4,13,EPS_last1,0.006558060231284229,0.9441104943653962
Model 4,14,GrossMargin_last1,0.004109932901910659,0.9482204272673068
Model 4,15,VIX_YoY_Lag2,0.002925554505772717,0.9511459817730795
Model 4,16,SOX_YoY_Lag3,0.0028267775891635924,0.9539727593622431
Model 4,17,VIX_YoY_Lag1,0.0025647906153994727,0.9565375499776426
Model 4,18,VIX_YoY_Lag3,0.002413251870069648,0.9589508018477123
Model 4,19,RediscountRate_last1,0.0022697915850941478,0.9612205934328064
Model 4,20,TotalUnempPct_YoY_last1,0.002004205704091515,0.963224799136898
Model 4,1,QuarterlyVolatility_Lag1,0.3336055711382717,0.3336055711382717
Model 4,2,QuarterlyVolatility_Lag2,0.1623180294423067,0.4959236005805784
Model 4,3,Spread_cur,0.15848415654741463,0.654407757127993
Model 4,4,QuarterlyVolatility_Lag3,0.09037619394466415,0.7447839510726572
Model 4,5,TradingVolume_cur,0.04047915302809061,0.7852631041007477
Model 4,6,TradingMoney_cur,0.038145370025708364,0.8234084741264561
Model 4,7,TradingTurnover_cur,0.03621328617382133,0.8596217603002775
Model 4,8,Last3mCumulativeRevenueGrowthRate_last1,0.02292579590365993,0.8825475562039374
Model 4,9,ROE_last1,0.01745638776141335,0.9000039439653508
Model 4,10,ROA_last1,0.017090136275385966,0.9170940802407367
Model 4,11,Last3mCumulativeRevenue_last1,0.011840087190585198,0.9289341674313218
Model 4,12,ClosingPrice_cur,0.009424959922165898,0.9383591273534877
Model 4,13,EPS_last1,0.007882707759395204,0.946241835112883
Model 4,14,GrossMargin_last1,0.0037500099650829115,0.9499918450779659
Model 4,15,SOX_YoY_Lag3,0.003733505942566219,0.9537253510205321
Model 4,16,VIX_YoY_Lag1,0.0034304710479198617,0.957155822068452
Model 4,17,VIX_YoY_Lag2,0.0029220019283208963,0.9600778239967729
Model 4,18,RediscountRate_last1,0.002840716876210825,0.9629185408729837
Model 4,19,DJIA_YoY_Lag3,0.0019157903307152413,0.9648343312036989
Model 4,20,IXIC_YoY_Lag3,0.0017691965410121396,0.966603527744711
Model 4,1,QuarterlyVolatility_Lag1,0.3219694785790533,0.3219694785790533
Model 4,2,QuarterlyVolatility_Lag2,0.18487613932952404,0.5068456179085773
Model 4,3,Spread_cur,0.15507541209801665,0.661921030006594
Model 4,4,QuarterlyVolatility_Lag3,0.08514798608325826,0.7470690160898522
Model 4,5,TradingVolume_cur,0.03827834298607285,0.785347359075925
Model 4,6,TradingMoney_cur,0.03817322890146469,0.8235205879773897
Model 4,7,TradingTurnover_cur,0.035979750794157,0.8595003387715467
Model 4,8,Last3mCumulativeRevenueGrowthRate_last1,0.021528055784269855,0.8810283945558166
Model 4,9,ROE_last1,0.018527213404519703,0.8995556079603363
Model 4,10,ROA_last1,0.01631388310057416,0.9158694910609104
Model 4,11,Last3mCumulativeRevenue_last1,0.01207307028407691,0.9279425613449873
Model 4,12,ClosingPrice_cur,0.010060214218018055,0.9380027755630054
Model 4,13,EPS_last1,0.006460942552666612,0.944463718115672
Model 4,14,GrossMargin_last1,0.004189794307553373,0.9486535124232254
Model 4,15,SOX_YoY_Lag3,0.003141462949890318,0.9517949753731157
Model 4,16,VIX_YoY_Lag2,0.002903781506582954,0.9546987568796987
Model 4,17,RediscountRate_last1,0.0026675025208721353,0.9573662594005709
Model 4,18,VIX_YoY_Lag3,0.00266747894743552,0.9600337383480064
Model 4,19,VIX_YoY_Lag1,0.002589439856556945,0.9626231782045633
Model 4,20,TotalUnempPct_YoY_last1,0.0018804012543345257,0.9645035794588979
Model 4,1,QuarterlyVolatility_Lag1,0.3273615040485701,0.3273615040485701
Model 4,2,QuarterlyVolatility_Lag2,0.18150472365349757,0.5088662277020677
Model 4,3,Spread_cur,0.16432080553867232,0.67318703324074
Model 4,4,QuarterlyVolatility_Lag3,0.08704092575337163,0.7602279589941117
Model 4,5,TradingMoney_cur,0.038061474416920135,0.7982894334110318
Model 4,6,TradingTurnover_cur,0.03562552772387009,0.8339149611349018
Model 4,7,TradingVolume_cur,0.03283075755400855,0.8667457186889104
Model 4,8,Last3mCumulativeRevenueGrowthRate_last1,0.018639809362749324,0.8853855280516597
Model 4,9,ROE_last1,0.018064625228053882,0.9034501532797136
Model 4,10,ROA_last1,0.015839547269717057,0.9192897005494306
Model 4,11,Last3mCumulativeRevenue_last1,0.01178022958928766,0.9310699301387183
Model 4,12,ClosingPrice_cur,0.009642740462556532,0.9407126706012748
Model 4,13,EPS_last1,0.0060987084396704186,0.9468113790409453
Model 4,14,GrossMargin_last1,0.0037424304032973644,0.9505538094442426
Model 4,15,VIX_YoY_Lag2,0.0027116283738040565,0.9532654378180466
Model 4,16,VIX_YoY_Lag1,0.002707612587167696,0.9559730504052143
Model 4,17,SOX_YoY_Lag3,0.002699180896146433,0.9586722313013607
Model 4,18,VIX_YoY_Lag3,0.0024347276177382276,0.9611069589190989
Model 4,19,RediscountRate_last1,0.002371518038790143,0.963478476957889
Model 4,20,TotalUnempPct_YoY_last1,0.0018935781401568884,0.9653720550980459
Model 4,1,QuarterlyVolatility_Lag1,0.3408436375204178,0.3408436375204178
Model 4,2,QuarterlyVolatility_Lag2,0.1740381813900509,0.5148818189104687
Model 4,3,Spread_cur,0.1516449312352139,0.6665267501456826
Model 4,4,QuarterlyVolatility_Lag3,0.08106976819771589,0.7475965183433986
Model 4,5,TradingMoney_cur,0.04316907492182214,0.7907655932652207
Model 4,6,TradingVolume_cur,0.03968879801763107,0.8304543912828517
Model 4,7,TradingTurnover_cur,0.034173212698559725,0.8646276039814115
Model 4,8,Last3mCumulativeRevenueGrowthRate_last1,0.02204609565803486,0.8866736996394463
Model 4,9,ROE_last1,0.017963348446343046,0.9046370480857894
Model 4,10,ROA_last1,0.015619213816575436,0.9202562619023648
Model 4,11,Last3mCumulativeRevenue_last1,0.01144985958338281,0.9317061214857476
Model 4,12,ClosingPrice_cur,0.007815367697391197,0.9395214891831388
Model 4,13,EPS_last1,0.0071357627763631555,0.946657251959502
Model 4,14,SOX_YoY_Lag3,0.003685271813550599,0.9503425237730526
Model 4,15,VIX_YoY_Lag1,0.003527039822200889,0.9538695635952535
Model 4,16,GrossMargin_last1,0.0031638692446724235,0.9570334328399259
Model 4,17,VIX_YoY_Lag2,0.002765437456366021,0.959798870296292
Model 4,18,RediscountRate_last1,0.002568993185809712,0.9623678634821017
Model 4,19,VIX_YoY_Lag3,0.0019928242770544044,0.9643606877591561
Model 4,20,SOX_YoY,0.0018264285966746335,0.9661871163558307
Model 4,1,QuarterlyVolatility_Lag1,0.32895870379743575,0.32895870379743575
Model 4,2,QuarterlyVolatility_Lag2,0.18847580749867035,0.5174345112961061
Model 4,3,Spread_cur,0.15136807431172503,0.6688025856078311
Model 4,4,QuarterlyVolatility_Lag3,0.08283934630418961,0.7516419319120208
Model 4,5,TradingVolume_cur,0.0388534533137806,0.7904953852258014
Model 4,6,TradingMoney_cur,0.0373111896785831,0.8278065749043846
Model 4,7,TradingTurnover_cur,0.037192415175112126,0.8649989900794968
Model 4,8,Last3mCumulativeRevenueGrowthRate_last1,0.020048834966317458,0.8850478250458143
Model 4,9,ROE_last1,0.018002742942218746,0.903050567988033
Model 4,10,ROA_last1,0.014929428371982384,0.9179799963600154
Model 4,11,Last3mCumulativeRevenue_last1,0.01127056099927939,0.9292505573592947
Model 4,12,ClosingPrice_cur,0.0091302748268104,0.9383808321861051
Model 4,13,EPS_last1,0.006644711022080553,0.9450255432081857
Model 4,14,GrossMargin_last1,0.003505849477402392,0.9485313926855881
Model 4,15,SOX_YoY_Lag3,0.0029556882327223767,0.9514870809183105
Model 4,16,VIX_YoY_Lag2,0.0028069629805801124,0.9542940438988906
Model 4,17,VIX_YoY_Lag3,0.0027082755975429773,0.9570023194964336
Model 4,18,VIX_YoY_Lag1,0.002630381341300714,0.9596327008377342
Model 4,19,RediscountRate_last1,0.0026129027352910796,0.9622456035730254
Model 4,20,TotalUnempPct_YoY_last1,0.001674960375229705,0.9639205639482551
Model 4,1,QuarterlyVolatility_Lag1,0.32885475663741703,0.32885475663741703
Model 4,2,QuarterlyVolatility_Lag2,0.18068503097944336,0.5095397876168604
Model 4,3,Spread_cur,0.16459331049278866,0.674133098109649
Model 4,4,QuarterlyVolatility_Lag3,0.08776310459516518,0.7618962027048142
Model 4,5,TradingMoney_cur,0.037331712835592085,0.7992279155404063
Model 4,6,TradingTurnover_cur,0.0368681676857021,0.8360960832261084
Model 4,7,TradingVolume_cur,0.033590051434035144,0.8696861346601436
Model 4,8,Last3mCumulativeRevenueGrowthRate_last1,0.018087185503990477,0.887773320164134
Model 4,9,ROE_last1,0.018076147676770227,0.9058494678409043
Model 4,10,ROA_last1,0.015146154037891577,0.9209956218787958
Model 4,11,Last3mCumulativeRevenue_last1,0.01130518909994167,0.9323008109787375
Model 4,12,ClosingPrice_cur,0.008915714502585053,0.9412165254813226
Model 4,13,EPS_last1,0.005892286604594591,0.9471088120859172
Model 4,14,GrossMargin_last1,0.003551892447876143,0.9506607045337934
Model 4,15,VIX_YoY_Lag2,0.0027722713474168147,0.9534329758812102
Model 4,16,VIX_YoY_Lag1,0.0026407198491476083,0.9560736957303578
Model 4,17,SOX_YoY_Lag3,0.002610261845822519,0.9586839575761803
Model 4,18,RediscountRate_last1,0.002473373118883934,0.9611573306950643
Model 4,19,VIX_YoY_Lag3,0.002409726405614827,0.9635670571006791
Model 4,20,TotalUnempPct_YoY_last1,0.0016734849381462135,0.9652405420388254
Model 4,1,QuarterlyVolatility_Lag1,0.8799095847678242,0.8799095847678242
Model 4,2,Spread_cur,0.0850815197786399,0.9649911045464641
Model 4,3,QuarterlyVolatility_Lag3,0.015145117931911905,0.980136222478376
Model 4,4,QuarterlyVolatility_Lag2,0.0030170429316209836,0.9831532654099969
Model 4,5,ROE_last1,0.0020063012159915418,0.9851595666259885
Model 4,6,FnG_YoY,0.0011674376212726662,0.9863270042472612
Model 4,7,FnG_YoY_Lag2,0.0010909834636407354,0.987417987710902
Model 4,8,TradingMoney_cur,0.0009890063792823301,0.9884069940901843
Model 4,9,Last3mCumulativeRevenueGrowthRate_last1,0.0009232184954094818,0.9893302125855937
Model 4,10,ROA_last1,0.0008815492438664482,0.9902117618294601
Model 4,11,FnG_YoY_Lag1,0.0006799517097268214,0.9908917135391869
Model 4,12,TotalUnempPct_YoY_Lag3_last1,0.0006576259869494361,0.9915493395261363
Model 4,13,VIX_YoY_Lag1,0.000609470531313871,0.9921588100574502
Model 4,14,OverallIndex_YoY_last1,0.0005993965150089349,0.9927582065724592
Model 4,15,IXIC_YoY_Lag1,0.0005185378562755445,0.9932767444287347
Model 4,16,SP500_YoY,0.0005088662794584909,0.9937856107081932
Model 4,17,TradingVolume_cur,0.00044614163916014896,0.9942317523473533
Model 4,18,IXIC_YoY_Lag2,0.00041178662033788884,0.9946435389676912
Model 4,19,RediscountRate_YoY_Lag3_last1,0.0003473209827409879,0.9949908599504322
Model 4,20,OverallIndex_YoY_Lag2_last1,0.0003375247029666072,0.9953283846533988
Model 4,1,QuarterlyVolatility_Lag1,0.8798102002592101,0.8798102002592101
Model 4,2,Spread_cur,0.08585359840853113,0.9656637986677412
Model 4,3,QuarterlyVolatility_Lag3,0.014711992424936319,0.9803757910926776
Model 4,4,QuarterlyVolatility_Lag2,0.0025103544335348684,0.9828861455262125
Model 4,5,ROE_last1,0.002269420769337447,0.9851555662955499
Model 4,6,FnG_YoY,0.0010345638750734675,0.9861901301706234
Model 4,7,Last3mCumulativeRevenueGrowthRate_last1,0.0010062106522045595,0.9871963408228279
Model 4,8,ROA_last1,0.0009115689869020504,0.98810790980973
Model 4,9,TradingMoney_cur,0.0007489283718660203,0.988856838181596
Model 4,10,TotalUnempPct_YoY_Lag3_last1,0.0007173661013155728,0.9895742042829115
Model 4,11,FnG_YoY_Lag2,0.0007009882506654108,0.990275192533577
Model 4,12,SP500_YoY,0.0006730890743513614,0.9909482816079284
Model 4,13,TradingVolume_cur,0.000636480070900371,0.9915847616788287
Model 4,14,Last3mCumulativeRevenue_last1,0.000636398006818707,0.9922211596856474
Model 4,15,IXIC_YoY_Lag1,0.000565640704027616,0.992786800389675
Model 4,16,OverallIndex_YoY_last1,0.0005075554705567813,0.9932943558602318
Model 4,17,VIX_YoY_Lag1,0.0004783828125804944,0.9937727386728124
Model 4,18,FnG_YoY_Lag1,0.00047248336247577975,0.9942452220352881
Model 4,19,TotalUnempPct_YoY_last1,0.00042049172468453585,0.9946657137599726
Model 4,20,IXIC_YoY_Lag2,0.00038129156660894424,0.9950470053265815
Model 4,1,QuarterlyVolatility_Lag1,0.8801975256306274,0.8801975256306274
Model 4,2,Spread_cur,0.08576023328765583,0.9659577589182832
Model 4,3,QuarterlyVolatility_Lag3,0.01452491680438015,0.9804826757226633
Model 4,4,ROE_last1,0.00246649321139197,0.9829491689340553
Model 4,5,QuarterlyVolatility_Lag2,0.002301218748288499,0.9852503876823437
Model 4,6,FnG_YoY,0.0010899279367540514,0.9863403156190977
Model 4,7,Last3mCumulativeRevenueGrowthRate_last1,0.0009120064106748001,0.9872523220297725
Model 4,8,ROA_last1,0.0008656525460006993,0.9881179745757732
Model 4,9,TotalUnempPct_YoY_Lag3_last1,0.0007831228467556883,0.9889010974225289
Model 4,10,TradingVolume_cur,0.0007337663068609862,0.9896348637293898
Model 4,11,TradingMoney_cur,0.0007203329175503303,0.9903551966469402
Model 4,12,FnG_YoY_Lag2,0.0007054778108394582,0.9910606744577796
Model 4,13,Last3mCumulativeRevenue_last1,0.0006463357952641557,0.9917070102530438
Model 4,14,SP500_YoY,0.0006220803665558898,0.9923290906195996
Model 4,15,VIX_YoY_Lag1,0.0005156396136991167,0.9928447302332988
Model 4,16,FnG_YoY_Lag1,0.0005047776693937036,0.9933495079026925
Model 4,17,OverallIndex_YoY_last1,0.0004898993140955482,0.9938394072167881
Model 4,18,IXIC_YoY_Lag1,0.00048799356211273845,0.9943274007789008
Model 4,19,TotalUnempPct_YoY_last1,0.0004258738314382646,0.994753274610339
Model 4,20,TradingTurnover_cur,0.00039949365248532814,0.9951527682628244
Model 4,1,QuarterlyVolatility_Lag1,0.8851159786458749,0.8851159786458749
Model 4,2,Spread_cur,0.08539068014696885,0.9705066587928437
Model 4,3,QuarterlyVolatility_Lag3,0.01464551189726262,0.9851521706901063
Model 4,4,QuarterlyVolatility_Lag2,0.0016670729518632966,0.9868192436419696
Model 4,5,ROE_last1,0.0015586157720391448,0.9883778594140088
Model 4,6,FnG_YoY,0.001042636864664683,0.9894204962786735
Model 4,7,TradingMoney_cur,0.001026152723712535,0.990446649002386
Model 4,8,Last3mCumulativeRevenueGrowthRate_last1,0.0009559783213109735,0.991402627323697
Model 4,9,FnG_YoY_Lag2,0.0008210534378944683,0.9922236807615915
Model 4,10,TotalUnempPct_YoY_Lag3_last1,0.0007139118089399336,0.9929375925705315
Model 4,11,ROA_last1,0.0007065401834925127,0.993644132754024
Model 4,12,SP500_YoY,0.0005765713996170941,0.994220704153641
Model 4,13,IXIC_YoY_Lag2,0.0004354535080500945,0.9946561576616911
Model 4,14,OverallIndex_YoY_last1,0.00039112632465460143,0.9950472839863458
Model 4,15,TradingVolume_cur,0.00036885804478350043,0.9954161420311293
Model 4,16,RediscountRate_YoY_Lag3_last1,0.0003656267040111601,0.9957817687351405
Model 4,17,IXIC_YoY_Lag1,0.00034744182568009546,0.9961292105608206
Model 4,18,GrossMargin_last1,0.00034317980586703005,0.9964723903666877
Model 4,19,DJIA_YoY,0.0002977017508768508,0.9967700921175645
Model 4,20,DJIA_YoY_Lag1,0.0002748981846102839,0.9970449903021747
Model 4,1,QuarterlyVolatility_Lag1,0.8847113966513802,0.8847113966513802
Model 4,2,Spread_cur,0.08628350495049587,0.9709949016018761
Model 4,3,QuarterlyVolatility_Lag3,0.014014737667347501,0.9850096392692236
Model 4,4,ROE_last1,0.001842781416217042,0.9868524206854407
Model 4,5,QuarterlyVolatility_Lag2,0.001545740829254655,0.9883981615146953
Model 4,6,FnG_YoY,0.0010039903483042387,0.9894021518629995
Model 4,7,Last3mCumulativeRevenueGrowthRate_last1,0.0009464174027656917,0.9903485692657652
Model 4,8,TradingMoney_cur,0.0008249118758718372,0.9911734811416371
Model 4,9,TotalUnempPct_YoY_Lag3_last1,0.0007398077308760052,0.9919132888725131
Model 4,10,ROA_last1,0.000706440839014589,0.9926197297115277
Model 4,11,SP500_YoY,0.0006718818892696006,0.9932916116007973
Model 4,12,FnG_YoY_Lag2,0.0006098285043811442,0.9939014401051784
Model 4,13,IXIC_YoY_Lag1,0.0005211312216005248,0.994422571326779
Model 4,14,TradingVolume_cur,0.0004899832611055713,0.9949125545878846
Model 4,15,IXIC_YoY_Lag2,0.0003871136258186413,0.9952996682137033
Model 4,16,RediscountRate_YoY_Lag3_last1,0.00033254967798059096,0.9956322178916839
Model 4,17,DJIA_YoY_Lag1,0.0003055821498960367,0.99593780004158
Model 4,18,DJIA_YoY,0.00029118602132540474,0.9962289860629053
Model 4,19,OverallIndex_YoY_last1,0.00026844139667982783,0.9964974274595851
Model 4,20,TotalUnempPct_YoY_last1,0.0002472018609648046,0.99674462932055
Model 4,1,QuarterlyVolatility_Lag1,0.8850485043593523,0.8850485043593523
Model 4,2,Spread_cur,0.08609904169137646,0.9711475460507288
Model 4,3,QuarterlyVolatility_Lag3,0.0140602276133508,0.9852077736640796
Model 4,4,ROE_last1,0.0018699862412487579,0.9870777599053284
Model 4,5,QuarterlyVolatility_Lag2,0.0015238906307642487,0.9886016505360927
Model 4,6,FnG_YoY,0.0011317613035049183,0.9897334118395976
Model 4,7,Last3mCumulativeRevenueGrowthRate_last1,0.0008935106943982189,0.9906269225339959
Model 4,8,TotalUnempPct_YoY_Lag3_last1,0.0007941835031843864,0.9914211060371803
Model 4,9,TradingMoney_cur,0.0006750864445783367,0.9920961924817586
Model 4,10,ROA_last1,0.0006337293552903098,0.9927299218370489
Model 4,11,FnG_YoY_Lag2,0.00062799059980777,0.9933579124368567
Model 4,12,SP500_YoY,0.0005628850172127568,0.9939207974540695
Model 4,13,TradingVolume_cur,0.0005106606345817086,0.9944314580886512
Model 4,14,IXIC_YoY_Lag1,0.0004619794934719335,0.9948934375821231
Model 4,15,IXIC_YoY_Lag2,0.00035565771677864365,0.9952490952989017
Model 4,16,TotalUnempPct_YoY_last1,0.0003023823705881708,0.9955514776694899
Model 4,17,RediscountRate_YoY_Lag3_last1,0.00028616947135153356,0.9958376471408414
Model 4,18,DJIA_YoY_Lag1,0.0002849133760235198,0.996122560516865
Model 4,19,DJIA_YoY,0.0002795059136434097,0.9964020664305084
Model 4,20,OverallIndex_YoY_last1,0.0002489724985940603,0.9966510389291025
Model 4,1,QuarterlyVolatility_Lag1,0.8883282922945397,0.8883282922945397
Model 4,2,Spread_cur,0.08539982745774477,0.9737281197522845
Model 4,3,QuarterlyVolatility_Lag3,0.014353984686295422,0.9880821044385799
Model 4,4,QuarterlyVolatility_Lag2,0.0015106017142946988,0.9895927061528746
Model 4,5,ROE_last1,0.0009081517313792018,0.9905008578842538
Model 4,6,FnG_YoY,0.000874652896098708,0.9913755107803525
Model 4,7,Last3mCumulativeRevenueGrowthRate_last1,0.0008680352317042024,0.9922435460120567
Model 4,8,FnG_YoY_Lag2,0.0008601358956260615,0.9931036819076827
Model 4,9,TotalUnempPct_YoY_Lag3_last1,0.0005865563412032502,0.993690238248886
Model 4,10,SP500_YoY,0.0005605009955655727,0.9942507392444516
Model 4,11,IXIC_YoY_Lag2,0.00044238120383312664,0.9946931204482847
Model 4,12,IXIC_YoY_Lag1,0.00039808158680156713,0.9950912020350863
Model 4,13,RediscountRate_YoY_Lag3_last1,0.00036987514645663006,0.9954610771815429
Model 4,14,TotalUnempPct_YoY_Lag1_last1,0.00036329885494847125,0.9958243760364913
Model 4,15,DJIA_YoY,0.00033113945981732727,0.9961555154963087
Model 4,16,TradingMoney_cur,0.00029358502069170477,0.9964491005170003
Model 4,17,OverallIndex_YoY_last1,0.0002869964708326139,0.9967360969878329
Model 4,18,ROA_last1,0.0002781696033849283,0.9970142665912178
Model 4,19,SOX_YoY_Lag3,0.0002260804087011391,0.9972403469999189
Model 4,20,DJIA_YoY_Lag2,0.00021355039702622484,0.9974538973969451
Model 4,1,QuarterlyVolatility_Lag1,0.8877354271731938,0.8877354271731938
Model 4,2,Spread_cur,0.08638659134796355,0.9741220185211573
Model 4,3,QuarterlyVolatility_Lag3,0.013828024803345777,0.9879500433245031
Model 4,4,QuarterlyVolatility_Lag2,0.001386720994142262,0.9893367643186454
Model 4,5,ROE_last1,0.0010105446159356102,0.990347308934581
Model 4,6,Last3mCumulativeRevenueGrowthRate_last1,0.0009555129537169366,0.991302821888298
Model 4,7,FnG_YoY,0.000906140759299485,0.9922089626475975
Model 4,8,SP500_YoY,0.0007762907021420474,0.9929852533497395
Model 4,9,FnG_YoY_Lag2,0.0006882376465579546,0.9936734909962975
Model 4,10,TotalUnempPct_YoY_Lag3_last1,0.0006202220981131887,0.9942937130944107
Model 4,11,IXIC_YoY_Lag1,0.0005554471922896905,0.9948491602867005
Model 4,12,IXIC_YoY_Lag2,0.0004146698698445009,0.995263830156545
Model 4,13,ROA_last1,0.00038680349797548877,0.9956506336545204
Model 4,14,DJIA_YoY,0.0003662711029577307,0.9960169047574782
Model 4,15,RediscountRate_YoY_Lag3_last1,0.00034724762972997505,0.9963641523872081
Model 4,16,TradingMoney_cur,0.00031030114521662645,0.9966744535324247
Model 4,17,DJIA_YoY_Lag2,0.00023147957825851262,0.9969059331106832
Model 4,18,OverallIndex_YoY_last1,0.00020950334256809126,0.9971154364532513
Model 4,19,TotalUnempPct_YoY_Lag1_last1,0.00020945443033131136,0.9973248908835826
Model 4,20,VIX_YoY_Lag2,0.00019251080513906586,0.9975174016887216
Model 4,1,QuarterlyVolatility_Lag1,0.8878372908865617,0.8878372908865617
Model 4,2,Spread_cur,0.08623806027312725,0.9740753511596889
Model 4,3,QuarterlyVolatility_Lag3,0.01395571904540274,0.9880310702050916
Model 4,4,QuarterlyVolatility_Lag2,0.0013452845219433412,0.989376354727035
Model 4,5,FnG_YoY,0.0009684903360475387,0.9903448450630825
Model 4,6,ROE_last1,0.000964532203774149,0.9913093772668566
Model 4,7,Last3mCumulativeRevenueGrowthRate_last1,0.0008646288194511904,0.9921740060863078
Model 4,8,FnG_YoY_Lag2,0.0007106550401961339,0.992884661126504
Model 4,9,TotalUnempPct_YoY_Lag3_last1,0.0006912012281293798,0.9935758623546334
Model 4,10,SP500_YoY,0.0006665519113276772,0.994242414265961
Model 4,11,IXIC_YoY_Lag1,0.0005077163419355433,0.9947501306078966
Model 4,12,IXIC_YoY_Lag2,0.00037585390399314666,0.9951259845118898
Model 4,13,DJIA_YoY,0.0003439974332865854,0.9954699819451764
Model 4,14,ROA_last1,0.00033638456520911547,0.9958063665103856
Model 4,15,RediscountRate_YoY_Lag3_last1,0.0003289269193879523,0.9961352934297735
Model 4,16,TradingMoney_cur,0.0002727170821908768,0.9964080105119644
Model 4,17,OverallIndex_YoY_last1,0.00022072321710649737,0.9966287337290709
Model 4,18,TotalUnempPct_YoY_Lag1_last1,0.00021451942986410206,0.996843253158935
Model 4,19,TotalUnempPct_last1,0.00020678350592076046,0.9970500366648557
Model 4,20,DJIA_YoY_Lag2,0.00019714094672936062,0.9972471776115851
Model 4,1,QuarterlyVolatility_Lag1,0.41960928550611365,0.41960928550611365
Model 4,2,QuarterlyVolatility_Lag2,0.14509160848305777,0.5647008939891714
Model 4,3,Spread_cur,0.12854616827667203,0.6932470622658435
Model 4,4,QuarterlyVolatility_Lag3,0.05863415084151131,0.7518812131073549
Model 4,5,TradingMoney_cur,0.02831057351175646,0.7801917866191114
Model 4,6,TradingTurnover_cur,0.025047051154872296,0.8052388377739836
Model 4,7,TradingVolume_cur,0.023754866897462826,0.8289937046714465
Model 4,8,ROE_last1,0.017564806606388986,0.8465585112778355
Model 4,9,Last3mCumulativeRevenueGrowthRate_last1,0.016970923429175205,0.8635294347070107
Model 4,10,ROA_last1,0.016310359377467443,0.8798397940844782
Model 4,11,Last3mCumulativeRevenue_last1,0.01410639825732141,0.8939461923417996
Model 4,12,ClosingPrice_cur,0.010105922009900832,0.9040521143517004
Model 4,13,EPS_last1,0.00922140799274689,0.9132735223444473
Model 4,14,GrossMargin_last1,0.007405107443260986,0.9206786297877082
Model 4,15,VIX_YoY_Lag2,0.0037630462279864725,0.9244416760156947
Model 4,16,FnG_YoY,0.003173705589612628,0.9276153816053073
Model 4,17,TotalUnempPct_YoY_last1,0.002828138590653571,0.9304435201959609
Model 4,18,IXIC_YoY,0.0027779249544770852,0.9332214451504379
Model 4,19,VIX_YoY_Lag3,0.0025818289161290173,0.9358032740665669
Model 4,20,IXIC_YoY_Lag3,0.002538437325426001,0.938341711391993
Model 4,1,QuarterlyVolatility_Lag1,0.3825242587821921,0.3825242587821921
Model 4,2,QuarterlyVolatility_Lag2,0.15470898096957297,0.5372332397517651
Model 4,3,Spread_cur,0.14539814302701023,0.6826313827787753
Model 4,4,QuarterlyVolatility_Lag3,0.06494198551056916,0.7475733682893445
Model 4,5,TradingMoney_cur,0.030142295436517988,0.7777156637258625
Model 4,6,TradingTurnover_cur,0.026106236800840944,0.8038219005267034
Model 4,7,TradingVolume_cur,0.023089110003918976,0.8269110105306224
Model 4,8,ROE_last1,0.018624758925120607,0.845535769455743
Model 4,9,ROA_last1,0.016604317414225512,0.8621400868699686
Model 4,10,Last3mCumulativeRevenueGrowthRate_last1,0.01588640438412114,0.8780264912540897
Model 4,11,Last3mCumulativeRevenue_last1,0.01588040697952992,0.8939068982336197
Model 4,12,ClosingPrice_cur,0.0103387068105217,0.9042456050441414
Model 4,13,EPS_last1,0.008857547492339971,0.9131031525364814
Model 4,14,GrossMargin_last1,0.007207170831651059,0.9203103233681325
Model 4,15,VIX_YoY_Lag2,0.003469220597448875,0.9237795439655814
Model 4,16,FnG_YoY,0.0030310727830696015,0.926810616748651
Model 4,17,IXIC_YoY,0.0027233142375822305,0.9295339309862332
Model 4,18,TotalUnempPct_YoY_last1,0.002674075250620057,0.9322080062368532
Model 4,19,VIX_YoY_Lag3,0.0026630619180535208,0.9348710681549067
Model 4,20,FnG_YoY_Lag2,0.0024756742818562282,0.937346742436763
Model 4,1,QuarterlyVolatility_Lag1,0.3769537292737905,0.3769537292737905
Model 4,2,QuarterlyVolatility_Lag2,0.15925096771986244,0.5362046969936529
Model 4,3,Spread_cur,0.14704647570577803,0.6832511726994309
Model 4,4,QuarterlyVolatility_Lag3,0.06546145566189215,0.748712628361323
Model 4,5,TradingMoney_cur,0.029779034797253957,0.778491663158577
Model 4,6,TradingTurnover_cur,0.02637765163318075,0.8048693147917577
Model 4,7,TradingVolume_cur,0.022988940495004342,0.827858255286762
Model 4,8,ROE_last1,0.018287622098028224,0.8461458773847903
Model 4,9,ROA_last1,0.016282077327517533,0.8624279547123078
Model 4,10,Last3mCumulativeRevenue_last1,0.01628155425347223,0.87870950896578
Model 4,11,Last3mCumulativeRevenueGrowthRate_last1,0.015849406193781033,0.8945589151595611
Model 4,12,ClosingPrice_cur,0.00988597125046836,0.9044448864100294
Model 4,13,EPS_last1,0.00851478322256173,0.9129596696325911
Model 4,14,GrossMargin_last1,0.00720346132241936,0.9201631309550105
Model 4,15,VIX_YoY_Lag2,0.0032509010625917253,0.9234140320176022
Model 4,16,FnG_YoY,0.0030342787631752613,0.9264483107807775
Model 4,17,VIX_YoY_Lag3,0.002733592271748415,0.9291819030525259
Model 4,18,TotalUnempPct_YoY_last1,0.0026391031865173197,0.9318210062390432
Model 4,19,VIX_YoY_Lag1,0.00263109811394726,0.9344521043529904
Model 4,20,IXIC_YoY,0.002578967761579804,0.9370310721145703
Model 4,1,QuarterlyVolatility_Lag1,0.4170695039886728,0.4170695039886728
Model 4,2,QuarterlyVolatility_Lag2,0.15620319275245687,0.5732726967411297
Model 4,3,Spread_cur,0.13788130428871562,0.7111540010298453
Model 4,4,QuarterlyVolatility_Lag3,0.060164026035830695,0.771318027065676
Model 4,5,TradingMoney_cur,0.029957996335855858,0.8012760234015318
Model 4,6,TradingTurnover_cur,0.023712791206781075,0.8249888146083129
Model 4,7,TradingVolume_cur,0.02113715190420956,0.8461259665125225
Model 4,8,Last3mCumulativeRevenueGrowthRate_last1,0.01666677994915388,0.8627927464616764
Model 4,9,ROA_last1,0.015061424750673593,0.87785417121235
Model 4,10,ROE_last1,0.01483187971873697,0.892686050931087
Model 4,11,Last3mCumulativeRevenue_last1,0.01440119618518322,0.9070872471162702
Model 4,12,ClosingPrice_cur,0.008464425701814849,0.915551672818085
Model 4,13,EPS_last1,0.006691496162749817,0.9222431689808348
Model 4,14,GrossMargin_last1,0.005771613129423159,0.928014782110258
Model 4,15,VIX_YoY_Lag2,0.0028863510718943044,0.9309011331821523
Model 4,16,FnG_YoY,0.0026644489422487914,0.9335655821244011
Model 4,17,SOX_YoY_Lag3,0.0025166140877911536,0.9360821962121922
Model 4,18,IXIC_YoY,0.0025083026814591985,0.9385904988936514
Model 4,19,VIX_YoY_Lag3,0.002422250290089502,0.9410127491837409
Model 4,20,FnG_YoY_Lag3,0.0023920381766749763,0.9434047873604159
Model 4,1,QuarterlyVolatility_Lag1,0.39103209812395623,0.39103209812395623
Model 4,2,QuarterlyVolatility_Lag2,0.16394977839107944,0.5549818765150356
Model 4,3,Spread_cur,0.1490892576916809,0.7040711342067165
Model 4,4,QuarterlyVolatility_Lag3,0.06382139943672666,0.7678925336434432
Model 4,5,TradingMoney_cur,0.030115060121610703,0.7980075937650539
Model 4,6,TradingTurnover_cur,0.023496676382748407,0.8215042701478024
Model 4,7,TradingVolume_cur,0.02276088993167387,0.8442651600794763
Model 4,8,ROE_last1,0.015896549847352698,0.8601617099268289
Model 4,9,Last3mCumulativeRevenueGrowthRate_last1,0.015365589230911192,0.8755272991577401
Model 4,10,ROA_last1,0.014773542326158812,0.8903008414838989
Model 4,11,Last3mCumulativeRevenue_last1,0.014656095722182239,0.9049569372060811
Model 4,12,ClosingPrice_cur,0.008643340536229135,0.9136002777423102
Model 4,13,EPS_last1,0.0068587130825838,0.920458990824894
Model 4,14,GrossMargin_last1,0.006081105074148292,0.9265400958990423
Model 4,15,VIX_YoY_Lag2,0.0027869211119643826,0.9293270170110067
Model 4,16,FnG_YoY,0.002707397302162509,0.9320344143131692
Model 4,17,IXIC_YoY,0.002614058376665845,0.9346484726898351
Model 4,18,VIX_YoY_Lag1,0.0025486621475660225,0.9371971348374011
Model 4,19,TotalUnempPct_YoY_last1,0.0024920894930174726,0.9396892243304186
Model 4,20,FnG_YoY_Lag2,0.0024903364063386985,0.9421795607367572
Model 4,1,QuarterlyVolatility_Lag1,0.3846246246203723,0.3846246246203723
Model 4,2,QuarterlyVolatility_Lag2,0.16767097452847635,0.5522955991488486
Model 4,3,Spread_cur,0.150988829788114,0.7032844289369626
Model 4,4,QuarterlyVolatility_Lag3,0.06612192893184841,0.7694063578688111
Model 4,5,TradingMoney_cur,0.03006387256218057,0.7994702304309916
Model 4,6,TradingTurnover_cur,0.023933767029560814,0.8234039974605525
Model 4,7,TradingVolume_cur,0.02168339277858238,0.8450873902391348
Model 4,8,ROE_last1,0.016161615709864786,0.8612490059489996
Model 4,9,Last3mCumulativeRevenueGrowthRate_last1,0.015142623539844729,0.8763916294888443
Model 4,10,Last3mCumulativeRevenue_last1,0.014658713910743233,0.8910503433995876
Model 4,11,ROA_last1,0.01403175118849736,0.9050820945880849
Model 4,12,ClosingPrice_cur,0.008570791653635744,0.9136528862417206
Model 4,13,EPS_last1,0.006731621301320858,0.9203845075430415
Model 4,14,GrossMargin_last1,0.00593067108331438,0.9263151786263558
Model 4,15,VIX_YoY_Lag2,0.0028152210240104886,0.9291303996503663
Model 4,16,FnG_YoY,0.002770451264279629,0.9319008509146459
Model 4,17,VIX_YoY_Lag1,0.0026485623955039127,0.9345494133101498
Model 4,18,IXIC_YoY,0.002585114539528408,0.9371345278496782
Model 4,19,TotalUnempPct_YoY_last1,0.002511682293270586,0.9396462101429488
Model 4,20,VIX_YoY_Lag3,0.002401587625378544,0.9420477977683274
Model 4,1,QuarterlyVolatility_Lag1,0.4065316507608707,0.4065316507608707
Model 4,2,QuarterlyVolatility_Lag2,0.16266339297261587,0.5691950437334866
Model 4,3,Spread_cur,0.14580256585931609,0.7149976095928027
Model 4,4,QuarterlyVolatility_Lag3,0.06129976741380059,0.7762973770066033
Model 4,5,TradingMoney_cur,0.03351132218170773,0.809808699188311
Model 4,6,TradingTurnover_cur,0.024311926145526217,0.8341206253338372
Model 4,7,TradingVolume_cur,0.021392842532712286,0.8555134678665495
Model 4,8,Last3mCumulativeRevenueGrowthRate_last1,0.017234165560991433,0.8727476334275409
Model 4,9,ROE_last1,0.014397035184666337,0.8871446686122072
Model 4,10,Last3mCumulativeRevenue_last1,0.014155250075671436,0.9012999186878786
Model 4,11,ROA_last1,0.012515237728173149,0.9138151564160518
Model 4,12,ClosingPrice_cur,0.007429515787728294,0.9212446722037801
Model 4,13,EPS_last1,0.005851198851529887,0.92709587105531
Model 4,14,GrossMargin_last1,0.005030861331243968,0.932126732386554
Model 4,15,VIX_YoY_Lag2,0.003429617258162439,0.9355563496447165
Model 4,16,FnG_YoY,0.0025803690386925287,0.938136718683409
Model 4,17,SOX_YoY,0.002567905944902423,0.9407046246283114
Model 4,18,TotalUnempPct_YoY_Lag1_last1,0.002503734838507286,0.9432083594668187
Model 4,19,TotalUnempPct_YoY_last1,0.0024078448808778482,0.9456162043476966
Model 4,20,VIX_YoY_Lag1,0.002349513072591078,0.9479657174202877
Model 4,1,QuarterlyVolatility_Lag1,0.3923571938229405,0.3923571938229405
Model 4,2,QuarterlyVolatility_Lag2,0.17022664682389618,0.5625838406468366
Model 4,3,Spread_cur,0.15321041521493256,0.7157942558617691
Model 4,4,QuarterlyVolatility_Lag3,0.06865887350109036,0.7844531293628595
Model 4,5,TradingMoney_cur,0.030241128243085502,0.814694257605945
Model 4,6,TradingTurnover_cur,0.023536613302464978,0.83823087090841
Model 4,7,TradingVolume_cur,0.0223090590058339,0.8605399299142439
Model 4,8,Last3mCumulativeRevenueGrowthRate_last1,0.01473046861367533,0.8752703985279192
Model 4,9,ROE_last1,0.01429371524163147,0.8895641137695507
Model 4,10,ROA_last1,0.013072023491961455,0.9026361372615122
Model 4,11,Last3mCumulativeRevenue_last1,0.013056989056386005,0.9156931263178981
Model 4,12,ClosingPrice_cur,0.0074190456781740395,0.9231121719960722
Model 4,13,EPS_last1,0.005440749939657181,0.9285529219357294
Model 4,14,GrossMargin_last1,0.004619634813130161,0.9331725567488596
Model 4,15,VIX_YoY_Lag2,0.0028175668705054907,0.9359901236193651
Model 4,16,FnG_YoY,0.002586851689338287,0.9385769753087033
Model 4,17,TotalUnempPct_YoY_last1,0.0024880368145716986,0.941065012123275
Model 4,18,SOX_YoY,0.0023775452985232955,0.9434425574217983
Model 4,19,VIX_YoY_Lag3,0.0023340531585563764,0.9457766105803547
Model 4,20,IXIC_YoY,0.002179481824337857,0.9479560924046925
Model 4,1,QuarterlyVolatility_Lag1,0.38705028317753565,0.38705028317753565
Model 4,2,QuarterlyVolatility_Lag2,0.17442847955187818,0.5614787627294138
Model 4,3,Spread_cur,0.15617184695115266,0.7176506096805664
Model 4,4,QuarterlyVolatility_Lag3,0.06955650246722728,0.7872071121477937
Model 4,5,TradingMoney_cur,0.029509831668180102,0.8167169438159738
Model 4,6,TradingTurnover_cur,0.023898094502501025,0.8406150383184748
Model 4,7,TradingVolume_cur,0.02112301063614868,0.8617380489546235
Model 4,8,ROE_last1,0.014414286785988073,0.8761523357406116
Model 4,9,Last3mCumulativeRevenueGrowthRate_last1,0.013984853407674518,0.8901371891482861
Model 4,10,Last3mCumulativeRevenue_last1,0.012964890957946161,0.9031020801062323
Model 4,11,ROA_last1,0.012351721663031853,0.9154538017692642
Model 4,12,ClosingPrice_cur,0.007162548754972859,0.9226163505242371
Model 4,13,EPS_last1,0.005383721082450871,0.928000071606688
Model 4,14,GrossMargin_last1,0.004647154328369563,0.9326472259350576
Model 4,15,VIX_YoY_Lag2,0.0027484067385066114,0.9353956326735642
Model 4,16,FnG_YoY,0.002418674269756571,0.9378143069433208
Model 4,17,TotalUnempPct_YoY_last1,0.002324545731515512,0.9401388526748363
Model 4,18,SOX_YoY,0.002298549973566672,0.942437402648403
Model 4,19,VIX_YoY_Lag3,0.0022730635076309547,0.9447104661560339
Model 4,20,VIX_YoY_Lag1,0.0022061580511749347,0.9469166242072089
Model 4,1,QuarterlyVolatility_Lag1,0.3722801604308804,0.3722801604308804
Model 4,2,QuarterlyVolatility_Lag2,0.13792355190933372,0.5102037123402141
Model 4,3,Spread_cur,0.13453774348179773,0.6447414558220118
Model 4,4,QuarterlyVolatility_Lag3,0.06706290940917324,0.7118043652311851
Model 4,5,TradingVolume_cur,0.03274172615754205,0.7445460913887271
Model 4,6,TradingMoney_cur,0.03193337371486331,0.7764794651035903
Model 4,7,TradingTurnover_cur,0.026591947216626277,0.8030714123202166
Model 4,8,ROE_last1,0.021677610024107858,0.8247490223443245
Model 4,9,Last3mCumulativeRevenueGrowthRate_last1,0.01962423747116644,0.8443732598154909
Model 4,10,ROA_last1,0.018937686760233684,0.8633109465757246
Model 4,11,Last3mCumulativeRevenue_last1,0.017693239270439507,0.8810041858461641
Model 4,12,ClosingPrice_cur,0.011913376062835726,0.8929175619089998
Model 4,13,EPS_last1,0.011373998292598735,0.9042915602015986
Model 4,14,GrossMargin_last1,0.009231042900956655,0.9135226031025553
Model 4,15,VIX_YoY_Lag2,0.0036787883009867495,0.9172013914035421
Model 4,16,VIX_YoY_Lag1,0.0034443184555598013,0.9206457098591019
Model 4,17,SOX_YoY,0.0031082686002003672,0.9237539784593023
Model 4,18,TotalUnempPct_YoY_last1,0.0027777303696450177,0.9265317088289473
Model 4,19,TotalUnempPct_last1,0.0027726541954155265,0.9293043630243628
Model 4,20,VIX_YoY_Lag3,0.0026523116279435622,0.9319566746523064
Model 4,1,QuarterlyVolatility_Lag1,0.34816200784073054,0.34816200784073054
Model 4,2,QuarterlyVolatility_Lag2,0.1531468756974341,0.5013088835381646
Model 4,3,Spread_cur,0.14224495543547674,0.6435538389736414
Model 4,4,QuarterlyVolatility_Lag3,0.06934050920579873,0.7128943481794401
Model 4,5,TradingMoney_cur,0.03325922030179936,0.7461535684812395
Model 4,6,TradingVolume_cur,0.02933015011433731,0.7754837185955767
Model 4,7,TradingTurnover_cur,0.028555327246448173,0.8040390458420249
Model 4,8,ROE_last1,0.021217559888974072,0.825256605730999
Model 4,9,Last3mCumulativeRevenueGrowthRate_last1,0.0197306320357786,0.8449872377667776
Model 4,10,ROA_last1,0.01836777260375914,0.8633550103705367
Model 4,11,Last3mCumulativeRevenue_last1,0.018039166375981467,0.8813941767465182
Model 4,12,ClosingPrice_cur,0.012922786058172523,0.8943169628046908
Model 4,13,EPS_last1,0.010556821397654948,0.9048737842023457
Model 4,14,GrossMargin_last1,0.008943794126434373,0.9138175783287801
Model 4,15,VIX_YoY_Lag2,0.0036080281643494877,0.9174256064931295
Model 4,16,VIX_YoY_Lag1,0.0030412105266223698,0.9204668170197519
Model 4,17,VIX_YoY_Lag3,0.0028900159548778843,0.9233568329746298
Model 4,18,IXIC_YoY,0.002711592339153449,0.9260684253137832
Model 4,19,FnG_YoY,0.0027027776688015558,0.9287712029825848
Model 4,20,TotalUnempPct_YoY_last1,0.0026880699333626927,0.9314592729159474
Model 4,1,QuarterlyVolatility_Lag1,0.34139685235565953,0.34139685235565953
Model 4,2,QuarterlyVolatility_Lag2,0.15488524380506266,0.49628209616072216
Model 4,3,Spread_cur,0.14898035305118243,0.6452624492119046
Model 4,4,QuarterlyVolatility_Lag3,0.07008098532918726,0.7153434345410918
Model 4,5,TradingMoney_cur,0.0341108334540057,0.7494542679950975
Model 4,6,TradingTurnover_cur,0.029453604863573235,0.7789078728586707
Model 4,7,TradingVolume_cur,0.027589976964493692,0.8064978498231644
Model 4,8,ROE_last1,0.020917415251665347,0.8274152650748298
Model 4,9,Last3mCumulativeRevenueGrowthRate_last1,0.018727539448427546,0.8461428045232573
Model 4,10,Last3mCumulativeRevenue_last1,0.01851350563824852,0.8646563101615058
Model 4,11,ROA_last1,0.017853435635122095,0.8825097457966279
Model 4,12,ClosingPrice_cur,0.01253423964138277,0.8950439854380107
Model 4,13,EPS_last1,0.010085554668409944,0.9051295401064207
Model 4,14,GrossMargin_last1,0.008885948316024985,0.9140154884224456
Model 4,15,VIX_YoY_Lag2,0.003343776859713167,0.9173592652821588
Model 4,16,VIX_YoY_Lag1,0.003212395143932041,0.9205716604260908
Model 4,17,VIX_YoY_Lag3,0.0027678789659420287,0.9233395393920328
Model 4,18,SOX_YoY_Lag3,0.0026648817827714987,0.9260044211748043
Model 4,19,IXIC_YoY,0.002658390442907606,0.9286628116177119
Model 4,20,TotalUnempPct_YoY_last1,0.0026352491957337193,0.9312980608134457
Model 4,1,QuarterlyVolatility_Lag1,0.37616375241254657,0.37616375241254657
Model 4,2,QuarterlyVolatility_Lag2,0.15296721825649523,0.5291309706690418
Model 4,3,Spread_cur,0.12403712061459776,0.6531680912836395
Model 4,4,QuarterlyVolatility_Lag3,0.06982983026882537,0.7229979215524649
Model 4,5,TradingMoney_cur,0.035778014194065164,0.75877593574653
Model 4,6,TradingVolume_cur,0.029501259228672253,0.7882771949752023
Model 4,7,TradingTurnover_cur,0.02840876825212257,0.8166859632273249
Model 4,8,ROE_last1,0.02029745406685122,0.8369834172941761
Model 4,9,Last3mCumulativeRevenueGrowthRate_last1,0.02024727807622642,0.8572306953704025
Model 4,10,ROA_last1,0.01768686259914637,0.874917557969549
Model 4,11,Last3mCumulativeRevenue_last1,0.016918020474444757,0.8918355784439937
Model 4,12,ClosingPrice_cur,0.012248414233200056,0.9040839926771937
Model 4,13,EPS_last1,0.00915082394102034,0.913234816618214
Model 4,14,GrossMargin_last1,0.007389593846553176,0.9206244104647672
Model 4,15,VIX_YoY_Lag2,0.0031339683664425295,0.9237583788312097
Model 4,16,VIX_YoY_Lag1,0.0030309139694604304,0.9267892928006701
Model 4,17,SOX_YoY,0.002789580103210276,0.9295788729038804
Model 4,18,FnG_YoY,0.002670821878610983,0.9322496947824914
Model 4,19,SOX_YoY_Lag3,0.0026094035869183084,0.9348590983694097
Model 4,20,TotalUnempPct_YoY_last1,0.0025246785528760265,0.9373837769222858
Model 4,1,QuarterlyVolatility_Lag1,0.35082922184878934,0.35082922184878934
Model 4,2,QuarterlyVolatility_Lag2,0.16538653265363668,0.516215754502426
Model 4,3,Spread_cur,0.13928161795074712,0.6554973724531731
Model 4,4,QuarterlyVolatility_Lag3,0.07143622102432523,0.7269335934774983
Model 4,5,TradingMoney_cur,0.033558690058198365,0.7604922835356966
Model 4,6,TradingTurnover_cur,0.029548785086689608,0.7900410686223862
Model 4,7,TradingVolume_cur,0.028694715425507233,0.8187357840478935
Model 4,8,ROE_last1,0.01916749535272838,0.8379032794006218
Model 4,9,Last3mCumulativeRevenueGrowthRate_last1,0.019055865278815916,0.8569591446794377
Model 4,10,Last3mCumulativeRevenue_last1,0.017148212821755104,0.8741073575011928
Model 4,11,ROA_last1,0.016640586783421833,0.8907479442846147
Model 4,12,ClosingPrice_cur,0.011923407905664088,0.9026713521902787
Model 4,13,EPS_last1,0.008816212491163202,0.9114875646814419
Model 4,14,GrossMargin_last1,0.00798311923748493,0.9194706839189268
Model 4,15,VIX_YoY_Lag2,0.003097288939791379,0.9225679728587182
Model 4,16,VIX_YoY_Lag1,0.0028852628160756983,0.9254532356747939
Model 4,17,VIX_YoY_Lag3,0.002791948666937572,0.9282451843417314
Model 4,18,SOX_YoY,0.002650951852765236,0.9308961361944966
Model 4,19,TotalUnempPct_YoY_last1,0.0026437569923221218,0.9335398931868187
Model 4,20,FnG_YoY,0.0026278024060006774,0.9361676955928194
Model 4,1,QuarterlyVolatility_Lag1,0.34774031848468057,0.34774031848468057
Model 4,2,QuarterlyVolatility_Lag2,0.16407872429136097,0.5118190427760415
Model 4,3,Spread_cur,0.1474034808591821,0.6592225236352236
Model 4,4,QuarterlyVolatility_Lag3,0.07181882733380916,0.7310413509690328
Model 4,5,TradingMoney_cur,0.03328179338864514,0.7643231443576779
Model 4,6,TradingTurnover_cur,0.030398768857832242,0.7947219132155101
Model 4,7,TradingVolume_cur,0.02662833273976872,0.8213502459552788
Model 4,8,ROE_last1,0.018836902672274038,0.8401871486275528
Model 4,9,Last3mCumulativeRevenueGrowthRate_last1,0.017899069533982223,0.8580862181615351
Model 4,10,ROA_last1,0.01681529128646948,0.8749015094480046
Model 4,11,Last3mCumulativeRevenue_last1,0.016689384700637976,0.8915908941486426
Model 4,12,ClosingPrice_cur,0.01150159770121949,0.9030924918498621
Model 4,13,EPS_last1,0.008538115433580053,0.9116306072834421
Model 4,14,GrossMargin_last1,0.007834917402952734,0.9194655246863949
Model 4,15,VIX_YoY_Lag1,0.0030045068217554164,0.9224700315081503
Model 4,16,VIX_YoY_Lag2,0.0029906066676101905,0.9254606381757605
Model 4,17,VIX_YoY_Lag3,0.0027885389752580233,0.9282491771510185
Model 4,18,FnG_YoY,0.002629176256743418,0.9308783534077619
Model 4,19,TotalUnempPct_YoY_last1,0.0025893882172201574,0.9334677416249821
Model 4,20,SOX_YoY,0.002556413101686599,0.9360241547266688
Model 4,1,QuarterlyVolatility_Lag1,0.40735894924689675,0.40735894924689675
Model 4,2,QuarterlyVolatility_Lag2,0.15095022820089404,0.5583091774477908
Model 4,3,Spread_cur,0.13246822402735375,0.6907774014751447
Model 4,4,QuarterlyVolatility_Lag3,0.06881712243948748,0.7595945239146321
Model 4,5,TradingMoney_cur,0.029605412504820332,0.7891999364194524
Model 4,6,TradingVolume_cur,0.028546842617418015,0.8177467790368704
Model 4,7,TradingTurnover_cur,0.027150836371329017,0.8448976154081994
Model 4,8,Last3mCumulativeRevenueGrowthRate_last1,0.01580021560490347,0.8606978310131029
Model 4,9,Last3mCumulativeRevenue_last1,0.015706178089194445,0.8764040091022973
Model 4,10,ROE_last1,0.015248824372590262,0.8916528334748876
Model 4,11,ROA_last1,0.01411029033598509,0.9057631238108727
Model 4,12,ClosingPrice_cur,0.009506787248323609,0.9152699110591963
Model 4,13,EPS_last1,0.0076840477155978365,0.9229539587747941
Model 4,14,GrossMargin_last1,0.005260477876183295,0.9282144366509775
Model 4,15,VIX_YoY_Lag2,0.0030250611321322373,0.9312394977831097
Model 4,16,SOX_YoY_Lag3,0.002880339648926184,0.9341198374320359
Model 4,17,IXIC_YoY_Lag1,0.0026244847499458297,0.9367443221819817
Model 4,18,SOX_YoY,0.0025899359065006326,0.9393342580884823
Model 4,19,TotalUnempPct_YoY_last1,0.002417971333812341,0.9417522294222946
Model 4,20,VIX_YoY_Lag1,0.0023879514524357136,0.9441401808747304
Model 4,1,QuarterlyVolatility_Lag1,0.37250811355796826,0.37250811355796826
Model 4,2,QuarterlyVolatility_Lag2,0.161891590746544,0.5343997043045122
Model 4,3,Spread_cur,0.14272568124313123,0.6771253855476435
Model 4,4,QuarterlyVolatility_Lag3,0.07374870150784808,0.7508740870554915
Model 4,5,TradingTurnover_cur,0.030774014984611964,0.7816481020401035
Model 4,6,TradingMoney_cur,0.030572537420224675,0.8122206394603282
Model 4,7,TradingVolume_cur,0.027834560699992936,0.8400552001603211
Model 4,8,Last3mCumulativeRevenueGrowthRate_last1,0.017652315161894503,0.8577075153222156
Model 4,9,ROE_last1,0.016563811220043252,0.8742713265422588
Model 4,10,Last3mCumulativeRevenue_last1,0.015506824753010712,0.8897781512952695
Model 4,11,ROA_last1,0.012989412568168582,0.902767563863438
Model 4,12,ClosingPrice_cur,0.009801437110808355,0.9125690009742464
Model 4,13,EPS_last1,0.0072344989886258555,0.9198034999628723
Model 4,14,GrossMargin_last1,0.006110868011601418,0.9259143679744737
Model 4,15,VIX_YoY_Lag2,0.003257166047903606,0.9291715340223773
Model 4,16,SOX_YoY_Lag3,0.002849666367522273,0.9320212003898996
Model 4,17,VIX_YoY_Lag3,0.0024936446009016975,0.9345148449908013
Model 4,18,SOX_YoY,0.0024624003697823558,0.9369772453605837
Model 4,19,FnG_YoY,0.002430740395312673,0.9394079857558963
Model 4,20,TotalUnempPct_YoY_last1,0.0024012592507110524,0.9418092450066075
Model 4,1,QuarterlyVolatility_Lag1,0.3567665163994912,0.3567665163994912
Model 4,2,QuarterlyVolatility_Lag2,0.1652280012857123,0.5219945176852034
Model 4,3,Spread_cur,0.15372830200444265,0.6757228196896461
Model 4,4,QuarterlyVolatility_Lag3,0.07390045158721104,0.7496232712768571
Model 4,5,TradingMoney_cur,0.032356979278090676,0.7819802505549478
Model 4,6,TradingTurnover_cur,0.031500575007948756,0.8134808255628966
Model 4,7,TradingVolume_cur,0.026318357948284903,0.8397991835111814
Model 4,8,ROE_last1,0.01716325728977441,0.8569624408009558
Model 4,9,Last3mCumulativeRevenueGrowthRate_last1,0.016645821690518967,0.8736082624914748
Model 4,10,Last3mCumulativeRevenue_last1,0.01573335535424351,0.8893416178457183
Model 4,11,ROA_last1,0.013289884915734036,0.9026315027614523
Model 4,12,ClosingPrice_cur,0.009633731585208808,0.9122652343466612
Model 4,13,EPS_last1,0.0071451233901037945,0.9194103577367649
Model 4,14,GrossMargin_last1,0.006104331807879995,0.9255146895446449
Model 4,15,VIX_YoY_Lag2,0.0029945810672663423,0.9285092706119112
Model 4,16,SOX_YoY_Lag3,0.002757419308132955,0.9312666899200442
Model 4,17,VIX_YoY_Lag1,0.0027148620601527462,0.933981551980197
Model 4,18,VIX_YoY_Lag3,0.0024222058146911134,0.936403757794888
Model 4,19,TotalUnempPct_YoY_last1,0.0023963497665561917,0.9388001075614443
Model 4,20,IXIC_YoY,0.002380160975490024,0.9411802685369343
Model 4,1,QuarterlyVolatility_Lag1,0.7736412216914578,0.7736412216914578
Model 4,2,Spread_cur,0.0903444439715007,0.8639856656629584
Model 4,3,QuarterlyVolatility_Lag3,0.022612752452282597,0.886598418115241
Model 4,4,QuarterlyVolatility_Lag2,0.013992318020331955,0.900590736135573
Model 4,5,Last3mCumulativeRevenueGrowthRate_last1,0.0075359901711676116,0.9081267263067405
Model 4,6,ROE_last1,0.006252895770370099,0.9143796220771107
Model 4,7,FnG_YoY,0.005645012889834134,0.9200246349669448
Model 4,8,FnG_YoY_Lag2,0.0050012684848356566,0.9250259034517804
Model 4,9,TradingMoney_cur,0.004794906754166846,0.9298208102059472
Model 4,10,TradingVolume_cur,0.004539106482156532,0.9343599166881037
Model 4,11,ROA_last1,0.00433359116057491,0.9386935078486786
Model 4,12,Last3mCumulativeRevenue_last1,0.004302331154935554,0.9429958390036141
Model 4,13,GrossMargin_last1,0.003791030066945437,0.9467868690705595
Model 4,14,ClosingPrice_cur,0.003660425203249131,0.9504472942738087
Model 4,15,EPS_last1,0.0036343407876666674,0.9540816350614754
Model 4,16,TradingTurnover_cur,0.00354769483562552,0.9576293298971009
Model 4,17,FnG_YoY_Lag1,0.0035408637809805866,0.9611701936780815
Model 4,18,TotalUnempPct_YoY_Lag3_last1,0.0030034916831008568,0.9641736853611824
Model 4,19,FnG_YoY_Lag3,0.0025067467712757796,0.9666804321324582
Model 4,20,VIX_YoY,0.0022487874966842206,0.9689292196291425
Model 4,1,QuarterlyVolatility_Lag1,0.7730262250854711,0.7730262250854711
Model 4,2,Spread_cur,0.090936065567355,0.8639622906528261
Model 4,3,QuarterlyVolatility_Lag3,0.022780648573466886,0.886742939226293
Model 4,4,QuarterlyVolatility_Lag2,0.013171429933140223,0.8999143691594332
Model 4,5,Last3mCumulativeRevenueGrowthRate_last1,0.007293813487531291,0.9072081826469646
Model 4,6,ROE_last1,0.006331763853012986,0.9135399464999776
Model 4,7,FnG_YoY,0.005479277548157353,0.919019224048135
Model 4,8,Last3mCumulativeRevenue_last1,0.004761492150484491,0.9237807161986195
Model 4,9,TradingVolume_cur,0.004704006091309656,0.9284847222899291
Model 4,10,TradingMoney_cur,0.004635366862939854,0.9331200891528689
Model 4,11,FnG_YoY_Lag2,0.004568541144958321,0.9376886302978272
Model 4,12,ROA_last1,0.004334501041240822,0.942023131339068
Model 4,13,GrossMargin_last1,0.003997933678887648,0.9460210650179557
Model 4,14,ClosingPrice_cur,0.003860866289690606,0.9498819313076463
Model 4,15,EPS_last1,0.0037569840927278737,0.9536389154003742
Model 4,16,TradingTurnover_cur,0.0036602461203056685,0.9572991615206798
Model 4,17,FnG_YoY_Lag1,0.0032901816483002695,0.9605893431689801
Model 4,18,TotalUnempPct_YoY_Lag3_last1,0.0031070511640519972,0.9636963943330321
Model 4,19,FnG_YoY_Lag3,0.002612178183039708,0.9663085725160718
Model 4,20,VIX_YoY,0.0022414444986135493,0.9685500170146853
Model 4,1,QuarterlyVolatility_Lag1,0.7732820594498186,0.7732820594498186
Model 4,2,Spread_cur,0.09066194301015984,0.8639440024599785
Model 4,3,QuarterlyVolatility_Lag3,0.02247636474817803,0.8864203672081565
Model 4,4,QuarterlyVolatility_Lag2,0.013048119932740361,0.8994684871408969
Model 4,5,Last3mCumulativeRevenueGrowthRate_last1,0.007233143809369902,0.9067016309502668
Model 4,6,ROE_last1,0.006576314274471945,0.9132779452247387
Model 4,7,FnG_YoY,0.0055359786894623765,0.9188139239142011
Model 4,8,TradingVolume_cur,0.004867812900173737,0.9236817368143748
Model 4,9,Last3mCumulativeRevenue_last1,0.004860474097058743,0.9285422109114335
Model 4,10,TradingMoney_cur,0.00462861817518392,0.9331708290866174
Model 4,11,FnG_YoY_Lag2,0.004606652016328071,0.9377774811029455
Model 4,12,ROA_last1,0.004216468714742291,0.9419939498176877
Model 4,13,GrossMargin_last1,0.004034946784103891,0.9460288966017916
Model 4,14,ClosingPrice_cur,0.003877751877040045,0.9499066484788317
Model 4,15,TradingTurnover_cur,0.0037613438496022673,0.9536679923284339
Model 4,16,EPS_last1,0.0037532117371401074,0.9574212040655741
Model 4,17,FnG_YoY_Lag1,0.0032800746499596473,0.9607012787155337
Model 4,18,TotalUnempPct_YoY_Lag3_last1,0.003126725780506138,0.9638280044960398
Model 4,19,FnG_YoY_Lag3,0.0025130300438960355,0.9663410345399358
Model 4,20,VIX_YoY,0.00231290553255938,0.9686539400724952
Model 4,1,QuarterlyVolatility_Lag1,0.7963064977556769,0.7963064977556769
Model 4,2,Spread_cur,0.09021143505088122,0.8865179328065581
Model 4,3,QuarterlyVolatility_Lag3,0.020976737149049834,0.9074946699556079
Model 4,4,QuarterlyVolatility_Lag2,0.011498123105765664,0.9189927930613736
Model 4,5,Last3mCumulativeRevenueGrowthRate_last1,0.005618620190538121,0.9246114132519118
Model 4,6,ROE_last1,0.004979349882918564,0.9295907631348304
Model 4,7,FnG_YoY,0.004892724417098421,0.9344834875519288
Model 4,8,FnG_YoY_Lag2,0.0044067682800091375,0.938890255831938
Model 4,9,TradingMoney_cur,0.00381488467206491,0.9427051405040029
Model 4,10,Last3mCumulativeRevenue_last1,0.003294098793464397,0.9459992392974673
Model 4,11,TradingVolume_cur,0.0031753139882813243,0.9491745532857486
Model 4,12,TotalUnempPct_YoY_Lag3_last1,0.0031379235909459267,0.9523124768766945
Model 4,13,ROA_last1,0.0031190302756917685,0.9554315071523862
Model 4,14,GrossMargin_last1,0.0029303900440602578,0.9583618971964465
Model 4,15,ClosingPrice_cur,0.002864173011243711,0.9612260702076902
Model 4,16,FnG_YoY_Lag1,0.0025932190402494196,0.9638192892479397
Model 4,17,TradingTurnover_cur,0.0024313434849640254,0.9662506327329037
Model 4,18,EPS_last1,0.002430763516823101,0.9686813962497268
Model 4,19,FnG_YoY_Lag3,0.002115209282981711,0.9707966055327085
Model 4,20,VIX_YoY,0.001922340445582562,0.9727189459782911
Model 4,1,QuarterlyVolatility_Lag1,0.7954463642706291,0.7954463642706291
Model 4,2,Spread_cur,0.0910173357070322,0.8864636999776613
Model 4,3,QuarterlyVolatility_Lag3,0.020834457698977585,0.9072981576766389
Model 4,4,QuarterlyVolatility_Lag2,0.01096209199847946,0.9182602496751183
Model 4,5,Last3mCumulativeRevenueGrowthRate_last1,0.0057903162289515715,0.9240505659040699
Model 4,6,ROE_last1,0.005013908095772937,0.9290644739998428
Model 4,7,FnG_YoY,0.004836257667680353,0.9339007316675232
Model 4,8,FnG_YoY_Lag2,0.0042510334285374264,0.9381517650960606
Model 4,9,TradingMoney_cur,0.003673908372445062,0.9418256734685057
Model 4,10,TradingVolume_cur,0.003300620728700561,0.9451262941972062
Model 4,11,Last3mCumulativeRevenue_last1,0.0032974075389795026,0.9484237017361857
Model 4,12,ROA_last1,0.003114345783730125,0.9515380475199159
Model 4,13,TotalUnempPct_YoY_Lag3_last1,0.0031100469640174297,0.9546480944839333
Model 4,14,GrossMargin_last1,0.0029212525784896894,0.957569347062423
Model 4,15,ClosingPrice_cur,0.0028086807430710696,0.9603780278054941
Model 4,16,FnG_YoY_Lag1,0.0026605192934122746,0.9630385470989064
Model 4,17,EPS_last1,0.002570376892198287,0.9656089239911047
Model 4,18,TradingTurnover_cur,0.0025307547024538985,0.9681396786935585
Model 4,19,FnG_YoY_Lag3,0.002163917130463986,0.9703035958240225
Model 4,20,VIX_YoY,0.0019190504920404083,0.9722226463160629
Model 4,1,QuarterlyVolatility_Lag1,0.7957449333856477,0.7957449333856477
Model 4,2,Spread_cur,0.09068201592423124,0.8864269493098789
Model 4,3,QuarterlyVolatility_Lag3,0.020824710299015906,0.9072516596088948
Model 4,4,QuarterlyVolatility_Lag2,0.011042754364461477,0.9182944139733562
Model 4,5,Last3mCumulativeRevenueGrowthRate_last1,0.005707984162582098,0.9240023981359383
Model 4,6,ROE_last1,0.005014483912383547,0.9290168820483219
Model 4,7,FnG_YoY,0.004978812211320391,0.9339956942596422
Model 4,8,FnG_YoY_Lag2,0.004225742278142812,0.938221436537785
Model 4,9,TradingMoney_cur,0.0036388112063406213,0.9418602477441256
Model 4,10,TradingVolume_cur,0.003415850232219625,0.9452760979763452
Model 4,11,Last3mCumulativeRevenue_last1,0.0033510684100624397,0.9486271663864075
Model 4,12,TotalUnempPct_YoY_Lag3_last1,0.0031195682961785874,0.9517467346825861
Model 4,13,ROA_last1,0.003057987611894076,0.9548047222944802
Model 4,14,GrossMargin_last1,0.00289034431317446,0.9576950666076547
Model 4,15,ClosingPrice_cur,0.0028219987664237097,0.9605170653740784
Model 4,16,FnG_YoY_Lag1,0.0025998549358801143,0.9631169203099585
Model 4,17,EPS_last1,0.002571594688449448,0.965688514998408
Model 4,18,TradingTurnover_cur,0.0025643823611870937,0.9682528973595951
Model 4,19,FnG_YoY_Lag3,0.002082023586491716,0.9703349209460868
Model 4,20,VIX_YoY,0.0019015890735680355,0.9722365100196548
Model 4,1,QuarterlyVolatility_Lag1,0.8202209933401975,0.8202209933401975
Model 4,2,Spread_cur,0.08982785148993742,0.9100488448301349
Model 4,3,QuarterlyVolatility_Lag3,0.019102584753190446,0.9291514295833254
Model 4,4,QuarterlyVolatility_Lag2,0.009220961651555294,0.9383723912348807
Model 4,5,FnG_YoY,0.0044005634370911425,0.9427729546719719
Model 4,6,FnG_YoY_Lag2,0.004279419061934859,0.9470523737339067
Model 4,7,Last3mCumulativeRevenueGrowthRate_last1,0.004078404622732924,0.9511307783566396
Model 4,8,ROE_last1,0.0028868394433550484,0.9540176177999946
Model 4,9,TotalUnempPct_YoY_Lag3_last1,0.002521566903402604,0.9565391847033972
Model 4,10,FnG_YoY_Lag1,0.002194404730936023,0.9587335894343332
Model 4,11,TradingMoney_cur,0.0019936200810622643,0.9607272095153955
Model 4,12,GrossMargin_last1,0.0019243125318248705,0.9626515220472204
Model 4,13,ROA_last1,0.0019086339588948507,0.9645601560061152
Model 4,14,Last3mCumulativeRevenue_last1,0.001825834560986812,0.9663859905671021
Model 4,15,ClosingPrice_cur,0.0017770016386325744,0.9681629922057347
Model 4,16,TradingVolume_cur,0.0017452839783160807,0.9699082761840507
Model 4,17,DJIA_YoY,0.0015867873559690117,0.9714950635400198
Model 4,18,FnG_YoY_Lag3,0.0015264657458720137,0.9730215292858918
Model 4,19,TotalUnempPct_YoY_Lag1_last1,0.0015238600199504913,0.9745453893058423
Model 4,20,EPS_last1,0.001482229203263067,0.9760276185091054
Model 4,1,QuarterlyVolatility_Lag1,0.8192421137921492,0.8192421137921492
Model 4,2,Spread_cur,0.09063297191353915,0.9098750857056883
Model 4,3,QuarterlyVolatility_Lag3,0.019180307875577153,0.9290553935812654
Model 4,4,QuarterlyVolatility_Lag2,0.008892208788673384,0.9379476023699388
Model 4,5,FnG_YoY,0.0043110115013333845,0.9422586138712722
Model 4,6,FnG_YoY_Lag2,0.004168930470985346,0.9464275443422575
Model 4,7,Last3mCumulativeRevenueGrowthRate_last1,0.004135929271085706,0.9505634736133433
Model 4,8,ROE_last1,0.003020231457003246,0.9535837050703465
Model 4,9,TotalUnempPct_YoY_Lag3_last1,0.002490809163439106,0.9560745142337856
Model 4,10,FnG_YoY_Lag1,0.0022850125933491553,0.9583595268271348
Model 4,11,Last3mCumulativeRevenue_last1,0.0021122070353239942,0.9604717338624588
Model 4,12,TradingMoney_cur,0.0019816273791694134,0.9624533612416282
Model 4,13,ROA_last1,0.001968498814637758,0.964421860056266
Model 4,14,GrossMargin_last1,0.0019149971650809967,0.966336857221347
Model 4,15,TradingVolume_cur,0.0018635798016777346,0.9682004370230247
Model 4,16,ClosingPrice_cur,0.0018017033910933033,0.970002140414118
Model 4,17,SP500_YoY,0.0016442434989631732,0.9716463839130812
Model 4,18,DJIA_YoY,0.0016078504241660305,0.9732542343372472
Model 4,19,TradingTurnover_cur,0.0015690288961697219,0.974823263233417
Model 4,20,FnG_YoY_Lag3,0.0015602006939755156,0.9763834639273925
Model 4,1,QuarterlyVolatility_Lag1,0.819490556661274,0.819490556661274
Model 4,2,Spread_cur,0.09042290316685035,0.9099134598281243
Model 4,3,QuarterlyVolatility_Lag3,0.019250315542290185,0.9291637753704145
Model 4,4,QuarterlyVolatility_Lag2,0.008936162459856808,0.9380999378302713
Model 4,5,FnG_YoY,0.0043907647008774135,0.9424907025311487
Model 4,6,FnG_YoY_Lag2,0.004190569882599327,0.9466812724137481
Model 4,7,Last3mCumulativeRevenueGrowthRate_last1,0.00401151568244231,0.9506927880961904
Model 4,8,ROE_last1,0.0030042345226613818,0.9536970226188518
Model 4,9,TotalUnempPct_YoY_Lag3_last1,0.0025150773180022457,0.9562120999368541
Model 4,10,FnG_YoY_Lag1,0.0022600193570652114,0.9584721192939193
Model 4,11,Last3mCumulativeRevenue_last1,0.0021610766610489006,0.9606331959549682
Model 4,12,TradingMoney_cur,0.0019969385426768095,0.962630134497645
Model 4,13,ROA_last1,0.0018928188980067617,0.9645229533956517
Model 4,14,GrossMargin_last1,0.0018914937635345417,0.9664144471591863
Model 4,15,TradingVolume_cur,0.0018799217824552988,0.9682943689416417
Model 4,16,ClosingPrice_cur,0.0017747563488270369,0.9700691252904687
Model 4,17,TradingTurnover_cur,0.0016163778802427517,0.9716855031707115
Model 4,18,FnG_YoY_Lag3,0.0015856359132148626,0.9732711390839263
Model 4,19,DJIA_YoY,0.001540766263979236,0.9748119053479055
Model 4,20,VIX_YoY,0.0015265166381558605,0.9763384219860614
Model 4,1,QuarterlyVolatility_Lag1,0.38696568291930716,0.38696568291930716
Model 4,2,QuarterlyVolatility_Lag2,0.1308848614412358,0.517850544360543
Model 4,3,Spread_cur,0.12834072623720616,0.6461912705977492
Model 4,4,QuarterlyVolatility_Lag3,0.06467544229621208,0.7108667128939612
Model 4,5,TradingMoney_cur,0.030298412595108,0.7411651254890692
Model 4,6,TradingTurnover_cur,0.0260172578885732,0.7671823833776424
Model 4,7,TradingVolume_cur,0.025440588665439846,0.7926229720430823
Model 4,8,Last3mCumulativeRevenueGrowthRate_last1,0.02005571096158189,0.8126786830046642
Model 4,9,ROE_last1,0.01871383586379081,0.831392518868455
Model 4,10,Last3mCumulativeRevenue_last1,0.018577581642743007,0.849970100511198
Model 4,11,ROA_last1,0.018093268310680567,0.8680633688218786
Model 4,12,ClosingPrice_cur,0.01363909052681435,0.881702459348693
Model 4,13,EPS_last1,0.01221346930613313,0.893915928654826
Model 4,14,GrossMargin_last1,0.011151106409574438,0.9050670350644004
Model 4,15,FnG_YoY,0.0039203527856521364,0.9089873878500526
Model 4,16,VIX_YoY_Lag2,0.003713798159572552,0.9127011860096251
Model 4,17,TotalUnempPct_YoY_last1,0.0032816602621885504,0.9159828462718137
Model 4,18,DJIA_YoY,0.003086170406285984,0.9190690166780997
Model 4,19,FnG_YoY_Lag3,0.003076539439385694,0.9221455561174854
Model 4,20,SOX_YoY,0.0030628356298262925,0.9252083917473117
Model 4,1,QuarterlyVolatility_Lag1,0.370169869879624,0.370169869879624
Model 4,2,QuarterlyVolatility_Lag2,0.1427286321088951,0.5128985019885192
Model 4,3,Spread_cur,0.13191704775866483,0.644815549747184
Model 4,4,QuarterlyVolatility_Lag3,0.06303659592731259,0.7078521456744966
Model 4,5,TradingMoney_cur,0.03123666422977732,0.739088809904274
Model 4,6,TradingTurnover_cur,0.027067004793254235,0.7661558146975281
Model 4,7,TradingVolume_cur,0.02483787369435554,0.7909936883918837
Model 4,8,ROE_last1,0.020123739480166665,0.8111174278720503
Model 4,9,Last3mCumulativeRevenue_last1,0.019763601262134355,0.8308810291341847
Model 4,10,Last3mCumulativeRevenueGrowthRate_last1,0.019053377114671005,0.8499344062488557
Model 4,11,ROA_last1,0.018595642708427538,0.8685300489572833
Model 4,12,ClosingPrice_cur,0.014203480508497715,0.882733529465781
Model 4,13,EPS_last1,0.011990576357959389,0.8947241058237404
Model 4,14,GrossMargin_last1,0.011315766148508977,0.9060398719722493
Model 4,15,FnG_YoY,0.0036383488258934747,0.9096782207981428
Model 4,16,VIX_YoY_Lag2,0.0034425162235568138,0.9131207370216996
Model 4,17,TotalUnempPct_YoY_last1,0.003203080523692356,0.9163238175453919
Model 4,18,VIX_YoY_Lag1,0.00309707463212871,0.9194208921775207
Model 4,19,VIX_YoY_Lag3,0.0030525165856227555,0.9224734087631434
Model 4,20,IXIC_YoY,0.0030515607544318794,0.9255249695175753
Model 4,1,QuarterlyVolatility_Lag1,0.36285209183367106,0.36285209183367106
Model 4,2,QuarterlyVolatility_Lag2,0.14657967028881047,0.5094317621224815
Model 4,3,Spread_cur,0.1343588025721728,0.6437905646946543
Model 4,4,QuarterlyVolatility_Lag3,0.06355363147703495,0.7073441961716893
Model 4,5,TradingMoney_cur,0.0316762605865999,0.7390204567582892
Model 4,6,TradingTurnover_cur,0.027452362180286266,0.7664728189385754
Model 4,7,TradingVolume_cur,0.024439594293065792,0.7909124132316412
Model 4,8,ROE_last1,0.020304298776890658,0.8112167120085318
Model 4,9,Last3mCumulativeRevenue_last1,0.01954001528487946,0.8307567272934113
Model 4,10,Last3mCumulativeRevenueGrowthRate_last1,0.01919276615430356,0.8499494934477149
Model 4,11,ROA_last1,0.0185226704657037,0.8684721639134185
Model 4,12,ClosingPrice_cur,0.013881414026141552,0.88235357793956
Model 4,13,EPS_last1,0.011959616850743657,0.8943131947903037
Model 4,14,GrossMargin_last1,0.011407542335401,0.9057207371257047
Model 4,15,FnG_YoY,0.0035440973777787444,0.9092648345034834
Model 4,16,VIX_YoY_Lag2,0.003363580400532807,0.9126284149040162
Model 4,17,VIX_YoY_Lag1,0.003312789224951888,0.9159412041289682
Model 4,18,TotalUnempPct_YoY_last1,0.003170696459186492,0.9191119005881546
Model 4,19,VIX_YoY_Lag3,0.0031106256166623125,0.9222225262048169
Model 4,20,DJIA_YoY,0.0030480764467639802,0.9252706026515809
Model 4,1,QuarterlyVolatility_Lag1,0.4029321779001427,0.4029321779001427
Model 4,2,QuarterlyVolatility_Lag2,0.13664226380497763,0.5395744417051203
Model 4,3,Spread_cur,0.1338350102345433,0.6734094519396636
Model 4,4,QuarterlyVolatility_Lag3,0.06270421707061398,0.7361136690102776
Model 4,5,TradingMoney_cur,0.03206586574411621,0.7681795347543938
Model 4,6,TradingTurnover_cur,0.024694033089110595,0.7928735678435044
Model 4,7,TradingVolume_cur,0.024143116787981287,0.8170166846314857
Model 4,8,Last3mCumulativeRevenue_last1,0.018337962050383624,0.8353546466818693
Model 4,9,ROE_last1,0.01819669966535496,0.8535513463472243
Model 4,10,Last3mCumulativeRevenueGrowthRate_last1,0.01703131699349295,0.8705826633407172
Model 4,11,ROA_last1,0.016986328746320944,0.8875689920870382
Model 4,12,ClosingPrice_cur,0.01100105881427956,0.8985700509013178
Model 4,13,EPS_last1,0.009115624486124373,0.9076856753874422
Model 4,14,GrossMargin_last1,0.008119542625334535,0.9158052180127767
Model 4,15,VIX_YoY_Lag2,0.0038528239954574873,0.9196580420082342
Model 4,16,FnG_YoY,0.0033284917857656798,0.9229865337939999
Model 4,17,VIX_YoY_Lag1,0.00313139400668315,0.926117927800683
Model 4,18,SOX_YoY,0.0029936604085901816,0.9291115882092732
Model 4,19,TotalUnempPct_YoY_Lag1_last1,0.0029175276732173526,0.9320291158824906
Model 4,20,DJIA_YoY,0.002619973567982966,0.9346490894504735
Model 4,1,QuarterlyVolatility_Lag1,0.37789905922800293,0.37789905922800293
Model 4,2,QuarterlyVolatility_Lag2,0.15129193709118088,0.5291909963191839
Model 4,3,Spread_cur,0.14336346752816484,0.6725544638473487
Model 4,4,QuarterlyVolatility_Lag3,0.06534014580423665,0.7378946096515854
Model 4,5,TradingMoney_cur,0.031104808208050685,0.7689994178596361
Model 4,6,TradingTurnover_cur,0.025788758217895738,0.7947881760775318
Model 4,7,TradingVolume_cur,0.023500749331457835,0.8182889254089897
Model 4,8,ROE_last1,0.017933242661608607,0.8362221680705982
Model 4,9,Last3mCumulativeRevenue_last1,0.01724393334412745,0.8534661014147257
Model 4,10,Last3mCumulativeRevenueGrowthRate_last1,0.016662203668268556,0.8701283050829942
Model 4,11,ROA_last1,0.016359411198146614,0.8864877162811409
Model 4,12,ClosingPrice_cur,0.011145161624541653,0.8976328779056825
Model 4,13,EPS_last1,0.009251064061198463,0.9068839419668809
Model 4,14,GrossMargin_last1,0.008094341845770927,0.9149782838126519
Model 4,15,VIX_YoY_Lag2,0.0034379239959659524,0.9184162078086179
Model 4,16,FnG_YoY,0.0033855134553505794,0.9218017212639684
Model 4,17,IXIC_YoY,0.002914007338724455,0.9247157286026929
Model 4,18,VIX_YoY_Lag1,0.002890958080338426,0.9276066866830314
Model 4,19,VIX_YoY_Lag3,0.002817047087658465,0.9304237337706899
Model 4,20,SOX_YoY,0.002802440354372934,0.9332261741250628
Model 4,1,QuarterlyVolatility_Lag1,0.3774327424207766,0.3774327424207766
Model 4,2,QuarterlyVolatility_Lag2,0.1540930029065408,0.5315257453273174
Model 4,3,Spread_cur,0.1443305297698546,0.675856275097172
Model 4,4,QuarterlyVolatility_Lag3,0.0649780393078088,0.7408343144049808
Model 4,5,TradingMoney_cur,0.031202818947516083,0.7720371333524969
Model 4,6,TradingTurnover_cur,0.026286214164484487,0.7983233475169814
Model 4,7,TradingVolume_cur,0.022226352083744256,0.8205496996007257
Model 4,8,ROE_last1,0.01776859112637744,0.8383182907271031
Model 4,9,Last3mCumulativeRevenue_last1,0.017055598626042476,0.8553738893531455
Model 4,10,Last3mCumulativeRevenueGrowthRate_last1,0.01614876012706758,0.8715226494802131
Model 4,11,ROA_last1,0.016104327593380423,0.8876269770735935
Model 4,12,ClosingPrice_cur,0.010760282046850839,0.8983872591204444
Model 4,13,EPS_last1,0.009035120336069322,0.9074223794565137
Model 4,14,GrossMargin_last1,0.008032840434109904,0.9154552198906236
Model 4,15,FnG_YoY,0.0033806061323378885,0.9188358260229615
Model 4,16,VIX_YoY_Lag2,0.0032537017196554254,0.922089527742617
Model 4,17,VIX_YoY_Lag1,0.0028876359204512677,0.9249771636630683
Model 4,18,VIX_YoY_Lag3,0.002858577209583441,0.9278357408726517
Model 4,19,TotalUnempPct_YoY_last1,0.0028529751345712194,0.9306887160072229
Model 4,20,IXIC_YoY,0.0028332463665454713,0.9335219623737684
Model 4,1,QuarterlyVolatility_Lag1,0.422825821961602,0.422825821961602
Model 4,2,QuarterlyVolatility_Lag2,0.14836824713390512,0.5711940690955071
Model 4,3,Spread_cur,0.13759287782032098,0.7087869469158281
Model 4,4,QuarterlyVolatility_Lag3,0.06196873087415066,0.7707556777899788
Model 4,5,TradingMoney_cur,0.028294829588274954,0.7990505073782538
Model 4,6,TradingTurnover_cur,0.023339689342198683,0.8223901967204524
Model 4,7,TradingVolume_cur,0.022697812098748077,0.8450880088192005
Model 4,8,Last3mCumulativeRevenueGrowthRate_last1,0.016843005380804285,0.8619310142000048
Model 4,9,Last3mCumulativeRevenue_last1,0.016092436502269693,0.8780234507022745
Model 4,10,ROE_last1,0.01429126850534973,0.8923147192076242
Model 4,11,ROA_last1,0.013530185986899859,0.905844905194524
Model 4,12,ClosingPrice_cur,0.008711088671545183,0.9145559938660691
Model 4,13,EPS_last1,0.00627490547979133,0.9208308993458605
Model 4,14,GrossMargin_last1,0.00600698340585151,0.926837882751712
Model 4,15,VIX_YoY_Lag2,0.003282430050249957,0.930120312801962
Model 4,16,SOX_YoY,0.002937875704389813,0.9330581885063518
Model 4,17,TotalUnempPct_YoY_Lag1_last1,0.0026791819844519723,0.9357373704908037
Model 4,18,IXIC_YoY_Lag3,0.002631960000027398,0.9383693304908312
Model 4,19,FnG_YoY,0.0026216544403999797,0.9409909849312311
Model 4,20,IXIC_YoY,0.0024875682593043995,0.9434785531905355
Model 4,1,QuarterlyVolatility_Lag1,0.3947896434107285,0.3947896434107285
Model 4,2,QuarterlyVolatility_Lag2,0.15802259950933856,0.552812242920067
Model 4,3,Spread_cur,0.15125091821301492,0.704063161133082
Model 4,4,QuarterlyVolatility_Lag3,0.06757604508015011,0.7716392062132321
Model 4,5,TradingMoney_cur,0.029763386810577084,0.8014025930238092
Model 4,6,TradingTurnover_cur,0.02422600538917492,0.8256285984129842
Model 4,7,TradingVolume_cur,0.0217770582602867,0.847405656673271
Model 4,8,Last3mCumulativeRevenueGrowthRate_last1,0.015143623623906229,0.8625492802971771
Model 4,9,Last3mCumulativeRevenue_last1,0.014925469120127335,0.8774747494173045
Model 4,10,ROE_last1,0.01471080855255061,0.8921855579698551
Model 4,11,ROA_last1,0.013343828660574857,0.9055293866304299
Model 4,12,ClosingPrice_cur,0.008431766943692222,0.9139611535741221
Model 4,13,EPS_last1,0.0062768940887094424,0.9202380476628316
Model 4,14,GrossMargin_last1,0.006024338955407891,0.9262623866182395
Model 4,15,VIX_YoY_Lag2,0.0033712533244843017,0.9296336399427237
Model 4,16,FnG_YoY,0.0027145997814461234,0.9323482397241699
Model 4,17,SOX_YoY,0.002633414484627279,0.9349816542087972
Model 4,18,VIX_YoY,0.0025267003448779268,0.9375083545536751
Model 4,19,FnG_YoY_Lag3,0.002486786321099536,0.9399951408747746
Model 4,20,IXIC_YoY,0.002409116114069592,0.9424042569888442
Model 4,1,QuarterlyVolatility_Lag1,0.39031538155104906,0.39031538155104906
Model 4,2,QuarterlyVolatility_Lag2,0.1627644699894981,0.5530798515405472
Model 4,3,Spread_cur,0.15648806415665917,0.7095679156972063
Model 4,4,QuarterlyVolatility_Lag3,0.06561305496466964,0.775180970661876
Model 4,5,TradingMoney_cur,0.02894612619431969,0.8041270968561957
Model 4,6,TradingTurnover_cur,0.025133513980520664,0.8292606108367163
Model 4,7,TradingVolume_cur,0.020501268750300436,0.8497618795870168
Model 4,8,ROE_last1,0.014533219438983773,0.8642950990260005
Model 4,9,Last3mCumulativeRevenue_last1,0.014392999480572146,0.8786880985065727
Model 4,10,Last3mCumulativeRevenueGrowthRate_last1,0.014318378594232245,0.8930064771008049
Model 4,11,ROA_last1,0.013496336735264926,0.9065028138360699
Model 4,12,ClosingPrice_cur,0.008139506391603312,0.9146423202276732
Model 4,13,EPS_last1,0.00606863602490866,0.9207109562525819
Model 4,14,GrossMargin_last1,0.0057962374707201825,0.9265071937233021
Model 4,15,VIX_YoY_Lag2,0.0030619994577868823,0.929569193181089
Model 4,16,FnG_YoY,0.002779516599144871,0.9323487097802339
Model 4,17,SOX_YoY,0.002544113324503973,0.9348928231047379
Model 4,18,VIX_YoY,0.00247943672167968,0.9373722598264176
Model 4,19,FnG_YoY_Lag3,0.0024185305445224422,0.93979079037094
Model 4,20,TotalUnempPct_YoY_last1,0.0024042670534056686,0.9421950574243457
Model 4,1,QuarterlyVolatility_Lag1,0.3449390567290144,0.3449390567290144
Model 4,2,QuarterlyVolatility_Lag2,0.14118574642006906,0.48612480314908346
Model 4,3,Spread_cur,0.12163051849355956,0.607755321642643
Model 4,4,QuarterlyVolatility_Lag3,0.06486657901865797,0.672621900661301
Model 4,5,TradingTurnover_cur,0.03309811254204138,0.7057200132033424
Model 4,6,TradingMoney_cur,0.032372831363328865,0.7380928445666713
Model 4,7,TradingVolume_cur,0.03163802437230922,0.7697308689389806
Model 4,8,ROE_last1,0.02296883998638784,0.7926997089253685
Model 4,9,Last3mCumulativeRevenue_last1,0.0221090754574186,0.814808784382787
Model 4,10,ROA_last1,0.021789876875587293,0.8365986612583743
Model 4,11,Last3mCumulativeRevenueGrowthRate_last1,0.021681650711642728,0.8582803119700171
Model 4,12,ClosingPrice_cur,0.016678766028677423,0.8749590779986945
Model 4,13,EPS_last1,0.015276727515920015,0.8902358055146146
Model 4,14,GrossMargin_last1,0.014066525119960696,0.9043023306345752
Model 4,15,VIX_YoY_Lag1,0.003457881121243723,0.9077602117558189
Model 4,16,VIX_YoY_Lag2,0.0034057098768343753,0.9111659216326533
Model 4,17,FnG_YoY,0.003392105002464148,0.9145580266351174
Model 4,18,SOX_YoY,0.0032587804318876343,0.9178168070670051
Model 4,19,SOX_YoY_Lag3,0.00323607836923746,0.9210528854362425
Model 4,20,IXIC_YoY,0.0031575573702669504,0.9242104428065094
Model 4,1,QuarterlyVolatility_Lag1,0.33207671688131474,0.33207671688131474
Model 4,2,QuarterlyVolatility_Lag2,0.14715130682879168,0.4792280237101064
Model 4,3,Spread_cur,0.12775695180572932,0.6069849755158357
Model 4,4,QuarterlyVolatility_Lag3,0.06529478921970869,0.6722797647355444
Model 4,5,TradingMoney_cur,0.03380688301061748,0.7060866477461619
Model 4,6,TradingTurnover_cur,0.03246859343287515,0.738555241179037
Model 4,7,TradingVolume_cur,0.02944958187402049,0.7680048230530575
Model 4,8,ROE_last1,0.02309398121092711,0.7910988042639846
Model 4,9,Last3mCumulativeRevenueGrowthRate_last1,0.02245215367454133,0.8135509579385259
Model 4,10,Last3mCumulativeRevenue_last1,0.022292272640208884,0.8358432305787348
Model 4,11,ROA_last1,0.020937695204297564,0.8567809257830323
Model 4,12,ClosingPrice_cur,0.01695744056565615,0.8737383663486885
Model 4,13,EPS_last1,0.015072736380780239,0.8888111027294687
Model 4,14,GrossMargin_last1,0.01386340544497218,0.902674508174441
Model 4,15,VIX_YoY_Lag2,0.003463223180756445,0.9061377313551974
Model 4,16,FnG_YoY,0.0034150528505088205,0.9095527842057062
Model 4,17,VIX_YoY_Lag3,0.003180388134991788,0.912733172340698
Model 4,18,VIX_YoY_Lag1,0.0031676807392597133,0.9159008530799576
Model 4,19,SOX_YoY_Lag3,0.003033253725980731,0.9189341068059383
Model 4,20,TotalUnempPct_YoY_last1,0.00302068458322697,0.9219547913891654
Model 4,1,QuarterlyVolatility_Lag1,0.33062645976119226,0.33062645976119226
Model 4,2,QuarterlyVolatility_Lag2,0.1443739280061759,0.4750003877673682
Model 4,3,Spread_cur,0.13418159726305964,0.6091819850304279
Model 4,4,QuarterlyVolatility_Lag3,0.06597503237821185,0.6751570174086398
Model 4,5,TradingMoney_cur,0.03410579544836469,0.7092628128570044
Model 4,6,TradingTurnover_cur,0.03201957631194761,0.7412823891689521
Model 4,7,TradingVolume_cur,0.028750737875653465,0.7700331270446055
Model 4,8,ROE_last1,0.022937571160505925,0.7929706982051113
Model 4,9,Last3mCumulativeRevenue_last1,0.022130750045498616,0.8151014482506099
Model 4,10,Last3mCumulativeRevenueGrowthRate_last1,0.021868691773934117,0.8369701400245441
Model 4,11,ROA_last1,0.020152209707855907,0.8571223497324
Model 4,12,ClosingPrice_cur,0.016717353146053764,0.8738397028784537
Model 4,13,EPS_last1,0.014691744575627606,0.8885314474540813
Model 4,14,GrossMargin_last1,0.01381633539871049,0.9023477828527918
Model 4,15,VIX_YoY_Lag2,0.0033470392167675965,0.9056948220695594
Model 4,16,FnG_YoY,0.0033380592725922808,0.9090328813421517
Model 4,17,VIX_YoY_Lag1,0.003335518377293488,0.9123683997194452
Model 4,18,SOX_YoY,0.0031020036478020927,0.9154704033672473
Model 4,19,TotalUnempPct_YoY_last1,0.0030968295491334437,0.9185672329163808
Model 4,20,IXIC_YoY,0.003075825430353439,0.9216430583467342
Model 4,1,QuarterlyVolatility_Lag1,0.35631068413362066,0.35631068413362066
Model 4,2,QuarterlyVolatility_Lag2,0.15067569962282018,0.5069863837564408
Model 4,3,Spread_cur,0.12577890444597306,0.6327652882024138
Model 4,4,QuarterlyVolatility_Lag3,0.07196397950283367,0.7047292677052475
Model 4,5,TradingMoney_cur,0.03106721759359073,0.7357964852988382
Model 4,6,TradingTurnover_cur,0.03024561397474329,0.7660420992735815
Model 4,7,TradingVolume_cur,0.029477883244093825,0.7955199825176753
Model 4,8,ROE_last1,0.02187960191528489,0.8173995844329602
Model 4,9,Last3mCumulativeRevenueGrowthRate_last1,0.021216526135340037,0.8386161105683003
Model 4,10,Last3mCumulativeRevenue_last1,0.020289279965564636,0.8589053905338649
Model 4,11,ROA_last1,0.018832077371432623,0.8777374679052976
Model 4,12,ClosingPrice_cur,0.013266588529304096,0.8910040564346017
Model 4,13,EPS_last1,0.011118746281305247,0.902122802715907
Model 4,14,GrossMargin_last1,0.009030493512593107,0.9111532962285
Model 4,15,VIX_YoY_Lag2,0.0036922605596623,0.9148455567881624
Model 4,16,SOX_YoY_Lag3,0.0030673437408114883,0.9179129005289739
Model 4,17,TotalUnempPct_YoY_last1,0.0029908955878649814,0.9209037961168389
Model 4,18,VIX_YoY_Lag1,0.0029679837187824346,0.9238717798356214
Model 4,19,FnG_YoY,0.00291350303428387,0.9267852828699052
Model 4,20,IXIC_YoY,0.002873342978872047,0.9296586258487773
Model 4,1,QuarterlyVolatility_Lag1,0.3490646927741294,0.3490646927741294
Model 4,2,QuarterlyVolatility_Lag2,0.1519872999008651,0.5010519926749945
Model 4,3,Spread_cur,0.1349754876905672,0.6360274803655617
Model 4,4,QuarterlyVolatility_Lag3,0.06996408236772841,0.7059915627332901
Model 4,5,TradingMoney_cur,0.031928778110345696,0.7379203408436358
Model 4,6,TradingTurnover_cur,0.03126748757696062,0.7691878284205964
Model 4,7,TradingVolume_cur,0.028383008107714457,0.7975708365283108
Model 4,8,Last3mCumulativeRevenue_last1,0.02020198760073511,0.817772824129046
Model 4,9,ROE_last1,0.020026750190415672,0.8377995743194616
Model 4,10,Last3mCumulativeRevenueGrowthRate_last1,0.020016131196037495,0.8578157055154991
Model 4,11,ROA_last1,0.01813292547006742,0.8759486309855665
Model 4,12,ClosingPrice_cur,0.013940884687303947,0.8898895156728704
Model 4,13,EPS_last1,0.011257002678921286,0.9011465183517917
Model 4,14,GrossMargin_last1,0.009537004379994446,0.9106835227317862
Model 4,15,VIX_YoY_Lag2,0.0034272525959572406,0.9141107753277434
Model 4,16,SOX_YoY,0.0029345789525540155,0.9170453542802974
Model 4,17,FnG_YoY,0.0029251244479014536,0.9199704787281989
Model 4,18,SOX_YoY_Lag3,0.0028979265251271756,0.9228684052533261
Model 4,19,IXIC_YoY,0.0028942237567521033,0.9257626290100782
Model 4,20,TotalUnempPct_YoY_last1,0.002862657355386333,0.9286252863654646
Model 4,1,QuarterlyVolatility_Lag1,0.3471525615528864,0.3471525615528864
Model 4,2,QuarterlyVolatility_Lag2,0.14834325492885453,0.4954958164817409
Model 4,3,Spread_cur,0.14343952467567364,0.6389353411574146
Model 4,4,QuarterlyVolatility_Lag3,0.06880439074323692,0.7077397319006515
Model 4,5,TradingMoney_cur,0.03346706210551968,0.7412067940061712
Model 4,6,TradingTurnover_cur,0.031362802614337604,0.7725695966205088
Model 4,7,TradingVolume_cur,0.026726096810271438,0.7992956934307802
Model 4,8,ROE_last1,0.02025109209308174,0.819546785523862
Model 4,9,Last3mCumulativeRevenue_last1,0.019972248636295153,0.839519034160157
Model 4,10,Last3mCumulativeRevenueGrowthRate_last1,0.01913157970133362,0.8586506138614907
Model 4,11,ROA_last1,0.017970407955437948,0.8766210218169286
Model 4,12,ClosingPrice_cur,0.013670498150150949,0.8902915199670796
Model 4,13,EPS_last1,0.010811620094778925,0.9011031400618584
Model 4,14,GrossMargin_last1,0.009767884807996481,0.9108710248698549
Model 4,15,VIX_YoY_Lag2,0.003325698922299724,0.9141967237921547
Model 4,16,IXIC_YoY,0.002913708178669053,0.9171104319708238
Model 4,17,TotalUnempPct_YoY_last1,0.0029090135345746057,0.9200194455053984
Model 4,18,FnG_YoY,0.002885396537570821,0.9229048420429692
Model 4,19,SOX_YoY,0.002878780636014189,0.9257836226789834
Model 4,20,VIX_YoY_Lag1,0.0028450332035561132,0.9286286558825395
Model 4,1,QuarterlyVolatility_Lag1,0.3935936711565472,0.3935936711565472
Model 4,2,QuarterlyVolatility_Lag2,0.143858515965551,0.5374521871220982
Model 4,3,Spread_cur,0.13106828452007646,0.6685204716421747
Model 4,4,QuarterlyVolatility_Lag3,0.07303342921915418,0.7415539008613288
Model 4,5,TradingVolume_cur,0.028874197398798124,0.7704280982601269
Model 4,6,TradingMoney_cur,0.0281743174642582,0.7986024157243852
Model 4,7,TradingTurnover_cur,0.027781307336422513,0.8263837230608077
Model 4,8,Last3mCumulativeRevenueGrowthRate_last1,0.01778925658923501,0.8441729796500427
Model 4,9,ROE_last1,0.016913924557903165,0.8610869042079459
Model 4,10,ROA_last1,0.016884325973769918,0.8779712301817157
Model 4,11,Last3mCumulativeRevenue_last1,0.016586021158608733,0.8945572513403245
Model 4,12,ClosingPrice_cur,0.010256748314712771,0.9048139996550373
Model 4,13,EPS_last1,0.00928551091841833,0.9140995105734556
Model 4,14,GrossMargin_last1,0.006227843780407187,0.9203273543538628
Model 4,15,VIX_YoY_Lag2,0.0033088121425055776,0.9236361664963684
Model 4,16,VIX_YoY_Lag1,0.003120100308296991,0.9267562668046654
Model 4,17,IXIC_YoY_Lag3,0.0027312449870275607,0.929487511791693
Model 4,18,SOX_YoY_Lag3,0.0026982767838075587,0.9321857885755005
Model 4,19,IXIC_YoY,0.0025855417388228447,0.9347713303143234
Model 4,20,SOX_YoY,0.0024792276450129064,0.9372505579593363
Model 4,1,QuarterlyVolatility_Lag1,0.3687119936617619,0.3687119936617619
Model 4,2,QuarterlyVolatility_Lag2,0.15514706957763177,0.5238590632393937
Model 4,3,Spread_cur,0.14566178113055858,0.6695208443699523
Model 4,4,QuarterlyVolatility_Lag3,0.07044335919633775,0.73996420356629
Model 4,5,TradingMoney_cur,0.03094512106431388,0.7709093246306039
Model 4,6,TradingTurnover_cur,0.028386324473339896,0.7992956491039438
Model 4,7,TradingVolume_cur,0.02746965637380999,0.8267653054777537
Model 4,8,Last3mCumulativeRevenueGrowthRate_last1,0.018282190811983897,0.8450474962897376
Model 4,9,ROE_last1,0.01744586839121066,0.8624933646809483
Model 4,10,Last3mCumulativeRevenue_last1,0.016490451940417518,0.8789838166213658
Model 4,11,ROA_last1,0.0151467924857633,0.8941306091071292
Model 4,12,ClosingPrice_cur,0.010918573821450697,0.9050491829285798
Model 4,13,EPS_last1,0.008278097555861733,0.9133272804844416
Model 4,14,GrossMargin_last1,0.006758555520533016,0.9200858360049746
Model 4,15,VIX_YoY_Lag2,0.0032312215772916917,0.9233170575822663
Model 4,16,VIX_YoY_Lag1,0.0026710583038160197,0.9259881158860823
Model 4,17,VIX_YoY_Lag3,0.0026100785640006128,0.928598194450083
Model 4,18,SOX_YoY,0.0025524905970970404,0.93115068504718
Model 4,19,FnG_YoY,0.0024426852408827556,0.9335933702880628
Model 4,20,TotalUnempPct_YoY_last1,0.0024035035903072206,0.9359968738783699
Model 4,1,QuarterlyVolatility_Lag1,0.35834217723898987,0.35834217723898987
Model 4,2,QuarterlyVolatility_Lag2,0.15854836791683932,0.5168905451558292
Model 4,3,Spread_cur,0.15331874898472517,0.6702092941405544
Model 4,4,QuarterlyVolatility_Lag3,0.07009300615202617,0.7403023002925806
Model 4,5,TradingMoney_cur,0.03205934501932076,0.7723616453119013
Model 4,6,TradingTurnover_cur,0.029532041606502638,0.801893686918404
Model 4,7,TradingVolume_cur,0.025827371757589822,0.8277210586759939
Model 4,8,ROE_last1,0.017361562578781495,0.8450826212547754
Model 4,9,Last3mCumulativeRevenueGrowthRate_last1,0.01684221247662259,0.8619248337313979
Model 4,10,Last3mCumulativeRevenue_last1,0.01669868718441266,0.8786235209158106
Model 4,11,ROA_last1,0.014966643892551916,0.8935901648083625
Model 4,12,ClosingPrice_cur,0.011134958560768184,0.9047251233691307
Model 4,13,EPS_last1,0.008043627069499116,0.9127687504386298
Model 4,14,GrossMargin_last1,0.006957929475994538,0.9197266799146243
Model 4,15,VIX_YoY_Lag2,0.0030390831426570365,0.9227657630572813
Model 4,16,VIX_YoY_Lag1,0.0027832350480482375,0.9255489981053295
Model 4,17,IXIC_YoY,0.0026070149466643363,0.9281560130519939
Model 4,18,TotalUnempPct_YoY_last1,0.0025844720786723577,0.9307404851306663
Model 4,19,SOX_YoY,0.0025231334753923885,0.9332636186060587
Model 4,20,SOX_YoY_Lag3,0.002497489113647366,0.935761107719706
Model 4,1,QuarterlyVolatility_Lag1,0.722893524484339,0.722893524484339
Model 4,2,Spread_cur,0.08925339477315464,0.8121469192574936
Model 4,3,QuarterlyVolatility_Lag3,0.026067583479716463,0.8382145027372101
Model 4,4,QuarterlyVolatility_Lag2,0.018246614897655316,0.8564611176348654
Model 4,5,Last3mCumulativeRevenueGrowthRate_last1,0.011773959475762636,0.8682350771106281
Model 4,6,ROE_last1,0.008739092097756529,0.8769741692083846
Model 4,7,Last3mCumulativeRevenue_last1,0.00787079194394984,0.8848449611523344
Model 4,8,GrossMargin_last1,0.007673665838535507,0.8925186269908698
Model 4,9,ClosingPrice_cur,0.007425742924461938,0.8999443699153318
Model 4,10,TradingVolume_cur,0.007335444372907054,0.9072798142882388
Model 4,11,TradingMoney_cur,0.007306636120049584,0.9145864504082883
Model 4,12,ROA_last1,0.007123131057790164,0.9217095814660785
Model 4,13,EPS_last1,0.006670532492359761,0.9283801139584382
Model 4,14,FnG_YoY,0.006360026014039825,0.9347401399724781
Model 4,15,TradingTurnover_cur,0.005935720522559012,0.940675860495037
Model 4,16,FnG_YoY_Lag2,0.005711911301744444,0.9463877717967815
Model 4,17,FnG_YoY_Lag1,0.004470975609885031,0.9508587474066665
Model 4,18,TotalUnempPct_YoY_Lag3_last1,0.0034804469463961462,0.9543391943530627
Model 4,19,FnG_YoY_Lag3,0.0031174874925690267,0.9574566818456317
Model 4,20,VIX_YoY,0.002956243434716301,0.960412925280348
Model 4,1,QuarterlyVolatility_Lag1,0.7222847290178595,0.7222847290178595
Model 4,2,Spread_cur,0.08979801605212001,0.8120827450699795
Model 4,3,QuarterlyVolatility_Lag3,0.026228863618265586,0.8383116086882451
Model 4,4,QuarterlyVolatility_Lag2,0.01771413379292128,0.8560257424811664
Model 4,5,Last3mCumulativeRevenueGrowthRate_last1,0.011565748879768942,0.8675914913609353
Model 4,6,ROE_last1,0.008740991251339914,0.8763324826122751
Model 4,7,Last3mCumulativeRevenue_last1,0.008315084644247725,0.8846475672565228
Model 4,8,GrossMargin_last1,0.00785935521099352,0.8925069224675164
Model 4,9,TradingVolume_cur,0.007552856504152216,0.9000597789716686
Model 4,10,ClosingPrice_cur,0.007443740576129662,0.9075035195477982
Model 4,11,TradingMoney_cur,0.007141908006846894,0.9146454275546451
Model 4,12,ROA_last1,0.007002166976613557,0.9216475945312587
Model 4,13,EPS_last1,0.006787842115301103,0.9284354366465598
Model 4,14,FnG_YoY,0.006255944386264788,0.9346913810328246
Model 4,15,TradingTurnover_cur,0.005965575778389626,0.9406569568112142
Model 4,16,FnG_YoY_Lag2,0.005322980890080212,0.9459799377012944
Model 4,17,FnG_YoY_Lag1,0.004252960278173964,0.9502328979794684
Model 4,18,TotalUnempPct_YoY_Lag3_last1,0.003591091239894688,0.9538239892193631
Model 4,19,FnG_YoY_Lag3,0.003253145096049754,0.9570771343154129
Model 4,20,VIX_YoY,0.002937785764389531,0.9600149200798024
Model 4,1,QuarterlyVolatility_Lag1,0.722728996403056,0.722728996403056
Model 4,2,Spread_cur,0.08961303038707416,0.8123420267901301
Model 4,3,QuarterlyVolatility_Lag3,0.025942238610527572,0.8382842654006577
Model 4,4,QuarterlyVolatility_Lag2,0.01760234864635124,0.8558866140470089
Model 4,5,Last3mCumulativeRevenueGrowthRate_last1,0.011473046632135045,0.8673596606791439
Model 4,6,ROE_last1,0.009004851660646974,0.876364512339791
Model 4,7,Last3mCumulativeRevenue_last1,0.008426553024826502,0.8847910653646175
Model 4,8,GrossMargin_last1,0.007894874910777644,0.8926859402753952
Model 4,9,TradingVolume_cur,0.007635713408919027,0.9003216536843142
Model 4,10,ClosingPrice_cur,0.007383841275528979,0.9077054949598431
Model 4,11,TradingMoney_cur,0.0071339406132206505,0.9148394355730638
Model 4,12,ROA_last1,0.006817370081677747,0.9216568056547415
Model 4,13,EPS_last1,0.006803685454787509,0.928460491109529
Model 4,14,FnG_YoY,0.006321495257971158,0.9347819863675002
Model 4,15,TradingTurnover_cur,0.00602241140966652,0.9408043977771667
Model 4,16,FnG_YoY_Lag2,0.005349213759258232,0.946153611536425
Model 4,17,FnG_YoY_Lag1,0.004210966246238954,0.9503645777826639
Model 4,18,TotalUnempPct_YoY_Lag3_last1,0.0036295649619466253,0.9539941427446106
Model 4,19,FnG_YoY_Lag3,0.003184461482299011,0.9571786042269096
Model 4,20,VIX_YoY,0.0029864003501873836,0.960165004577097
Model 4,1,QuarterlyVolatility_Lag1,0.7643054290475844,0.7643054290475844
Model 4,2,Spread_cur,0.08958626629878028,0.8538916953463647
Model 4,3,QuarterlyVolatility_Lag3,0.02313819412699559,0.8770298894733602
Model 4,4,QuarterlyVolatility_Lag2,0.014396717898800683,0.891426607372161
Model 4,5,Last3mCumulativeRevenueGrowthRate_last1,0.008228212877695817,0.8996548202498568
Model 4,6,ROE_last1,0.006554825208195347,0.9062096454580522
Model 4,7,Last3mCumulativeRevenue_last1,0.0054928604357752245,0.9117025058938274
Model 4,8,FnG_YoY,0.005432250963527287,0.9171347568573547
Model 4,9,TradingMoney_cur,0.005380201030874168,0.9225149578882289
Model 4,10,GrossMargin_last1,0.005180057056924409,0.9276950149451533
Model 4,11,ClosingPrice_cur,0.005025163967921922,0.9327201789130752
Model 4,12,FnG_YoY_Lag2,0.004924707183122998,0.9376448860961982
Model 4,13,TradingVolume_cur,0.004787912744482784,0.942432798840681
Model 4,14,ROA_last1,0.004682298426930176,0.9471150972676111
Model 4,15,EPS_last1,0.004099004401309942,0.9512141016689211
Model 4,16,TradingTurnover_cur,0.0038609113302095874,0.9550750129991307
Model 4,17,TotalUnempPct_YoY_Lag3_last1,0.003516522617732133,0.9585915356168628
Model 4,18,FnG_YoY_Lag1,0.0033412468240563422,0.9619327824409192
Model 4,19,FnG_YoY_Lag3,0.0025090836395890823,0.9644418660805083
Model 4,20,VIX_YoY,0.0023757660744706207,0.966817632154979
Model 4,1,QuarterlyVolatility_Lag1,0.7633539043314945,0.7633539043314945
Model 4,2,Spread_cur,0.0902834233219532,0.8536373276534477
Model 4,3,QuarterlyVolatility_Lag3,0.023029980915655977,0.8766673085691037
Model 4,4,QuarterlyVolatility_Lag2,0.013873371880939418,0.8905406804500431
Model 4,5,Last3mCumulativeRevenueGrowthRate_last1,0.008444036444478366,0.8989847168945214
Model 4,6,ROE_last1,0.006555158669179756,0.9055398755637012
Model 4,7,Last3mCumulativeRevenue_last1,0.005444147447661366,0.9109840230113626
Model 4,8,FnG_YoY,0.005431772016075074,0.9164157950274376
Model 4,9,GrossMargin_last1,0.005203232636554183,0.9216190276639918
Model 4,10,TradingMoney_cur,0.005199163422832847,0.9268181910868247
Model 4,11,ClosingPrice_cur,0.004971810901538572,0.9317900019883633
Model 4,12,TradingVolume_cur,0.004948526995865061,0.9367385289842283
Model 4,13,FnG_YoY_Lag2,0.004772642433972901,0.9415111714182012
Model 4,14,ROA_last1,0.004648758896085845,0.946159930314287
Model 4,15,EPS_last1,0.004308797385475313,0.9504687276997623
Model 4,16,TradingTurnover_cur,0.003934594565846004,0.9544033222656083
Model 4,17,TotalUnempPct_YoY_Lag3_last1,0.003498947643838409,0.9579022699094467
Model 4,18,FnG_YoY_Lag1,0.003368108023411985,0.9612703779328587
Model 4,19,FnG_YoY_Lag3,0.0026479674015056796,0.9639183453343644
Model 4,20,VIX_YoY,0.0024066943211873094,0.9663250396555517
Model 4,1,QuarterlyVolatility_Lag1,0.7636159757609263,0.7636159757609263
Model 4,2,Spread_cur,0.08997440791082667,0.853590383671753
Model 4,3,QuarterlyVolatility_Lag3,0.023041977031315365,0.8766323607030684
Model 4,4,QuarterlyVolatility_Lag2,0.013944070038236351,0.8905764307413048
Model 4,5,Last3mCumulativeRevenueGrowthRate_last1,0.008376519693310654,0.8989529504346154
Model 4,6,ROE_last1,0.006556255451187066,0.9055092058858025
Model 4,7,FnG_YoY,0.005556319030502053,0.9110655249163045
Model 4,8,Last3mCumulativeRevenue_last1,0.0054796465751234666,0.916545171491428
Model 4,9,GrossMargin_last1,0.005197364588616733,0.9217425360800447
Model 4,10,TradingMoney_cur,0.005166647453802972,0.9269091835338478
Model 4,11,TradingVolume_cur,0.005021995555788276,0.9319311790896361
Model 4,12,ClosingPrice_cur,0.004954461175294546,0.9368856402649306
Model 4,13,FnG_YoY_Lag2,0.004754363368448105,0.9416400036333787
Model 4,14,ROA_last1,0.004612055421628761,0.9462520590550075
Model 4,15,EPS_last1,0.0043485631615034865,0.950600622216511
Model 4,16,TradingTurnover_cur,0.003990564584875284,0.9545911868013862
Model 4,17,TotalUnempPct_YoY_Lag3_last1,0.00350269759873462,0.9580938844001209
Model 4,18,FnG_YoY_Lag1,0.003301488112838467,0.9613953725129594
Model 4,19,FnG_YoY_Lag3,0.0025641291947716485,0.963959501707731
Model 4,20,VIX_YoY,0.002395319224293892,0.966354820932025
Model 4,1,QuarterlyVolatility_Lag1,0.8052991641035088,0.8052991641035088
Model 4,2,Spread_cur,0.0895729733114199,0.8948721374149287
Model 4,3,QuarterlyVolatility_Lag3,0.020126889849604757,0.9149990272645334
Model 4,4,QuarterlyVolatility_Lag2,0.010597452691327981,0.9255964799558614
Model 4,5,Last3mCumulativeRevenueGrowthRate_last1,0.005221972124090239,0.9308184520799516
Model 4,6,FnG_YoY,0.004666863306468009,0.9354853153864197
Model 4,7,FnG_YoY_Lag2,0.0045872586650479615,0.9400725740514676
Model 4,8,ROE_last1,0.003567353402451157,0.9436399274539188
Model 4,9,GrossMargin_last1,0.002868738593304721,0.9465086660472235
Model 4,10,Last3mCumulativeRevenue_last1,0.002801965846022052,0.9493106318932456
Model 4,11,ClosingPrice_cur,0.0027010884470043436,0.95201172034025
Model 4,12,TotalUnempPct_YoY_Lag3_last1,0.002682217180762757,0.9546939375210127
Model 4,13,TradingMoney_cur,0.0026508649202284726,0.9573448024412412
Model 4,14,FnG_YoY_Lag1,0.0025688250277409322,0.9599136274689821
Model 4,15,ROA_last1,0.0025535547091510746,0.9624671821781332
Model 4,16,TradingVolume_cur,0.0024849853123706097,0.9649521674905038
Model 4,17,EPS_last1,0.002172183036525084,0.9671243505270289
Model 4,18,TradingTurnover_cur,0.002083513860034342,0.9692078643870633
Model 4,19,DJIA_YoY,0.0018054153689422156,0.9710132797560055
Model 4,20,FnG_YoY_Lag3,0.0017478625440959475,0.9727611423001015
Model 4,1,QuarterlyVolatility_Lag1,0.8042889598178802,0.8042889598178802
Model 4,2,Spread_cur,0.09033337446840448,0.8946223342862847
Model 4,3,QuarterlyVolatility_Lag3,0.020193503155502102,0.9148158374417867
Model 4,4,QuarterlyVolatility_Lag2,0.010313707526363625,0.9251295449681504
Model 4,5,Last3mCumulativeRevenueGrowthRate_last1,0.005282938980462516,0.9304124839486129
Model 4,6,FnG_YoY,0.00460159987591516,0.935014083824528
Model 4,7,FnG_YoY_Lag2,0.004469620545137817,0.9394837043696658
Model 4,8,ROE_last1,0.0037135515306146293,0.9431972559002804
Model 4,9,Last3mCumulativeRevenue_last1,0.0030844337280896013,0.94628168962837
Model 4,10,GrossMargin_last1,0.0028780552362623487,0.9491597448646324
Model 4,11,ClosingPrice_cur,0.0027042167571749015,0.9518639616218073
Model 4,12,TotalUnempPct_YoY_Lag3_last1,0.0026620562019842946,0.9545260178237917
Model 4,13,FnG_YoY_Lag1,0.002651053150753894,0.9571770709745455
Model 4,14,ROA_last1,0.0026221164067450425,0.9597991873812906
Model 4,15,TradingMoney_cur,0.0026134045609815405,0.9624125919422721
Model 4,16,TradingVolume_cur,0.002602222991000328,0.9650148149332725
Model 4,17,TradingTurnover_cur,0.002209515965504048,0.9672243308987765
Model 4,18,EPS_last1,0.0021579258512018375,0.9693822567499784
Model 4,19,FnG_YoY_Lag3,0.001803375227485241,0.9711856319774635
Model 4,20,DJIA_YoY,0.0017792496965283121,0.9729648816739919
Model 4,1,QuarterlyVolatility_Lag1,0.8045308230566661,0.8045308230566661
Model 4,2,Spread_cur,0.09012876060727147,0.8946595836639376
Model 4,3,QuarterlyVolatility_Lag3,0.020266965148741593,0.9149265488126792
Model 4,4,QuarterlyVolatility_Lag2,0.010344212479280015,0.9252707612919592
Model 4,5,Last3mCumulativeRevenueGrowthRate_last1,0.005158868103525817,0.930429629395485
Model 4,6,FnG_YoY,0.004670639000637203,0.9351002683961223
Model 4,7,FnG_YoY_Lag2,0.004484759237330725,0.939585027633453
Model 4,8,ROE_last1,0.003688405095458442,0.9432734327289114
Model 4,9,Last3mCumulativeRevenue_last1,0.0031189180747097974,0.9463923508036212
Model 4,10,GrossMargin_last1,0.0028721852863543566,0.9492645360899755
Model 4,11,TotalUnempPct_YoY_Lag3_last1,0.0027113570205490774,0.9519758931105246
Model 4,12,ClosingPrice_cur,0.00267311080566358,0.9546490039161881
Model 4,13,TradingMoney_cur,0.0026348275043010863,0.9572838314204892
Model 4,14,FnG_YoY_Lag1,0.0026238423750098655,0.9599076737954991
Model 4,15,TradingVolume_cur,0.002606906156457707,0.9625145799519569
Model 4,16,ROA_last1,0.0025401355462655486,0.9650547154982224
Model 4,17,TradingTurnover_cur,0.002248647212542166,0.9673033627107646
Model 4,18,EPS_last1,0.00220086577750405,0.9695042284882686
Model 4,19,FnG_YoY_Lag3,0.0018251013504068476,0.9713293298386754
Model 4,20,VIX_YoY,0.0017961531865436009,0.973125483025219
Model 4,1,QuarterlyVolatility_Lag1,0.8216948509216309,0.8216948509216309
Model 4,2,Spread_cur,0.10934057086706161,0.9310353994369507
Model 4,3,QuarterlyVolatility_Lag3,0.06896457821130753,1.0
Model 4,4,ESG_occupational_health_and_safety_last1,0.0,1.0
Model 4,5,ESG_energy_management_last1,0.0,1.0
Model 4,6,ESG_functional_committees_last1,0.0,1.0
Model 4,7,ESG_green_gas_emission_last1,0.0,1.0
Model 4,8,ESG_human_resource_management_last1,0.0,1.0
Model 4,9,ESG_investor_communication_last1,0.0,1.0
Model 4,10,ESG_shareholding_and_control_last1,0.0,1.0
Model 4,11,ESG_board_of_directors_last1,0.0,1.0
Model 4,12,ESG_waste_management_last1,0.0,1.0
Model 4,13,ESG_water_resource_management_last1,0.0,1.0
Model 4,14,OverallIndex_last1,0.0,1.0
Model 4,15,TotalUnempPct_last1,0.0,1.0
Model 4,16,RediscountRate_last1,0.0,1.0
Model 4,17,ESG_climate_related_issues_management_last1,0.0,1.0
Model 4,18,ROA_last1,0.0,1.0
Model 4,19,GrossMargin_last1,0.0,1.0
Model 4,20,OverallIndex_YoY_Lag1_last1,0.0,1.0
Model 4,1,QuarterlyVolatility_Lag1,0.3937262296676636,0.3937262296676636
Model 4,2,Spread_cur,0.06674404442310333,0.4604702591896057
Model 4,3,QuarterlyVolatility_Lag3,0.04022158682346344,0.500691831111908
Model 4,4,ROE_last1,0.035026758909225464,0.535718560218811
Model 4,5,ROA_last1,0.03379392623901367,0.5695124864578247
Model 4,6,QuarterlyVolatility_Lag2,0.030064385384321213,0.5995768904685974
Model 4,7,SP500_YoY,0.02999727427959442,0.629574179649353
Model 4,8,DJIA_YoY_Lag2,0.028483280912041664,0.658057451248169
Model 4,9,OverallIndex_YoY_last1,0.026129040867090225,0.6841865181922913
Model 4,10,TotalUnempPct_YoY_Lag3_last1,0.02384086884558201,0.7080273628234863
Model 4,11,FnG_YoY_Lag2,0.023005375638604164,0.7310327291488647
Model 4,12,TradingTurnover_cur,0.022490637376904488,0.7535233497619629
Model 4,13,IXIC_YoY_Lag1,0.022390825673937798,0.775914192199707
Model 4,14,TotalUnempPct_YoY_Lag1_last1,0.022250093519687653,0.7981643080711365
Model 4,15,TotalUnempPct_YoY_Lag2_last1,0.022167755290865898,0.8203320503234863
Model 4,16,RediscountRate_YoY_Lag3_last1,0.021914444863796234,0.8422464728355408
Model 4,17,DJIA_YoY,0.02162187173962593,0.8638683557510376
Model 4,18,FnG_YoY,0.02028043195605278,0.8841487765312195
Model 4,19,TradingVolume_cur,0.01991134136915207,0.9040601253509521
Model 4,20,SOX_YoY_Lag3,0.0192918349057436,0.9233519434928894
Model 4,1,QuarterlyVolatility_Lag1,0.3415916860103607,0.3415916860103607
Model 4,2,Spread_cur,0.05414016544818878,0.3957318663597107
Model 4,3,QuarterlyVolatility_Lag3,0.03336501866579056,0.42909687757492065
Model 4,4,DJIA_YoY_Lag2,0.02748851850628853,0.4565854072570801
Model 4,5,ROA_last1,0.026899179443717003,0.4834845960140228
Model 4,6,RediscountRate_YoY_Lag3_last1,0.023632828146219254,0.5071174502372742
Model 4,7,SOX_YoY_Lag2,0.022617273032665253,0.52973473072052
Model 4,8,SP500_YoY,0.022057993337512016,0.5517927408218384
Model 4,9,SOX_YoY_Lag3,0.021628068760037422,0.5734208226203918
Model 4,10,TotalUnempPct_YoY_Lag3_last1,0.02070017345249653,0.594120979309082
Model 4,11,DJIA_YoY,0.020627010613679886,0.6147480010986328
Model 4,12,TotalUnempPct_YoY_Lag1_last1,0.020467791706323624,0.6352158188819885
Model 4,13,IXIC_YoY_Lag1,0.019110165536403656,0.6543259620666504
Model 4,14,FnG_YoY,0.018935641273856163,0.6732615828514099
Model 4,15,TradingVolume_cur,0.018757013604044914,0.6920185685157776
Model 4,16,TotalUnempPct_YoY_Lag2_last1,0.01818867027759552,0.7102072238922119
Model 4,17,ROE_last1,0.017900632694363594,0.7281078696250916
Model 4,18,FnG_YoY_Lag2,0.017796218395233154,0.7459040880203247
Model 4,19,TotalUnempPct_YoY_last1,0.015994980931282043,0.7618990540504456
Model 4,20,TradingTurnover_cur,0.015882764011621475,0.7777818441390991
Model 4,1,QuarterlyVolatility_Lag1,0.39898937940597534,0.39898937940597534
Model 4,2,Spread_cur,0.040544282644987106,0.43953365087509155
Model 4,3,SP500_YoY_Lag1,0.030289607122540474,0.46982327103614807
Model 4,4,QuarterlyVolatility_Lag3,0.02265489287674427,0.4924781620502472
Model 4,5,TradingTurnover_cur,0.021245714277029037,0.5137238502502441
Model 4,6,SP500_YoY_Lag2,0.020181411877274513,0.5339052677154541
Model 4,7,SOX_YoY_Lag3,0.020120937377214432,0.554026186466217
Model 4,8,ROE_last1,0.019598154351115227,0.573624312877655
Model 4,9,IXIC_YoY_Lag2,0.018460260704159737,0.5920845866203308
Model 4,10,VIX_YoY_Lag1,0.017618199810385704,0.6097027659416199
Model 4,11,TotalUnempPct_YoY_Lag2_last1,0.017303381115198135,0.6270061731338501
Model 4,12,IXIC_YoY_Lag3,0.01711157336831093,0.6441177725791931
Model 4,13,DJIA_YoY_Lag3,0.016166366636753082,0.660284161567688
Model 4,14,SOX_YoY_Lag2,0.015480113215744495,0.675764262676239
Model 4,15,Last3mCumulativeRevenueGrowthRate_last1,0.01529050711542368,0.6910547614097595
Model 4,16,DJIA_YoY_Lag2,0.014759045094251633,0.7058138251304626
Model 4,17,IXIC_YoY_Lag1,0.014743822626769543,0.7205576300621033
Model 4,18,OverallIndex_YoY_last1,0.01446455530822277,0.7350221872329712
Model 4,19,VIX_YoY_Lag2,0.014458701945841312,0.7494809031486511
Model 4,20,TotalUnempPct_last1,0.014271481893956661,0.7637524008750916
Model 4,1,QuarterlyVolatility_Lag1,0.28671813011169434,0.28671813011169434
Model 4,2,SP500_YoY_Lag1,0.04051511734724045,0.3272332549095154
Model 4,3,Spread_cur,0.03266052529215813,0.3598937690258026
Model 4,4,ESG_occupational_health_and_safety_last1,0.024690348654985428,0.38458412885665894
Model 4,5,ESG_climate_related_issues_management_last1,0.023465199396014214,0.4080493152141571
Model 4,6,IXIC_YoY_Lag3,0.022474953904747963,0.4305242598056793
Model 4,7,IXIC_YoY_Lag2,0.02068248763680458,0.4512067437171936
Model 4,8,IXIC_YoY,0.018031161278486252,0.46923789381980896
Model 4,9,RediscountRate_YoY_Lag1_last1,0.017737969756126404,0.48697584867477417
Model 4,10,SP500_YoY_Lag2,0.017610730603337288,0.5045865774154663
Model 4,11,QuarterlyVolatility_Lag3,0.01757444441318512,0.5221610069274902
Model 4,12,DJIA_YoY_Lag3,0.01699150539934635,0.5391525030136108
Model 4,13,ROE_last1,0.016243379563093185,0.5553959012031555
Model 4,14,TradingTurnover_cur,0.015169966034591198,0.5705658793449402
Model 4,15,TotalUnempPct_YoY_Lag1_last1,0.015146465040743351,0.5857123732566833
Model 4,16,SOX_YoY_Lag3,0.014580119401216507,0.6002925038337708
Model 4,17,VIX_YoY_Lag1,0.013936619274318218,0.614229142665863
Model 4,18,IXIC_YoY_Lag1,0.013845723122358322,0.6280748844146729
Model 4,19,DJIA_YoY,0.013786235824227333,0.6418611407279968
Model 4,20,SP500_YoY,0.01358108688145876,0.6554422378540039
Model 4,1,QuarterlyVolatility_Lag1,0.2782280147075653,0.2782280147075653
Model 4,2,SP500_YoY_Lag1,0.05280397832393646,0.3310319781303406
Model 4,3,Spread_cur,0.03377494961023331,0.3648069202899933
Model 4,4,ESG_occupational_health_and_safety_last1,0.03094819001853466,0.3957551121711731
Model 4,5,IXIC_YoY_Lag2,0.02453983761370182,0.42029494047164917
Model 4,6,ESG_climate_related_issues_management_last1,0.023452188819646835,0.4437471330165863
Model 4,7,RediscountRate_YoY_Lag1_last1,0.023118169978260994,0.46686530113220215
Model 4,8,SP500_YoY_Lag2,0.021463554352521896,0.48832884430885315
Model 4,9,DJIA_YoY_Lag3,0.01717846281826496,0.5055072903633118
Model 4,10,QuarterlyVolatility_Lag3,0.016588229686021805,0.5220955014228821
Model 4,11,IXIC_YoY,0.016179686412215233,0.5382751822471619
Model 4,12,FnG_YoY,0.01456313207745552,0.5528383255004883
Model 4,13,IXIC_YoY_Lag1,0.014552378095686436,0.5673906803131104
Model 4,14,SOX_YoY_Lag3,0.014244568534195423,0.5816352367401123
Model 4,15,TradingTurnover_cur,0.013851390220224857,0.5954866409301758
Model 4,16,DJIA_YoY,0.013827518559992313,0.6093141436576843
Model 4,17,SP500_YoY,0.01350660715252161,0.6228207349777222
Model 4,18,FnG_YoY_Lag2,0.013342025689780712,0.6361627578735352
Model 4,19,DJIA_YoY_Lag2,0.013215070590376854,0.6493778228759766
Model 4,20,TotalUnempPct_YoY_Lag1_last1,0.01312502846121788,0.6625028252601624
Model 4,1,QuarterlyVolatility_Lag1,0.3887503147125244,0.3887503147125244
Model 4,2,Spread_cur,0.043454624712467194,0.432204931974411
Model 4,3,ESG_climate_related_issues_management_last1,0.028536250814795494,0.46074119210243225
Model 4,4,ROE_last1,0.022512122988700867,0.4832533001899719
Model 4,5,QuarterlyVolatility_Lag3,0.021856186911463737,0.5051094889640808
Model 4,6,SP500_YoY_Lag2,0.021372675895690918,0.5264821648597717
Model 4,7,RediscountRate_YoY_Lag1_last1,0.018328579142689705,0.5448107719421387
Model 4,8,RediscountRate_YoY_Lag3_last1,0.016995619982481003,0.5618063807487488
Model 4,9,IXIC_YoY_Lag2,0.016771553084254265,0.5785779356956482
Model 4,10,DJIA_YoY_Lag2,0.016358757391572,0.5949366688728333
Model 4,11,DJIA_YoY,0.016018368303775787,0.6109550595283508
Model 4,12,SOX_YoY_Lag3,0.014545134268701077,0.6255002021789551
Model 4,13,DJIA_YoY_Lag1,0.014358105137944221,0.6398583054542542
Model 4,14,IXIC_YoY_Lag1,0.014176113530993462,0.654034435749054
Model 4,15,TotalUnempPct_last1,0.0135288555175066,0.6675633192062378
Model 4,16,TotalUnempPct_YoY_Lag3_last1,0.01351932343095541,0.6810826659202576
Model 4,17,FnG_YoY,0.012927578762173653,0.6940102577209473
Model 4,18,TotalUnempPct_YoY_Lag2_last1,0.012296557426452637,0.7063068151473999
Model 4,19,RediscountRate_YoY_last1,0.012225178070366383,0.7185319662094116
Model 4,20,ROA_last1,0.01200108788907528,0.7305330634117126
Model 4,1,QuarterlyVolatility_Lag1,0.3302917182445526,0.3302917182445526
Model 4,2,ESG_climate_related_issues_management_last1,0.03883523866534233,0.36912694573402405
Model 4,3,Spread_cur,0.03745446354150772,0.40658140182495117
Model 4,4,SP500_YoY_Lag2,0.025919193401932716,0.43250060081481934
Model 4,5,IXIC_YoY_Lag2,0.01945612207055092,0.45195671916007996
Model 4,6,DJIA_YoY_Lag1,0.019321611151099205,0.4712783396244049
Model 4,7,IXIC_YoY_Lag1,0.017395438626408577,0.48867377638816833
Model 4,8,QuarterlyVolatility_Lag3,0.01643541269004345,0.5051091909408569
Model 4,9,ESG_occupational_health_and_safety_last1,0.0160885751247406,0.5211977958679199
Model 4,10,ROE_last1,0.015258276835083961,0.5364560484886169
Model 4,11,DJIA_YoY,0.014945931732654572,0.5514019727706909
Model 4,12,DJIA_YoY_Lag2,0.0146907614544034,0.5660927295684814
Model 4,13,SOX_YoY_Lag3,0.014620069414377213,0.5807127952575684
Model 4,14,DJIA_YoY_Lag3,0.014088664203882217,0.5948014855384827
Model 4,15,TotalUnempPct_YoY_Lag3_last1,0.013798470608890057,0.6085999608039856
Model 4,16,TotalUnempPct_YoY_Lag2_last1,0.01368978526443243,0.6222897171974182
Model 4,17,FnG_YoY,0.01350722648203373,0.6357969641685486
Model 4,18,TotalUnempPct_last1,0.012581605464220047,0.6483785510063171
Model 4,19,ROA_last1,0.012223881669342518,0.6606024503707886
Model 4,20,TotalUnempPct_YoY_last1,0.012171054258942604,0.6727734804153442
Model 4,1,QuarterlyVolatility_Lag1,0.3069309592247009,0.3069309592247009
Model 4,2,Spread_cur,0.037835925817489624,0.34476688504219055
Model 4,3,ESG_climate_related_issues_management_last1,0.03279232233762741,0.37755921483039856
Model 4,4,SP500_YoY_Lag2,0.029701324179768562,0.407260537147522
Model 4,5,IXIC_YoY_Lag1,0.020724860951304436,0.42798539996147156
Model 4,6,IXIC_YoY_Lag2,0.01994946040213108,0.4479348659515381
Model 4,7,DJIA_YoY_Lag1,0.018920661881566048,0.466855525970459
Model 4,8,SOX_YoY_Lag3,0.01605408638715744,0.482909619808197
Model 4,9,DJIA_YoY_Lag3,0.015955070033669472,0.49886468052864075
Model 4,10,QuarterlyVolatility_Lag3,0.015389869920909405,0.5142545700073242
Model 4,11,FnG_YoY,0.015311102382838726,0.529565691947937
Model 4,12,DJIA_YoY_Lag2,0.01520559098571539,0.5447712540626526
Model 4,13,DJIA_YoY,0.01484897080808878,0.559620201587677
Model 4,14,TotalUnempPct_YoY_Lag3_last1,0.01477094180881977,0.5743911266326904
Model 4,15,TotalUnempPct_YoY_Lag2_last1,0.014141288585960865,0.5885323882102966
Model 4,16,ROE_last1,0.014095989987254143,0.6026283502578735
Model 4,17,TotalUnempPct_last1,0.01384647935628891,0.6164748072624207
Model 4,18,FnG_YoY_Lag2,0.013591405004262924,0.6300662159919739
Model 4,19,TotalUnempPct_YoY_last1,0.013522790744900703,0.6435890197753906
Model 4,20,SP500_YoY,0.013294059783220291,0.6568830609321594
Model 4,1,QuarterlyVolatility_Lag1,0.354716420173645,0.354716420173645
Model 4,2,Spread_cur,0.05567488819360733,0.41039130091667175
Model 4,3,QuarterlyVolatility_Lag3,0.035456977784633636,0.445848286151886
Model 4,4,ROA_last1,0.03272061049938202,0.4785689115524292
Model 4,5,DJIA_YoY_Lag2,0.03244715929031372,0.5110160708427429
Model 4,6,TradingVolume_cur,0.025501679629087448,0.5365177392959595
Model 4,7,RediscountRate_YoY_Lag3_last1,0.023863347247242928,0.5603811144828796
Model 4,8,SP500_YoY,0.023472905158996582,0.5838540196418762
Model 4,9,SOX_YoY_Lag3,0.022891061380505562,0.6067450642585754
Model 4,10,DJIA_YoY_Lag1,0.022117050364613533,0.6288621425628662
Model 4,11,TotalUnempPct_YoY_Lag2_last1,0.021827004849910736,0.6506891250610352
Model 4,12,TotalUnempPct_YoY_Lag3_last1,0.021304277703166008,0.6719933748245239
Model 4,13,TotalUnempPct_YoY_Lag1_last1,0.021025680005550385,0.6930190324783325
Model 4,14,FnG_YoY,0.019238468259572983,0.7122575044631958
Model 4,15,DJIA_YoY,0.018709754571318626,0.7309672832489014
Model 4,16,ROE_last1,0.01787341944873333,0.7488406896591187
Model 4,17,IXIC_YoY_Lag1,0.017185484990477562,0.7660261988639832
Model 4,18,FnG_YoY_Lag2,0.016967814415693283,0.7829940319061279
Model 4,19,TotalUnempPct_last1,0.01604408212006092,0.7990381121635437
Model 4,20,RediscountRate_YoY_last1,0.01581352949142456,0.8148516416549683
Model 4,1,QuarterlyVolatility_Lag1,0.32790911197662354,0.32790911197662354
Model 4,2,Spread_cur,0.05315136909484863,0.38106048107147217
Model 4,3,RediscountRate_YoY_Lag3_last1,0.04139281064271927,0.42245328426361084
Model 4,4,SOX_YoY_Lag3,0.039706308394670486,0.4621596038341522
Model 4,5,TotalUnempPct_YoY_Lag1_last1,0.032605238258838654,0.4947648346424103
Model 4,6,SP500_YoY,0.03007824718952179,0.5248430967330933
Model 4,7,DJIA_YoY_Lag2,0.025233721360564232,0.5500768423080444
Model 4,8,IXIC_YoY,0.023248037323355675,0.5733248591423035
Model 4,9,QuarterlyVolatility_Lag3,0.0232173390686512,0.5965421795845032
Model 4,10,FnG_YoY_Lag2,0.020646173506975174,0.6171883344650269
Model 4,11,FnG_YoY,0.019446268677711487,0.6366345882415771
Model 4,12,DJIA_YoY_Lag1,0.018431248143315315,0.6550658345222473
Model 4,13,IXIC_YoY_Lag1,0.016285691410303116,0.6713515520095825
Model 4,14,RediscountRate_YoY_last1,0.016084982082247734,0.6874365210533142
Model 4,15,TotalUnempPct_YoY_Lag2_last1,0.01603243127465248,0.7034689784049988
Model 4,16,OverallIndex_last1,0.015187730081379414,0.7186567187309265
Model 4,17,ROA_last1,0.014201539568603039,0.7328582406044006
Model 4,18,OverallIndex_YoY_Lag1_last1,0.014022898860275745,0.7468811273574829
Model 4,19,DJIA_YoY,0.013811790384352207,0.7606928944587708
Model 4,20,VIX_YoY,0.013120566494762897,0.7738134860992432
Model 4,1,QuarterlyVolatility_Lag1,0.311657190322876,0.311657190322876
Model 4,2,RediscountRate_YoY_Lag3_last1,0.054910119622945786,0.36656731367111206
Model 4,3,Spread_cur,0.050618864595890045,0.4171861708164215
Model 4,4,SOX_YoY_Lag3,0.043892111629247665,0.4610782861709595
Model 4,5,DJIA_YoY_Lag2,0.03124517761170864,0.49232345819473267
Model 4,6,TotalUnempPct_YoY_Lag1_last1,0.03081514686346054,0.5231385827064514
Model 4,7,SP500_YoY,0.0259801484644413,0.5491187572479248
Model 4,8,FnG_YoY,0.02161034382879734,0.5707290768623352
Model 4,9,RediscountRate_YoY_last1,0.020939862355589867,0.591668963432312
Model 4,10,FnG_YoY_Lag2,0.02057114616036415,0.6122401356697083
Model 4,11,QuarterlyVolatility_Lag3,0.02030050754547119,0.6325406432151794
Model 4,12,DJIA_YoY_Lag1,0.02016473188996315,0.6527053713798523
Model 4,13,IXIC_YoY_Lag1,0.020061500370502472,0.6727668642997742
Model 4,14,TotalUnempPct_YoY_Lag2_last1,0.017886022105813026,0.6906529068946838
Model 4,15,IXIC_YoY,0.017215734347701073,0.7078686356544495
Model 4,16,OverallIndex_YoY_Lag1_last1,0.01575293578207493,0.7236215472221375
Model 4,17,TotalUnempPct_YoY_Lag3_last1,0.014413944445550442,0.7380355000495911
Model 4,18,TotalUnempPct_YoY_last1,0.013342884369194508,0.7513783574104309
Model 4,19,VIX_YoY_Lag3,0.013332788832485676,0.7647111415863037
Model 4,20,SOX_YoY_Lag1,0.011706894263625145,0.7764180302619934
Model 4,1,QuarterlyVolatility_Lag1,0.2882685661315918,0.2882685661315918
Model 4,2,SP500_YoY_Lag1,0.05447462946176529,0.3427431881427765
Model 4,3,Spread_cur,0.03336922824382782,0.3761124014854431
Model 4,4,IXIC_YoY_Lag2,0.032127030193805695,0.4082394242286682
Model 4,5,ESG_occupational_health_and_safety_last1,0.031513847410678864,0.4397532641887665
Model 4,6,ESG_climate_related_issues_management_last1,0.020249230787158012,0.46000248193740845
Model 4,7,SP500_YoY_Lag2,0.018774298951029778,0.4787767827510834
Model 4,8,IXIC_YoY,0.017989329993724823,0.4967661201953888
Model 4,9,QuarterlyVolatility_Lag3,0.01768082194030285,0.5144469141960144
Model 4,10,DJIA_YoY_Lag3,0.017530836164951324,0.5319777727127075
Model 4,11,SOX_YoY_Lag3,0.01557940524071455,0.5475571751594543
Model 4,12,FnG_YoY,0.015347879379987717,0.5629050731658936
Model 4,13,IXIC_YoY_Lag1,0.015010655857622623,0.5779157280921936
Model 4,14,SP500_YoY,0.01450943760573864,0.5924251675605774
Model 4,15,TotalUnempPct_YoY_Lag2_last1,0.014150641858577728,0.6065757870674133
Model 4,16,DJIA_YoY_Lag2,0.01392823550850153,0.6205040216445923
Model 4,17,TradingTurnover_cur,0.013834618963301182,0.6343386173248291
Model 4,18,DJIA_YoY,0.013748710975050926,0.6480873227119446
Model 4,19,ROE_last1,0.013321690261363983,0.6614090204238892
Model 4,20,FnG_YoY_Lag2,0.013095231726765633,0.674504280090332
Model 4,1,QuarterlyVolatility_Lag1,0.23849132657051086,0.23849132657051086
Model 4,2,SP500_YoY_Lag1,0.10321322828531265,0.3417045474052429
Model 4,3,Spread_cur,0.033273693174123764,0.374978244304657
Model 4,4,ESG_climate_related_issues_management_last1,0.029297778382897377,0.4042760133743286
Model 4,5,IXIC_YoY,0.025268400087952614,0.4295444190502167
Model 4,6,SOX_YoY_Lag3,0.023397771641612053,0.4529421925544739
Model 4,7,SP500_YoY_Lag2,0.022168980911374092,0.475111186504364
Model 4,8,IXIC_YoY_Lag2,0.01964624784886837,0.49475744366645813
Model 4,9,SP500_YoY,0.01906955987215042,0.5138270258903503
Model 4,10,RediscountRate_last1,0.018996749073266983,0.5328238010406494
Model 4,11,FnG_YoY,0.01727469637989998,0.5500984787940979
Model 4,12,RediscountRate_YoY_Lag2_last1,0.01666099578142166,0.566759467124939
Model 4,13,DJIA_YoY_Lag1,0.016453346237540245,0.5832127928733826
Model 4,14,FnG_YoY_Lag2,0.016110721975564957,0.5993235111236572
Model 4,15,DJIA_YoY_Lag2,0.01589043252170086,0.615213930606842
Model 4,16,IXIC_YoY_Lag1,0.014786772429943085,0.6300007104873657
Model 4,17,QuarterlyVolatility_Lag3,0.01444679219275713,0.6444475054740906
Model 4,18,TotalUnempPct_YoY_Lag2_last1,0.014406433328986168,0.6588539481163025
Model 4,19,DJIA_YoY,0.013835351914167404,0.6726893186569214
Model 4,20,FnG_YoY_Lag3,0.01368606835603714,0.6863753795623779
Model 4,1,QuarterlyVolatility_Lag1,0.22642461955547333,0.22642461955547333
Model 4,2,SP500_YoY_Lag1,0.07588448375463486,0.3023090958595276
Model 4,3,ESG_climate_related_issues_management_last1,0.04176844656467438,0.34407752752304077
Model 4,4,Spread_cur,0.033236779272556305,0.3773142993450165
Model 4,5,SOX_YoY_Lag3,0.02953127585351467,0.4068455696105957
Model 4,6,SP500_YoY_Lag2,0.027712242677807808,0.43455782532691956
Model 4,7,IXIC_YoY_Lag1,0.019511951133608818,0.45406976342201233
Model 4,8,IXIC_YoY_Lag2,0.019116180017590523,0.4731859564781189
Model 4,9,DJIA_YoY_Lag1,0.019079074263572693,0.4922650456428528
Model 4,10,RediscountRate_YoY_Lag2_last1,0.018857961520552635,0.51112300157547
Model 4,11,RediscountRate_last1,0.018616098910570145,0.5297390818595886
Model 4,12,FnG_YoY,0.01823333650827408,0.5479724407196045
Model 4,13,IXIC_YoY,0.017106004059314728,0.5650784373283386
Model 4,14,FnG_YoY_Lag2,0.016526514664292336,0.5816049575805664
Model 4,15,SP500_YoY,0.016030462458729744,0.5976354479789734
Model 4,16,DJIA_YoY_Lag2,0.01586410403251648,0.6134995222091675
Model 4,17,FnG_YoY_Lag3,0.015153168700635433,0.6286526918411255
Model 4,18,TotalUnempPct_YoY_Lag3_last1,0.01440039835870266,0.6430531144142151
Model 4,19,DJIA_YoY,0.014308253303170204,0.6573613882064819
Model 4,20,QuarterlyVolatility_Lag3,0.013859650120139122,0.6712210178375244
Model 4,1,QuarterlyVolatility_Lag1,0.3063051998615265,0.3063051998615265
Model 4,2,Spread_cur,0.03786148875951767,0.34416669607162476
Model 4,3,ESG_climate_related_issues_management_last1,0.03579272702336311,0.37995943427085876
Model 4,4,SP500_YoY_Lag2,0.032660700380802155,0.4126201272010803
Model 4,5,IXIC_YoY_Lag2,0.022472724318504333,0.43509286642074585
Model 4,6,DJIA_YoY_Lag1,0.021925348788499832,0.4570182263851166
Model 4,7,IXIC_YoY_Lag1,0.018200617283582687,0.47521883249282837
Model 4,8,SOX_YoY_Lag3,0.01657036691904068,0.49178919196128845
Model 4,9,TotalUnempPct_YoY_Lag3_last1,0.016547314822673798,0.5083364844322205
Model 4,10,ESG_occupational_health_and_safety_last1,0.01610911265015602,0.5244455933570862
Model 4,11,DJIA_YoY_Lag2,0.015548696741461754,0.5399942994117737
Model 4,12,FnG_YoY,0.014969590120017529,0.5549638867378235
Model 4,13,DJIA_YoY,0.014837357215583324,0.5698012709617615
Model 4,14,QuarterlyVolatility_Lag3,0.014797007665038109,0.5845983028411865
Model 4,15,ROE_last1,0.014527508988976479,0.5991258025169373
Model 4,16,TotalUnempPct_YoY_Lag2_last1,0.014207449741661549,0.6133332252502441
Model 4,17,DJIA_YoY_Lag3,0.013667899183928967,0.6270011067390442
Model 4,18,FnG_YoY_Lag2,0.013415670022368431,0.6404168009757996
Model 4,19,TotalUnempPct_last1,0.01307656243443489,0.653493344783783
Model 4,20,SOX_YoY_Lag2,0.012559532187879086,0.6660528779029846
Model 4,1,QuarterlyVolatility_Lag1,0.22646664083003998,0.22646664083003998
Model 4,2,SP500_YoY_Lag2,0.04614206776022911,0.2726086974143982
Model 4,3,ESG_climate_related_issues_management_last1,0.038742050528526306,0.3113507628440857
Model 4,4,Spread_cur,0.03797980025410652,0.3493305742740631
Model 4,5,IXIC_YoY_Lag2,0.028163645416498184,0.377494215965271
Model 4,6,IXIC_YoY_Lag1,0.02522929757833481,0.4027235209941864
Model 4,7,DJIA_YoY_Lag1,0.022941630333662033,0.42566514015197754
Model 4,8,SOX_YoY_Lag3,0.01941406913101673,0.4450792074203491
Model 4,9,DJIA_YoY_Lag2,0.019014805555343628,0.46409401297569275
Model 4,10,RediscountRate_YoY_Lag2_last1,0.018948402255773544,0.4830424189567566
Model 4,11,DJIA_YoY_Lag3,0.018893539905548096,0.5019359588623047
Model 4,12,FnG_YoY,0.018132010474801064,0.5200679898262024
Model 4,13,TotalUnempPct_YoY_Lag3_last1,0.01663309335708618,0.5367010831832886
Model 4,14,TotalUnempPct_YoY_Lag2_last1,0.01605389267206192,0.5527549982070923
Model 4,15,FnG_YoY_Lag2,0.015979722142219543,0.5687347054481506
Model 4,16,RediscountRate_YoY_last1,0.015295442193746567,0.5840301513671875
Model 4,17,SP500_YoY,0.014889668673276901,0.5989198088645935
Model 4,18,TotalUnempPct_last1,0.014444643631577492,0.6133644580841064
Model 4,19,DJIA_YoY,0.014320355840027332,0.6276848316192627
Model 4,20,TotalUnempPct_YoY_last1,0.014240749180316925,0.641925573348999
Model 4,1,QuarterlyVolatility_Lag1,0.19895726442337036,0.19895726442337036
Model 4,2,SP500_YoY_Lag2,0.054589420557022095,0.25354668498039246
Model 4,3,ESG_climate_related_issues_management_last1,0.03856499120593071,0.29211166501045227
Model 4,4,Spread_cur,0.03775308281183243,0.3298647403717041
Model 4,5,IXIC_YoY_Lag1,0.0310242660343647,0.3608890175819397
Model 4,6,IXIC_YoY_Lag2,0.026959849521517754,0.3878488540649414
Model 4,7,DJIA_YoY_Lag1,0.025478433817625046,0.41332727670669556
Model 4,8,DJIA_YoY_Lag2,0.02271353080868721,0.43604081869125366
Model 4,9,SOX_YoY_Lag3,0.02250932902097702,0.4585501551628113
Model 4,10,FnG_YoY,0.019348271191120148,0.47789841890335083
Model 4,11,DJIA_YoY_Lag3,0.018742643296718597,0.49664106965065
Model 4,12,RediscountRate_YoY_Lag2_last1,0.01825859397649765,0.5148996710777283
Model 4,13,TotalUnempPct_YoY_Lag3_last1,0.01742199994623661,0.5323216915130615
Model 4,14,TotalUnempPct_YoY_Lag2_last1,0.01663612388074398,0.5489578247070312
Model 4,15,FnG_YoY_Lag2,0.01571778580546379,0.5646756291389465
Model 4,16,TotalUnempPct_last1,0.015465227887034416,0.5801408290863037
Model 4,17,RediscountRate_YoY_last1,0.01540113054215908,0.5955419540405273
Model 4,18,SP500_YoY,0.014925398863852024,0.6104673743247986
Model 4,19,DJIA_YoY,0.014582663774490356,0.6250500679016113
Model 4,20,SOX_YoY_Lag2,0.013531208969652653,0.6385812759399414
Model 4,1,QuarterlyVolatility_Lag1,0.36286187171936035,0.36286187171936035
Model 4,2,Spread_cur,0.05786591023206711,0.42072778940200806
Model 4,3,SP500_YoY,0.03838255628943443,0.4591103494167328
Model 4,4,SOX_YoY_Lag3,0.03141988068819046,0.49053022265434265
Model 4,5,QuarterlyVolatility_Lag3,0.030588306486606598,0.5211185216903687
Model 4,6,TotalUnempPct_YoY_Lag1_last1,0.028008749708533287,0.5491272807121277
Model 4,7,DJIA_YoY_Lag2,0.023051274940371513,0.5721785426139832
Model 4,8,FnG_YoY_Lag2,0.021159881725907326,0.5933384299278259
Model 4,9,FnG_YoY,0.02097209356725216,0.6143105030059814
Model 4,10,IXIC_YoY_Lag1,0.020961754024028778,0.6352722644805908
Model 4,11,DJIA_YoY,0.020869724452495575,0.656141996383667
Model 4,12,ROA_last1,0.020820394158363342,0.6769623756408691
Model 4,13,SOX_YoY_Lag2,0.019675517454743385,0.6966378688812256
Model 4,14,VIX_YoY,0.018806127831339836,0.7154439687728882
Model 4,15,EPS_last1,0.018129022791981697,0.7335730195045471
Model 4,16,Last3mCumulativeRevenue_last1,0.01735970750451088,0.7509327530860901
Model 4,17,TotalUnempPct_YoY_Lag3_last1,0.016724666580557823,0.7676573991775513
Model 4,18,OverallIndex_last1,0.01485305093228817,0.7825104594230652
Model 4,19,RediscountRate_YoY_last1,0.014456444419920444,0.7969669103622437
Model 4,20,TotalUnempPct_YoY_last1,0.01437798049300909,0.8113448619842529
Model 4,1,QuarterlyVolatility_Lag1,0.3110200762748718,0.3110200762748718
Model 4,2,Spread_cur,0.049504704773426056,0.3605247735977173
Model 4,3,SP500_YoY,0.03384310379624367,0.39436787366867065
Model 4,4,SOX_YoY_Lag3,0.03297360613942146,0.427341490983963
Model 4,5,FnG_YoY,0.030588572844862938,0.4579300582408905
Model 4,6,IXIC_YoY_Lag1,0.027773570269346237,0.48570361733436584
Model 4,7,DJIA_YoY_Lag1,0.02635900303721428,0.5120626091957092
Model 4,8,DJIA_YoY_Lag2,0.02331717312335968,0.5353797674179077
Model 4,9,TotalUnempPct_YoY_last1,0.022279823198914528,0.5576595664024353
Model 4,10,OverallIndex_YoY_Lag2_last1,0.021455002948641777,0.579114556312561
Model 4,11,FnG_YoY_Lag2,0.02025122568011284,0.599365770816803
Model 4,12,RediscountRate_YoY_last1,0.01988326385617256,0.6192490458488464
Model 4,13,QuarterlyVolatility_Lag3,0.019827675074338913,0.6390767097473145
Model 4,14,TotalUnempPct_YoY_Lag3_last1,0.019683407619595528,0.658760130405426
Model 4,15,Quarter_4,0.018112843856215477,0.676872968673706
Model 4,16,SOX_YoY_Lag2,0.0172785185277462,0.6941514611244202
Model 4,17,TotalUnempPct_YoY_Lag1_last1,0.016370011493563652,0.7105214595794678
Model 4,18,VIX_YoY_Lag2,0.01573999971151352,0.7262614369392395
Model 4,19,VIX_YoY,0.0149517972022295,0.7412132620811462
Model 4,20,TotalUnempPct_YoY_Lag2_last1,0.01472453959286213,0.7559378147125244
Model 4,1,QuarterlyVolatility_Lag1,0.3005196452140808,0.3005196452140808
Model 4,2,Spread_cur,0.04902494698762894,0.34954458475112915
Model 4,3,SOX_YoY_Lag3,0.037637319415807724,0.3871819078922272
Model 4,4,SP500_YoY,0.033830467611551285,0.42101237177848816
Model 4,5,IXIC_YoY_Lag1,0.02890455536544323,0.44991692900657654
Model 4,6,DJIA_YoY_Lag2,0.027050863951444626,0.47696778178215027
Model 4,7,FnG_YoY,0.02421489544212818,0.5011826753616333
Model 4,8,FnG_YoY_Lag2,0.022676648572087288,0.5238593220710754
Model 4,9,TotalUnempPct_YoY_Lag3_last1,0.022296832874417305,0.5461561679840088
Model 4,10,TotalUnempPct_YoY_last1,0.021907255053520203,0.5680634379386902
Model 4,11,Quarter_4,0.02152160182595253,0.5895850658416748
Model 4,12,RediscountRate_YoY_last1,0.020061269402503967,0.6096463203430176
Model 4,13,DJIA_YoY_Lag1,0.018015503883361816,0.6276618242263794
Model 4,14,QuarterlyVolatility_Lag3,0.01754556968808174,0.645207405090332
Model 4,15,SOX_YoY_Lag2,0.017338430508971214,0.6625458598136902
Model 4,16,OverallIndex_YoY_Lag1_last1,0.01657172664999962,0.6791175603866577
Model 4,17,VIX_YoY_Lag3,0.015358948148787022,0.6944764852523804
Model 4,18,TotalUnempPct_YoY_Lag1_last1,0.015229510143399239,0.7097060084342957
Model 4,19,TotalUnempPct_YoY_Lag2_last1,0.013961720280349255,0.7236677408218384
Model 4,20,VIX_YoY,0.013929588720202446,0.7375973463058472
Model 4,1,QuarterlyVolatility_Lag1,0.285232812166214,0.285232812166214
Model 4,2,Spread_cur,0.03826490417122841,0.3234977126121521
Model 4,3,SP500_YoY_Lag2,0.036535415798425674,0.3600331246852875
Model 4,4,ESG_climate_related_issues_management_last1,0.029686186462640762,0.38971930742263794
Model 4,5,SOX_YoY_Lag3,0.02233155257999897,0.41205087304115295
Model 4,6,DJIA_YoY_Lag3,0.02082570642232895,0.4328765869140625
Model 4,7,TotalUnempPct_YoY_Lag2_last1,0.020615145564079285,0.453491747379303
Model 4,8,FnG_YoY,0.02043752372264862,0.4739292860031128
Model 4,9,SP500_YoY,0.018863899633288383,0.49279317259788513
Model 4,10,FnG_YoY_Lag2,0.017946429550647736,0.5107396245002747
Model 4,11,RediscountRate_YoY_Lag1_last1,0.017390405759215355,0.528130054473877
Model 4,12,QuarterlyVolatility_Lag3,0.01676279865205288,0.5448928475379944
Model 4,13,DJIA_YoY_Lag2,0.01674490235745907,0.5616377592086792
Model 4,14,IXIC_YoY_Lag2,0.01653232052922249,0.5781700611114502
Model 4,15,DJIA_YoY_Lag1,0.016107438132166862,0.5942775011062622
Model 4,16,TotalUnempPct_YoY_Lag3_last1,0.015235351398587227,0.6095128655433655
Model 4,17,DJIA_YoY,0.015152775682508945,0.6246656179428101
Model 4,18,TradingTurnover_cur,0.01441583689302206,0.6390814781188965
Model 4,19,FnG_YoY_Lag3,0.014116479083895683,0.6531979441642761
Model 4,20,OverallIndex_YoY_Lag1_last1,0.01365304458886385,0.6668509840965271
Model 4,1,QuarterlyVolatility_Lag1,0.2185901552438736,0.2185901552438736
Model 4,2,SP500_YoY_Lag2,0.07016050070524216,0.28875064849853516
Model 4,3,ESG_climate_related_issues_management_last1,0.05700764060020447,0.3457582890987396
Model 4,4,Spread_cur,0.03480525687336922,0.38056355714797974
Model 4,5,SOX_YoY_Lag3,0.02516590990126133,0.4057294726371765
Model 4,6,RediscountRate_YoY_Lag2_last1,0.023125549778342247,0.4288550317287445
Model 4,7,FnG_YoY,0.020518850535154343,0.44937387108802795
Model 4,8,FnG_YoY_Lag2,0.0195957962423563,0.4689696729183197
Model 4,9,IXIC_YoY_Lag1,0.019058650359511375,0.48802831768989563
Model 4,10,DJIA_YoY_Lag2,0.01839607208967209,0.5064243674278259
Model 4,11,RediscountRate_YoY_Lag1_last1,0.017838502302765846,0.5242628455162048
Model 4,12,DJIA_YoY_Lag1,0.01701965183019638,0.5412824749946594
Model 4,13,SP500_YoY,0.016978899016976357,0.5582613945007324
Model 4,14,OverallIndex_YoY_Lag1_last1,0.015049546025693417,0.573310911655426
Model 4,15,DJIA_YoY_Lag3,0.014933215454220772,0.5882441401481628
Model 4,16,DJIA_YoY,0.014588386751711369,0.602832555770874
Model 4,17,TotalUnempPct_YoY_Lag2_last1,0.014380132779479027,0.61721271276474
Model 4,18,QuarterlyVolatility_Lag3,0.014227915555238724,0.6314406394958496
Model 4,19,FnG_YoY_Lag3,0.014080804772675037,0.6455214619636536
Model 4,20,TotalUnempPct_YoY_Lag3_last1,0.013804180547595024,0.6593256592750549
Model 4,1,QuarterlyVolatility_Lag1,0.21289590001106262,0.21289590001106262
Model 4,2,SP500_YoY_Lag2,0.06283582746982574,0.27573174238204956
Model 4,3,ESG_climate_related_issues_management_last1,0.05635492131114006,0.3320866525173187
Model 4,4,Spread_cur,0.034904032945632935,0.36699068546295166
Model 4,5,SOX_YoY_Lag3,0.024894725531339645,0.3918853998184204
Model 4,6,IXIC_YoY_Lag1,0.021807843819260597,0.41369324922561646
Model 4,7,DJIA_YoY_Lag2,0.021714987233281136,0.43540823459625244
Model 4,8,FnG_YoY_Lag2,0.019154388457536697,0.45456263422966003
Model 4,9,RediscountRate_YoY_Lag1_last1,0.018213851377367973,0.47277647256851196
Model 4,10,RediscountRate_YoY_Lag2_last1,0.018158182501792908,0.49093466997146606
Model 4,11,DJIA_YoY_Lag1,0.018078254535794258,0.5090129375457764
Model 4,12,FnG_YoY,0.018068311735987663,0.5270812511444092
Model 4,13,SP500_YoY,0.01738051138818264,0.5444617867469788
Model 4,14,DJIA_YoY_Lag3,0.01652822457253933,0.560990035533905
Model 4,15,DJIA_YoY,0.014507822692394257,0.5754978656768799
Model 4,16,OverallIndex_last1,0.014368892647325993,0.5898667573928833
Model 4,17,OverallIndex_YoY_Lag1_last1,0.014263130724430084,0.6041299104690552
Model 4,18,TotalUnempPct_YoY_Lag3_last1,0.014138773083686829,0.6182686686515808
Model 4,19,QuarterlyVolatility_Lag3,0.014098295010626316,0.632366955280304
Model 4,20,TotalUnempPct_YoY_Lag2_last1,0.013964776881039143,0.6463317275047302
Model 4,1,QuarterlyVolatility_Lag1,0.24325475096702576,0.24325475096702576
Model 4,2,SP500_YoY_Lag2,0.06089909002184868,0.30415382981300354
Model 4,3,ESG_climate_related_issues_management_last1,0.041254475712776184,0.3454083204269409
Model 4,4,Spread_cur,0.037091657519340515,0.3824999928474426
Model 4,5,IXIC_YoY_Lag2,0.030660895630717278,0.41316089034080505
Model 4,6,DJIA_YoY_Lag3,0.023461079224944115,0.4366219639778137
Model 4,7,IXIC_YoY_Lag1,0.021731387823820114,0.45835334062576294
Model 4,8,SOX_YoY_Lag3,0.021416081115603447,0.47976940870285034
Model 4,9,DJIA_YoY_Lag1,0.019194306805729866,0.49896371364593506
Model 4,10,FnG_YoY,0.019174547865986824,0.5181382894515991
Model 4,11,TotalUnempPct_YoY_Lag3_last1,0.018605651333928108,0.5367439389228821
Model 4,12,FnG_YoY_Lag2,0.016260622069239616,0.5530045628547668
Model 4,13,DJIA_YoY,0.01572694629430771,0.5687314867973328
Model 4,14,TotalUnempPct_YoY_Lag2_last1,0.015539811924099922,0.5842713117599487
Model 4,15,QuarterlyVolatility_Lag3,0.014005249366164207,0.5982765555381775
Model 4,16,SP500_YoY,0.01396566815674305,0.6122422218322754
Model 4,17,IXIC_YoY_Lag3,0.013896625488996506,0.6261388659477234
Model 4,18,TotalUnempPct_last1,0.013697591610252857,0.6398364305496216
Model 4,19,RediscountRate_YoY_Lag2_last1,0.013142609037458897,0.6529790163040161
Model 4,20,TotalUnempPct_YoY_Lag1_last1,0.01304867584258318,0.6660276651382446
Model 4,1,QuarterlyVolatility_Lag1,0.18310612440109253,0.18310612440109253
Model 4,2,SP500_YoY_Lag2,0.11047513782978058,0.2935812473297119
Model 4,3,ESG_climate_related_issues_management_last1,0.03678638115525246,0.3303676247596741
Model 4,4,Spread_cur,0.03577577695250511,0.3661434054374695
Model 4,5,IXIC_YoY_Lag2,0.027258284389972687,0.3934016823768616
Model 4,6,DJIA_YoY_Lag1,0.02682717889547348,0.42022886872291565
Model 4,7,DJIA_YoY_Lag3,0.020329387858510017,0.4405582547187805
Model 4,8,FnG_YoY,0.019823722541332245,0.46038198471069336
Model 4,9,IXIC_YoY_Lag1,0.01872197724878788,0.4791039526462555
Model 4,10,SOX_YoY_Lag3,0.018721837550401688,0.4978258013725281
Model 4,11,TotalUnempPct_YoY_Lag3_last1,0.017833665013313293,0.5156594514846802
Model 4,12,SP500_YoY,0.0172182135283947,0.5328776836395264
Model 4,13,RediscountRate_YoY_Lag2_last1,0.01704811491072178,0.5499258041381836
Model 4,14,FnG_YoY_Lag2,0.016841720789670944,0.5667675137519836
Model 4,15,DJIA_YoY_Lag2,0.016163576394319534,0.5829311013221741
Model 4,16,SP500_YoY_Lag3,0.01477119792252779,0.5977023243904114
Model 4,17,IXIC_YoY_Lag3,0.014599710702896118,0.6123020648956299
Model 4,18,DJIA_YoY,0.014581325463950634,0.6268833875656128
Model 4,19,TotalUnempPct_last1,0.014229538850486279,0.6411129236221313
Model 4,20,RediscountRate_YoY_last1,0.014102505519986153,0.6552154421806335
Model 4,1,QuarterlyVolatility_Lag1,0.16860176622867584,0.16860176622867584
Model 4,2,SP500_YoY_Lag2,0.1463988870382309,0.31500065326690674
Model 4,3,ESG_climate_related_issues_management_last1,0.04298689588904381,0.35798755288124084
Model 4,4,Spread_cur,0.03417225182056427,0.3921598196029663
Model 4,5,IXIC_YoY_Lag2,0.027188817039132118,0.4193486273288727
Model 4,6,DJIA_YoY_Lag1,0.0228880662471056,0.44223669171333313
Model 4,7,DJIA_YoY_Lag3,0.022047847509384155,0.4642845392227173
Model 4,8,IXIC_YoY_Lag1,0.020167283713817596,0.4844518303871155
Model 4,9,FnG_YoY,0.018074817955493927,0.5025266408920288
Model 4,10,RediscountRate_YoY_Lag2_last1,0.01786857657134533,0.5203952193260193
Model 4,11,SOX_YoY_Lag3,0.017337985336780548,0.5377331972122192
Model 4,12,TotalUnempPct_YoY_Lag3_last1,0.016067203134298325,0.5538004040718079
Model 4,13,FnG_YoY_Lag2,0.015974439680576324,0.569774866104126
Model 4,14,DJIA_YoY_Lag2,0.015436248853802681,0.5852110981941223
Model 4,15,IXIC_YoY_Lag3,0.015068951062858105,0.6002800464630127
Model 4,16,SP500_YoY,0.014426141045987606,0.6147061586380005
Model 4,17,RediscountRate_YoY_last1,0.013969571329653263,0.6286757588386536
Model 4,18,DJIA_YoY,0.013964117504656315,0.6426398754119873
Model 4,19,TotalUnempPct_last1,0.013446532189846039,0.6560863852500916
Model 4,20,TotalUnempPct_YoY_Lag2_last1,0.012758770026266575,0.6688451766967773
