Date,VIX,SOX,DJIA,IXIC,SP500,FnG
2016-06-06,13.65,703.7,17920.33,4968.71,2109.41,80.0
2016-06-07,14.05,710.55,17938.28,4961.75,2112.13,81.0
2016-06-08,14.08,710.19,18005.05,4974.64,2119.12,80.0
2016-06-09,14.64,710.92,17985.19,4958.62,2115.48,79.0
2016-06-10,17.03,699.04,17865.34,4894.55,2096.07,61.0
2016-06-13,20.97,695.42,17732.48,4848.44,2079.06,53.0
2016-06-14,20.5,695.47,17674.82,4843.55,2075.32,50.0
2016-06-15,20.14,694.86,17640.17,4834.93,2071.5,50.0
2016-06-16,19.37,694.78,17733.1,4844.91,2077.99,51.0
2016-06-17,19.41,689.09,17675.16,4800.34,2071.22,53.0
2016-06-20,18.37,697.08,17804.87,4837.21,2083.25,62.0
2016-06-21,18.48,699.4,17829.73,4843.76,2088.9,67.0
2016-06-22,21.17,698.25,17780.83,4833.32,2085.45,57.0
2016-06-23,17.25,716.67,18011.07,4910.04,2113.32,77.0
2016-06-24,25.76,675.4,17400.75,4707.98,2037.41,42.0
2016-06-27,23.85,648.32,17140.24,4594.44,2000.54,37.0
2016-06-28,18.75,665.75,17409.72,4691.87,2036.09,47.0
2016-06-29,16.64,679.37,17694.68,4779.25,2070.77,60.0
2016-06-30,15.63,691.67,17929.99,4842.67,2098.86,64.0
2016-07-01,14.77,685.01,17949.37,4862.57,2102.95,71.0
2016-07-05,15.58,672.51,17840.62,4822.9,2088.55,67.0
2016-07-06,14.96,673.55,17918.62,4859.16,2099.73,70.0
2016-07-07,14.76,681.82,17895.88,4876.81,2097.9,69.0
2016-07-08,13.2,701.07,18146.74,4956.76,2129.9,78.0
2016-07-11,13.54,708.9,18226.93,4988.64,2137.16,83.0
2016-07-12,13.55,718.36,18347.67,5022.82,2152.14,88.0
2016-07-13,13.04,718.9,18372.12,5005.73,2152.43,86.0
2016-07-14,12.82,724.23,18506.41,5034.06,2163.75,90.0
2016-07-15,12.67,723.64,18516.55,5029.59,2161.74,89.0
2016-07-18,12.44,734.54,18533.05,5055.78,2166.89,91.0
2016-07-19,11.97,731.78,18559.01,5036.37,2163.78,87.0
2016-07-20,11.77,743.74,18595.03,5089.93,2173.02,90.0
2016-07-21,12.74,738.3,18517.23,5073.9,2165.17,85.0
2016-07-22,12.02,742.37,18570.85,5100.16,2175.03,86.0
2016-07-25,12.87,746.44,18493.06,5097.63,2168.48,85.0
2016-07-26,13.05,774.92,18473.75,5110.05,2169.18,85.0
2016-07-27,12.83,774.93,18472.17,5139.81,2166.58,82.0
2016-07-28,12.72,770.52,18456.35,5154.98,2170.06,82.0
2016-07-29,11.87,766.78,18432.24,5162.13,2173.6,79.0
2016-08-01,12.44,768.02,18404.51,5184.2,2170.84,77.0
2016-08-02,13.37,755.73,18313.77,5137.73,2157.03,77.0
2016-08-03,12.86,756.53,18355.0,5159.74,2163.79,81.0
2016-08-04,12.42,763.57,18352.05,5166.25,2164.25,80.0
2016-08-05,11.39,773.78,18543.53,5221.12,2182.87,86.0
2016-08-08,11.5,772.44,18529.29,5213.14,2180.89,84.0
2016-08-09,11.66,778.78,18533.05,5225.48,2181.74,80.0
2016-08-10,12.05,772.82,18495.66,5204.58,2175.49,74.0
2016-08-11,11.68,776.26,18613.52,5228.4,2185.79,80.0
2016-08-12,11.55,779.84,18576.47,5232.89,2184.05,75.0
2016-08-15,11.81,790.44,18636.05,5262.02,2190.15,81.0
2016-08-16,12.64,784.61,18552.02,5227.11,2178.15,77.0
2016-08-17,12.19,784.61,18573.94,5228.66,2182.22,76.0
2016-08-18,11.43,790.16,18597.7,5240.15,2187.02,78.0
2016-08-19,11.34,797.06,18552.57,5238.38,2183.87,77.0
2016-08-22,12.27,797.29,18529.42,5244.6,2182.64,72.0
2016-08-23,12.38,801.31,18547.3,5260.08,2186.9,76.0
2016-08-24,13.45,794.34,18481.48,5217.69,2175.44,69.0
2016-08-25,13.63,797.47,18448.41,5212.2,2172.47,66.0
2016-08-26,13.65,801.4,18395.4,5218.92,2169.04,63.0
2016-08-29,12.94,803.62,18502.99,5232.33,2180.38,64.0
2016-08-30,13.12,802.07,18454.3,5222.99,2176.12,64.0
2016-08-31,13.42,801.48,18400.88,5213.22,2170.95,61.0
2016-09-01,13.48,808.36,18419.3,5227.21,2170.86,62.0
2016-09-02,11.98,806.95,18491.96,5249.9,2179.98,65.0
2016-09-06,12.02,805.1,18538.12,5275.91,2186.48,65.0
2016-09-07,11.94,799.2,18526.14,5283.93,2186.16,65.0
2016-09-08,12.51,797.57,18479.91,5259.48,2181.3,70.0
2016-09-09,17.5,768.37,18085.45,5125.91,2127.81,43.0
2016-09-12,15.16,783.95,18325.07,5211.89,2159.04,58.0
2016-09-13,17.85,776.73,18066.75,5155.25,2127.02,35.0
2016-09-14,18.14,783.72,18034.77,5173.77,2125.77,33.0
2016-09-15,16.3,801.77,18212.48,5249.69,2147.26,43.0
2016-09-16,15.37,801.55,18123.8,5244.57,2139.16,43.0
2016-09-19,15.53,803.06,18120.17,5235.03,2139.12,44.0
2016-09-20,15.92,799.11,18129.96,5241.35,2139.76,45.0
2016-09-21,13.3,810.65,18293.7,5295.18,2163.12,56.0
2016-09-22,12.02,813.51,18392.46,5339.52,2177.18,60.0
2016-09-23,12.29,804.59,18261.45,5305.75,2164.69,54.0
2016-09-26,14.5,796.64,18094.83,5257.49,2146.1,41.0
2016-09-27,13.1,810.84,18228.3,5305.71,2159.93,45.0
2016-09-28,12.39,812.47,18339.24,5318.55,2171.37,51.0
2016-09-29,14.02,822.64,18143.45,5269.15,2151.13,37.0
2016-09-30,13.29,835.6,18308.15,5312.0,2168.27,49.0
2016-10-03,13.57,829.49,18253.85,5300.87,2161.2,45.0
2016-10-04,13.63,827.34,18168.45,5289.66,2150.49,43.0
2016-10-05,12.99,833.71,18281.03,5316.02,2159.73,51.0
2016-10-06,12.84,838.6,18268.5,5306.85,2160.77,53.0
2016-10-07,13.48,837.02,18240.49,5292.4,2153.74,51.0
2016-10-10,13.38,832.91,18329.04,5328.67,2163.66,57.0
2016-10-11,15.36,815.31,18128.66,5246.79,2136.73,43.0
2016-10-12,15.91,812.62,18144.2,5239.02,2139.18,45.0
2016-10-13,16.69,803.05,18098.94,5213.33,2132.55,34.0
2016-10-14,16.12,809.39,18138.38,5214.16,2132.98,41.0
2016-10-17,16.21,805.0,18086.4,5199.82,2126.5,33.0
2016-10-18,15.28,814.74,18161.94,5243.84,2139.6,40.0
2016-10-19,14.41,810.93,18202.62,5246.41,2144.29,39.0
2016-10-20,13.75,816.72,18162.35,5241.83,2141.34,38.0
2016-10-21,13.34,814.53,18145.71,5257.4,2141.16,43.0
2016-10-24,13.02,829.79,18223.03,5309.83,2151.33,53.0
2016-10-25,13.46,828.67,18169.27,5283.4,2143.16,48.0
2016-10-26,14.24,827.22,18199.33,5250.27,2139.43,43.0
2016-10-27,15.36,823.74,18169.68,5215.97,2133.04,46.0
2016-10-28,16.19,818.88,18161.19,5190.1,2126.41,32.0
2016-10-31,17.06,823.52,18142.42,5189.13,2126.15,30.0
2016-11-01,18.56,816.08,18037.1,5153.58,2111.72,21.0
2016-11-02,19.32,810.57,17959.64,5105.57,2097.94,17.0
2016-11-03,22.08,808.0,17930.67,5058.41,2088.66,14.0
2016-11-04,22.51,802.88,17888.28,5046.37,2085.18,14.0
2016-11-07,18.71,825.87,18259.6,5166.17,2131.52,33.0
2016-11-08,18.74,827.68,18332.74,5193.49,2139.56,33.0
2016-11-09,14.38,823.59,18589.69,5251.07,2163.26,43.0
2016-11-10,14.74,806.09,18807.88,5208.8,2167.48,45.0
2016-11-11,14.17,837.24,18847.66,5237.11,2164.45,48.0
2016-11-14,14.48,832.08,18868.69,5218.4,2164.2,53.0
2016-11-15,13.37,847.9,18923.06,5275.62,2180.39,63.0
2016-11-16,13.72,857.55,18868.14,5294.58,2176.94,60.0
2016-11-17,13.35,866.84,18903.82,5333.97,2187.12,63.0
2016-11-18,12.85,872.63,18867.93,5321.51,2181.9,61.0
2016-11-21,12.42,879.01,18956.69,5368.86,2198.18,67.0
2016-11-22,12.41,888.27,19023.87,5386.35,2202.94,67.0
2016-11-23,12.43,889.31,19083.18,5380.68,2204.72,70.0
2016-11-25,12.34,890.97,19152.14,5398.92,2213.35,72.0
2016-11-28,13.15,887.25,19097.9,5368.81,2201.72,70.0
2016-11-29,12.9,885.25,19121.6,5379.92,2204.66,71.0
2016-11-30,13.33,879.47,19123.58,5323.68,2198.81,73.0
2016-12-01,14.07,836.79,19191.93,5251.11,2191.08,71.0
2016-12-02,14.12,847.7,19170.42,5255.65,2191.95,71.0
2016-12-05,12.14,858.13,19216.24,5308.89,2204.71,75.0
2016-12-06,11.79,870.0,19251.78,5333.0,2212.23,77.0
2016-12-07,12.22,888.45,19549.62,5393.76,2241.35,83.0
2016-12-08,12.64,895.7,19614.81,5417.36,2246.19,85.0
2016-12-09,11.75,892.51,19756.85,5444.5,2259.53,87.0
2016-12-12,12.64,885.46,19796.43,5412.54,2256.96,87.0
2016-12-13,12.72,895.55,19911.21,5463.83,2271.72,88.0
2016-12-14,13.19,894.28,19792.53,5436.67,2253.28,86.0
2016-12-15,12.79,909.97,19852.24,5456.85,2262.03,86.0
2016-12-16,12.2,900.85,19843.41,5437.16,2258.07,84.0
2016-12-19,11.71,909.68,19883.06,5457.44,2262.53,82.0
2016-12-20,11.45,917.99,19974.62,5483.94,2270.76,79.0
2016-12-21,11.27,918.33,19941.96,5471.43,2265.18,74.0
2016-12-22,11.43,923.06,19918.88,5447.42,2260.96,71.0
2016-12-23,11.44,927.92,19933.81,5462.69,2263.79,66.0
2016-12-27,11.99,939.21,19945.04,5487.44,2268.88,70.0
2016-12-28,12.95,921.09,19833.68,5438.56,2249.92,64.0
2016-12-29,13.37,921.2,19819.78,5432.09,2249.26,64.0
2016-12-30,14.04,906.47,19762.6,5383.12,2238.83,58.0
2017-01-03,12.85,907.34,19881.76,5429.08,2257.83,71.0
2017-01-04,11.85,909.77,19942.16,5477.0,2270.75,71.0
2017-01-05,11.67,901.69,19899.29,5487.94,2269.0,68.0
2017-01-06,11.32,908.65,19963.8,5521.06,2276.98,70.0
2017-01-09,11.56,918.58,19887.38,5531.82,2268.9,66.0
2017-01-10,11.49,923.06,19855.53,5551.82,2268.9,62.0
2017-01-11,11.26,926.54,19954.28,5563.65,2275.32,61.0
2017-01-12,11.54,918.16,19891.0,5547.49,2270.44,55.0
2017-01-13,11.23,924.67,19885.73,5574.12,2274.64,57.0
2017-01-17,11.87,909.48,19826.77,5538.73,2267.89,57.0
2017-01-18,12.48,922.36,19804.72,5555.65,2271.89,56.0
2017-01-19,12.78,918.03,19732.4,5540.08,2263.69,53.0
2017-01-20,11.54,930.01,19827.25,5555.33,2271.31,54.0
2017-01-23,11.77,923.77,19799.85,5552.94,2265.2,49.0
2017-01-24,11.07,942.41,19912.71,5600.96,2280.07,54.0
2017-01-25,10.81,956.06,20068.51,5656.34,2298.37,62.0
2017-01-26,10.63,950.32,20100.91,5655.18,2296.68,57.0
2017-01-27,10.58,962.26,20093.78,5660.78,2294.69,59.0
2017-01-30,11.88,956.84,19971.13,5613.71,2280.9,53.0
2017-01-31,11.99,944.28,19864.09,5614.79,2278.87,54.0
2017-02-01,11.81,960.11,19890.94,5642.65,2279.55,53.0
2017-02-02,11.93,959.08,19884.91,5636.2,2280.85,51.0
2017-02-03,10.97,964.02,20071.46,5666.77,2297.42,60.0
2017-02-06,11.37,967.39,20052.42,5663.55,2292.56,56.0
2017-02-07,11.29,970.59,20090.29,5674.22,2293.08,56.0
2017-02-08,11.45,972.14,20054.34,5682.45,2294.67,61.0
2017-02-09,10.88,963.81,20172.4,5715.18,2307.87,69.0
2017-02-10,10.85,963.05,20269.37,5734.13,2316.1,69.0
2017-02-13,11.07,965.7,20412.16,5763.96,2328.25,74.0
2017-02-14,10.74,962.63,20504.41,5782.57,2337.58,79.0
2017-02-15,11.97,970.54,20611.86,5819.44,2349.25,80.0
2017-02-16,11.76,971.24,20619.77,5814.9,2347.22,78.0
2017-02-17,11.49,976.8,20624.05,5838.58,2351.16,77.0
2017-02-21,11.57,990.44,20743.0,5865.95,2365.38,83.0
2017-02-22,11.74,990.07,20775.6,5860.63,2362.82,80.0
2017-02-23,11.71,973.87,20810.32,5835.51,2363.81,75.0
2017-02-24,11.47,973.44,20821.76,5845.31,2367.34,68.0
2017-02-27,12.09,982.4,20837.44,5861.9,2369.75,71.0
2017-02-28,12.92,969.38,20812.24,5825.44,2363.64,64.0
2017-03-01,12.54,985.26,21115.55,5904.03,2395.96,81.0
2017-03-02,11.81,974.33,21002.97,5861.22,2381.92,75.0
2017-03-03,10.96,973.97,21005.71,5870.75,2383.12,74.0
2017-03-06,11.24,974.18,20954.34,5849.17,2375.31,69.0
2017-03-07,11.45,976.85,20924.76,5833.93,2368.39,70.0
2017-03-08,11.86,979.0,20855.73,5837.55,2362.98,62.0
2017-03-09,12.3,980.48,20858.19,5838.81,2364.87,62.0
2017-03-10,11.66,991.93,20902.98,5861.73,2372.6,66.0
2017-03-13,11.35,999.39,20881.48,5875.78,2373.47,64.0
2017-03-14,12.3,996.33,20837.37,5856.82,2365.45,51.0
2017-03-15,11.63,1004.65,20950.1,5900.05,2385.26,53.0
2017-03-16,11.21,1002.81,20934.55,5900.76,2381.38,51.0
2017-03-17,11.28,1004.6,20914.62,5901.0,2378.25,45.0
2017-03-20,11.34,1012.29,20905.86,5901.53,2373.47,42.0
2017-03-21,12.47,988.42,20668.01,5793.83,2344.02,36.0
2017-03-22,12.81,999.34,20661.3,5821.64,2348.45,32.0
2017-03-23,13.12,996.85,20656.58,5817.69,2345.96,30.0
2017-03-24,12.96,1004.35,20596.72,5828.74,2343.98,30.0
2017-03-27,12.5,1005.95,20550.98,5840.37,2341.59,29.0
2017-03-28,11.53,1008.97,20701.5,5875.14,2358.57,34.0
2017-03-29,11.42,1006.49,20659.32,5897.55,2361.13,34.0
2017-03-30,11.54,1011.81,20728.49,5914.34,2368.06,43.0
2017-03-31,12.37,1011.4,20663.22,5911.74,2362.72,47.0
2017-04-03,12.38,1005.8,20650.21,5894.68,2358.84,46.0
2017-04-04,11.79,1000.48,20689.24,5898.61,2360.16,46.0
2017-04-05,12.89,993.53,20648.15,5864.48,2352.95,43.0
2017-04-06,12.39,994.69,20662.95,5878.95,2357.49,43.0
2017-04-07,12.87,999.35,20656.1,5877.81,2355.54,40.0
2017-04-10,14.05,991.62,20658.02,5880.93,2357.16,37.0
2017-04-11,15.07,983.34,20651.3,5866.77,2353.78,31.0
2017-04-12,15.77,966.55,20591.86,5836.16,2344.93,28.0
2017-04-13,15.96,960.01,20453.25,5805.15,2328.95,25.0
2017-04-17,14.66,972.56,20636.92,5856.79,2349.01,30.0
2017-04-18,14.42,976.67,20523.28,5849.47,2342.19,30.0
2017-04-19,14.93,982.05,20404.49,5863.03,2338.17,30.0
2017-04-20,14.15,997.55,20578.71,5916.78,2355.84,34.0
2017-04-21,14.63,992.94,20547.76,5910.52,2348.69,35.0
2017-04-24,10.84,1007.8,20763.89,5983.82,2374.15,39.0
2017-04-25,10.76,1017.81,20996.12,6025.49,2388.61,46.0
2017-04-26,10.85,1009.16,20975.09,6025.23,2387.45,48.0
2017-04-27,10.36,1023.29,20981.33,6048.94,2388.77,50.0
2017-04-28,10.82,1005.53,20940.51,6047.61,2384.2,50.0
2017-05-01,10.11,1015.43,20913.46,6091.6,2388.33,49.0
2017-05-02,10.59,1004.62,20949.89,6095.37,2391.17,51.0
2017-05-03,10.68,1008.05,20957.9,6072.55,2388.13,47.0
2017-05-04,10.46,1006.83,20951.47,6075.34,2389.52,45.0
2017-05-05,10.57,1011.03,21006.94,6100.76,2399.29,47.0
2017-05-08,9.77,1007.16,21012.28,6102.66,2399.38,49.0
2017-05-09,9.96,1017.5,20975.78,6120.59,2396.92,50.0
2017-05-10,10.21,1038.92,20943.11,6129.14,2399.63,61.0
2017-05-11,10.6,1042.43,20919.42,6115.96,2394.44,63.0
2017-05-12,10.4,1045.24,20896.61,6121.23,2390.9,62.0
2017-05-15,10.42,1061.05,20981.94,6149.67,2402.32,64.0
2017-05-16,10.65,1076.85,20979.75,6169.87,2400.67,66.0
2017-05-17,15.59,1029.83,20606.93,6011.24,2357.03,45.0
2017-05-18,14.66,1049.29,20663.02,6055.13,2365.72,43.0
2017-05-19,12.04,1060.77,20804.84,6083.7,2381.73,49.0
2017-05-22,10.93,1072.3,20894.83,6133.62,2394.02,50.0
2017-05-23,10.72,1067.94,20937.91,6138.71,2398.42,45.0
2017-05-24,10.02,1074.85,21012.42,6163.02,2404.39,54.0
2017-05-25,9.99,1080.75,21082.95,6205.26,2415.07,57.0
2017-05-26,9.81,1084.85,21080.28,6210.19,2415.82,58.0
2017-05-30,10.38,1091.45,21029.47,6203.19,2412.91,53.0
2017-05-31,10.41,1091.42,21008.65,6198.52,2411.8,50.0
2017-06-01,9.89,1092.55,21144.18,6246.83,2430.06,58.0
2017-06-02,9.75,1103.4,21206.29,6305.8,2439.07,57.0
2017-06-05,10.07,1106.22,21184.04,6295.68,2436.1,58.0
2017-06-06,10.45,1110.08,21136.23,6275.06,2429.33,55.0
2017-06-07,10.39,1118.3,21173.69,6297.38,2433.14,55.0
2017-06-08,10.16,1138.25,21182.53,6321.76,2433.79,55.0
2017-06-09,10.7,1090.05,21271.97,6207.92,2431.77,54.0
2017-06-12,11.46,1084.44,21235.67,6175.46,2429.39,55.0
2017-06-13,10.42,1091.35,21328.47,6220.37,2440.35,55.0
2017-06-14,10.64,1079.82,21374.56,6194.89,2437.92,52.0
2017-06-15,10.9,1070.76,21359.9,6165.5,2432.46,52.0
2017-06-16,10.38,1067.23,21384.28,6151.76,2433.15,50.0
2017-06-19,10.37,1087.92,21528.99,6239.01,2453.46,57.0
2017-06-20,10.86,1074.88,21467.14,6188.03,2437.03,48.0
2017-06-21,10.75,1087.42,21410.03,6233.95,2435.61,42.0
2017-06-22,10.48,1084.96,21397.29,6236.69,2434.5,50.0
2017-06-23,10.02,1088.48,21394.76,6265.25,2438.3,52.0
2017-06-26,9.9,1077.92,21409.55,6247.15,2439.07,53.0
2017-06-27,11.06,1048.66,21310.66,6146.62,2419.38,48.0
2017-06-28,10.03,1067.18,21454.61,6234.41,2440.69,60.0
2017-06-29,11.44,1040.42,21287.03,6144.35,2419.7,47.0
2017-06-30,11.18,1034.91,21349.63,6140.42,2423.41,49.0
2017-07-03,11.22,1020.51,21479.27,6110.06,2429.01,54.0
2017-07-05,11.07,1041.78,21478.17,6150.86,2432.54,57.0
2017-07-06,12.54,1037.05,21320.04,6089.46,2409.75,44.0
2017-07-07,11.19,1054.9,21414.34,6153.08,2425.18,49.0
2017-07-10,11.11,1067.1,21408.52,6176.39,2427.43,46.0
2017-07-11,10.89,1075.42,21409.07,6193.3,2425.53,41.0
2017-07-12,10.3,1092.86,21532.14,6261.17,2443.25,47.0
2017-07-13,9.9,1090.13,21553.09,6274.44,2447.83,54.0
2017-07-14,9.51,1104.32,21637.74,6312.47,2459.27,64.0
2017-07-17,9.82,1099.55,21629.72,6314.43,2459.14,67.0
2017-07-18,9.89,1103.35,21574.73,6344.31,2460.61,62.0
2017-07-19,9.79,1113.18,21640.75,6385.04,2473.83,74.0
2017-07-20,9.58,1116.62,21611.78,6390.0,2473.45,76.0
2017-07-21,9.36,1107.54,21580.07,6387.75,2472.54,73.0
2017-07-24,9.43,1103.01,21513.17,6410.81,2469.91,72.0
2017-07-25,9.43,1102.59,21613.43,6412.17,2477.13,81.0
2017-07-26,9.6,1115.35,21711.01,6422.75,2477.83,78.0
2017-07-27,10.11,1097.27,21796.55,6382.19,2475.42,73.0
2017-07-28,10.29,1092.99,21830.31,6374.68,2472.1,70.0
2017-07-31,10.26,1085.15,21891.12,6348.12,2470.3,70.0
2017-08-01,10.09,1091.13,21963.92,6362.94,2476.35,65.0
2017-08-02,10.28,1083.96,22016.24,6362.65,2477.57,67.0
2017-08-03,10.44,1078.8,22026.1,6340.34,2472.16,59.0
2017-08-04,10.03,1079.45,22092.81,6351.56,2476.83,64.0
2017-08-07,9.93,1098.25,22118.42,6383.77,2480.91,63.0
2017-08-08,10.96,1093.77,22085.34,6370.46,2474.92,61.0
2017-08-09,11.11,1090.49,22048.7,6352.33,2474.02,54.0
2017-08-10,16.04,1060.02,21844.01,6216.87,2438.21,31.0
2017-08-11,15.51,1066.22,21858.32,6256.56,2441.32,28.0
2017-08-14,12.33,1093.74,21993.71,6340.23,2465.84,39.0
2017-08-15,12.04,1096.43,21998.99,6333.01,2464.61,36.0
2017-08-16,11.74,1098.07,22024.87,6345.11,2468.11,34.0
2017-08-17,15.55,1069.7,21750.73,6221.91,2430.01,19.0
2017-08-18,14.26,1071.89,21674.51,6216.53,2425.55,17.0
2017-08-21,13.19,1064.52,21703.75,6213.13,2428.37,15.0
2017-08-22,11.35,1081.64,21899.89,6297.48,2452.51,23.0
2017-08-23,12.25,1086.41,21812.09,6278.41,2444.04,19.0
2017-08-24,12.23,1085.93,21783.4,6271.33,2438.97,22.0
2017-08-25,11.28,1080.5,21813.67,6265.64,2443.05,27.0
2017-08-28,11.32,1082.62,21808.4,6283.02,2444.24,29.0
2017-08-29,11.7,1084.86,21865.37,6301.89,2446.3,28.0
2017-08-30,11.22,1103.69,21892.43,6368.31,2457.59,35.0
2017-08-31,10.59,1114.31,21948.1,6428.66,2471.65,43.0
2017-09-01,10.13,1119.34,21987.56,6435.33,2476.55,50.0
2017-09-05,12.23,1103.63,21753.31,6375.57,2457.85,35.0
2017-09-06,11.63,1105.76,21807.64,6393.31,2465.54,41.0
2017-09-07,11.55,1107.34,21784.78,6397.87,2465.1,38.0
2017-09-08,12.12,1093.49,21797.79,6360.19,2461.43,38.0
2017-09-11,10.73,1115.46,22057.37,6432.26,2488.11,53.0
2017-09-12,10.58,1120.2,22118.86,6454.28,2496.48,63.0
2017-09-13,10.5,1122.04,22158.18,6460.19,2498.37,68.0
2017-09-14,10.44,1127.42,22203.48,6429.08,2495.62,68.0
2017-09-15,10.17,1146.68,22268.34,6448.47,2500.23,77.0
2017-09-18,10.15,1160.9,22331.35,6454.64,2503.87,80.0
2017-09-19,10.18,1164.98,22370.8,6461.32,2506.65,81.0
2017-09-20,9.78,1148.6,22412.59,6456.04,2508.24,79.0
2017-09-21,9.67,1143.87,22359.23,6422.69,2500.6,73.0
2017-09-22,9.59,1149.59,22349.59,6426.92,2502.22,70.0
2017-09-25,10.21,1126.94,22296.09,6370.59,2496.66,65.0
2017-09-26,10.17,1126.4,22284.32,6380.16,2496.84,67.0
2017-09-27,9.87,1153.0,22340.71,6453.26,2507.04,78.0
2017-09-28,9.55,1161.69,22381.2,6453.45,2510.06,79.0
2017-09-29,9.51,1171.74,22405.09,6495.96,2519.36,85.0
2017-10-02,9.45,1178.75,22557.6,6516.72,2529.12,89.0
2017-10-03,9.51,1182.43,22641.67,6531.71,2534.58,92.0
2017-10-04,9.63,1185.24,22661.64,6534.63,2537.74,91.0
2017-10-05,9.19,1186.07,22775.39,6585.36,2552.07,95.0
2017-10-06,9.65,1191.45,22773.67,6590.18,2549.33,92.0
2017-10-09,10.33,1199.86,22761.07,6579.73,2544.73,84.0
2017-10-10,10.08,1207.2,22830.68,6587.25,2550.64,85.0
2017-10-11,9.85,1215.19,22872.89,6603.55,2555.24,83.0
2017-10-12,9.91,1211.1,22841.01,6591.51,2550.93,77.0
2017-10-13,9.61,1219.21,22871.72,6605.8,2553.17,73.0
2017-10-16,9.91,1224.99,22956.96,6624.0,2557.64,78.0
2017-10-17,10.31,1224.12,22997.44,6623.66,2559.36,78.0
2017-10-18,10.07,1228.16,23157.6,6624.22,2561.26,82.0
2017-10-19,10.05,1225.05,23163.04,6605.07,2562.1,83.0
2017-10-20,9.97,1231.34,23328.63,6629.05,2575.21,90.0
2017-10-23,11.07,1237.14,23273.96,6586.83,2564.98,85.0
2017-10-24,11.16,1245.38,23441.76,6598.43,2569.13,87.0
2017-10-25,11.23,1229.27,23329.46,6563.89,2557.15,75.0
2017-10-26,11.3,1237.03,23400.86,6556.77,2560.4,71.0
2017-10-27,9.8,1263.55,23434.19,6701.26,2581.07,73.0
2017-10-30,10.5,1265.91,23348.74,6698.96,2572.83,74.0
2017-10-31,10.18,1275.61,23377.24,6727.67,2575.26,65.0
2017-11-01,10.2,1271.51,23435.01,6716.53,2579.36,72.0
2017-11-02,9.93,1277.34,23516.26,6714.94,2579.85,69.0
2017-11-03,9.14,1299.97,23539.19,6764.44,2587.84,66.0
2017-11-06,9.4,1317.34,23548.42,6786.44,2591.13,68.0
2017-11-07,9.89,1316.55,23557.23,6767.78,2590.64,58.0
2017-11-08,9.78,1321.13,23563.36,6789.12,2594.38,54.0
2017-11-09,10.5,1294.66,23461.94,6750.05,2584.62,54.0
2017-11-10,11.29,1303.06,23422.21,6750.94,2582.3,54.0
2017-11-13,11.5,1306.58,23439.7,6757.6,2584.84,53.0
2017-11-14,11.59,1305.0,23409.47,6737.87,2578.87,49.0
2017-11-15,13.13,1293.2,23271.28,6706.21,2564.62,36.0
2017-11-16,11.76,1313.11,23458.36,6793.29,2585.64,50.0
2017-11-17,11.43,1306.93,23358.24,6782.79,2578.85,44.0
2017-11-20,10.65,1322.81,23430.33,6790.71,2582.14,50.0
2017-11-21,9.73,1337.92,23590.83,6862.48,2599.03,54.0
2017-11-22,9.88,1329.1,23526.18,6867.36,2597.08,54.0
2017-11-24,9.67,1341.69,23557.99,6889.16,2602.42,59.0
2017-11-27,9.87,1324.15,23580.78,6878.52,2601.42,51.0
2017-11-28,10.03,1323.08,23836.71,6912.36,2627.04,64.0
2017-11-29,10.7,1265.01,23940.68,6824.34,2626.07,67.0
2017-11-30,11.28,1272.55,24272.35,6873.97,2647.58,73.0
2017-12-01,11.43,1258.65,24231.59,6847.59,2642.22,70.0
2017-12-04,11.68,1227.85,24290.05,6775.37,2639.44,64.0
2017-12-05,11.33,1228.51,24180.64,6762.21,2629.57,63.0
2017-12-06,11.02,1232.26,24140.91,6776.38,2629.27,60.0
2017-12-07,10.16,1244.52,24211.48,6812.84,2636.98,60.0
2017-12-08,9.58,1238.24,24329.16,6840.08,2651.5,64.0
2017-12-11,9.34,1245.58,24386.03,6875.08,2659.99,62.0
2017-12-12,9.92,1233.18,24504.8,6862.32,2664.11,66.0
2017-12-13,10.18,1233.04,24585.43,6875.8,2662.85,67.0
2017-12-14,10.49,1232.43,24508.66,6856.53,2652.01,66.0
2017-12-15,9.42,1250.89,24651.74,6936.58,2675.81,68.0
2017-12-18,9.53,1277.91,24792.2,6994.76,2690.16,74.0
2017-12-19,10.03,1276.52,24754.75,6963.85,2681.47,73.0
2017-12-20,9.72,1285.44,24726.65,6960.96,2679.25,72.0
2017-12-21,9.62,1271.81,24782.29,6965.36,2684.57,68.0
2017-12-22,9.9,1271.17,24754.06,6959.96,2683.34,66.0
2017-12-26,10.25,1258.88,24746.21,6936.25,2680.5,64.0
2017-12-27,10.47,1263.36,24774.3,6939.34,2682.62,61.0
2017-12-28,10.18,1266.3,24837.51,6950.16,2687.54,62.0
2017-12-29,11.04,1253.05,24719.22,6903.39,2673.61,53.0
2018-01-02,9.77,1287.7,24824.01,7006.9,2695.81,63.0
2018-01-03,9.15,1309.86,24922.68,7065.53,2713.06,67.0
2018-01-04,9.22,1317.24,25075.13,7077.91,2723.99,72.0
2018-01-05,9.22,1325.71,25295.87,7136.56,2743.15,75.0
2018-01-08,9.52,1335.54,25283.0,7157.39,2747.71,75.0
2018-01-09,10.08,1322.57,25385.8,7163.58,2751.29,76.0
2018-01-10,9.82,1306.22,25369.13,7153.57,2748.23,75.0
2018-01-11,9.88,1314.34,25574.73,7211.78,2767.56,77.0
2018-01-12,10.16,1322.1,25803.19,7261.06,2786.24,79.0
2018-01-16,11.66,1325.97,25792.86,7223.69,2776.42,75.0
2018-01-17,11.91,1364.29,26115.65,7298.28,2802.56,75.0
2018-01-18,12.22,1370.56,26017.81,7296.05,2798.03,72.0
2018-01-19,11.27,1372.03,26071.72,7336.38,2810.3,80.0
2018-01-22,11.03,1382.41,26214.6,7408.03,2832.97,79.0
2018-01-23,11.1,1392.86,26210.81,7460.29,2839.13,78.0
2018-01-24,11.47,1360.68,26252.12,7415.06,2837.54,78.0
2018-01-25,11.58,1337.62,26392.79,7411.16,2839.25,77.0
2018-01-26,11.08,1381.27,26616.71,7505.77,2872.87,79.0
2018-01-29,13.84,1378.42,26439.48,7466.51,2853.53,68.0
2018-01-30,14.79,1350.44,26076.89,7402.48,2822.43,62.0
2018-01-31,13.54,1361.5,26149.39,7411.48,2823.81,61.0
2018-02-01,13.47,1355.07,26186.71,7385.86,2821.98,58.0
2018-02-02,17.31,1317.98,25520.96,7240.95,2762.13,40.0
2018-02-05,37.32,1255.81,24345.75,6967.53,2648.94,17.0
2018-02-06,29.98,1301.66,24912.77,7115.88,2695.14,18.0
2018-02-07,27.73,1272.5,24893.35,7051.98,2681.66,16.0
2018-02-08,33.46,1218.66,23860.46,6777.16,2581.0,8.0
2018-02-09,29.06,1255.81,24190.9,6874.49,2619.55,10.0
2018-02-12,25.61,1279.14,24601.27,6981.96,2656.0,12.0
2018-02-13,24.97,1278.51,24640.45,7013.51,2662.94,13.0
2018-02-14,19.26,1307.05,24893.49,7143.62,2698.63,11.0
2018-02-15,19.13,1322.95,25200.37,7256.43,2731.2,15.0
2018-02-16,19.46,1318.32,25219.38,7239.47,2732.22,18.0
2018-02-20,20.6,1341.53,24964.75,7234.31,2716.26,17.0
2018-02-21,20.02,1325.35,24797.78,7218.23,2701.33,18.0
2018-02-22,18.72,1322.09,24962.48,7210.09,2703.96,15.0
2018-02-23,16.49,1351.09,25309.99,7337.39,2747.3,18.0
2018-02-26,15.8,1380.27,25709.27,7421.46,2779.6,20.0
2018-02-27,18.59,1374.72,25410.03,7330.35,2744.28,17.0
2018-02-28,19.85,1362.02,25029.2,7273.01,2713.83,12.0
2018-03-01,22.47,1340.14,24608.98,7180.56,2677.67,8.0
2018-03-02,19.59,1363.78,24538.06,7257.87,2691.25,10.0
2018-03-05,18.73,1375.86,24874.76,7330.7,2720.94,14.0
2018-03-06,18.36,1396.47,24884.12,7372.01,2728.12,26.0
2018-03-07,17.76,1400.47,24801.36,7396.65,2726.8,20.0
2018-03-08,16.54,1402.05,24895.21,7427.95,2738.97,20.0
2018-03-09,14.64,1431.16,25335.74,7560.81,2786.57,44.0
2018-03-12,15.78,1445.9,25178.61,7588.32,2783.02,40.0
2018-03-13,16.35,1423.46,25007.03,7511.01,2765.31,36.0
2018-03-14,17.23,1423.5,24758.12,7496.81,2749.48,30.0
2018-03-15,16.59,1422.07,24873.66,7481.74,2747.33,21.0
2018-03-16,15.8,1422.54,24946.51,7481.99,2752.01,19.0
2018-03-19,19.02,1394.82,24610.91,7344.24,2712.92,14.0
2018-03-20,18.2,1405.5,24727.27,7364.3,2716.94,15.0
2018-03-21,17.86,1407.98,24682.31,7345.29,2711.93,16.0
2018-03-22,23.34,1368.98,23957.89,7166.68,2643.69,9.0
2018-03-23,24.87,1323.92,23533.2,6992.67,2588.26,7.0
2018-03-26,21.03,1380.1,24202.6,7220.54,2658.55,8.0
2018-03-27,22.5,1327.94,23857.71,7008.81,2612.62,7.0
2018-03-28,22.87,1299.82,23848.42,6949.23,2605.0,6.0
2018-03-29,19.97,1328.9,24103.11,7063.44,2640.87,8.0
2018-04-02,23.62,1277.01,23644.19,6870.12,2581.88,7.0
2018-04-03,21.1,1302.09,24033.36,6941.28,2614.45,9.0
2018-04-04,20.06,1319.01,24264.3,7042.11,2644.69,11.0
2018-04-05,18.94,1305.24,24505.22,7076.55,2662.84,13.0
2018-04-06,21.49,1265.25,23932.76,6915.11,2604.47,9.0
2018-04-09,21.77,1273.8,23979.1,6950.34,2613.16,12.0
2018-04-10,20.47,1314.54,24408.0,7094.3,2656.87,17.0
2018-04-11,20.24,1315.06,24189.45,7069.03,2642.19,17.0
2018-04-12,18.49,1339.66,24483.05,7140.25,2663.99,22.0
2018-04-13,17.41,1329.4,24360.14,7106.65,2656.3,23.0
2018-04-16,16.56,1332.52,24573.04,7156.28,2677.84,25.0
2018-04-17,15.25,1357.72,24786.63,7281.1,2706.39,28.0
2018-04-18,15.6,1343.78,24748.07,7295.24,2708.64,32.0
2018-04-19,15.96,1285.88,24664.89,7238.06,2693.13,32.0
2018-04-20,16.88,1270.83,24462.94,7146.13,2670.14,38.0
2018-04-23,16.34,1253.98,24448.69,7128.6,2670.29,40.0
2018-04-24,18.02,1243.67,24024.13,7007.35,2634.56,33.0
2018-04-25,17.84,1242.19,24083.83,7003.74,2639.4,38.0
2018-04-26,16.24,1268.21,24322.34,7118.68,2666.94,42.0
2018-04-27,15.41,1258.11,24311.19,7119.8,2669.91,40.0
2018-04-30,15.93,1244.4,24163.15,7066.27,2648.05,42.0
2018-05-01,15.49,1265.94,24099.05,7130.7,2654.8,42.0
2018-05-02,15.97,1259.42,23924.98,7100.9,2635.67,38.0
2018-05-03,15.9,1267.44,23930.15,7088.15,2629.73,32.0
2018-05-04,14.77,1296.73,24262.51,7209.62,2663.42,40.0
2018-05-07,14.75,1308.48,24357.32,7265.21,2672.63,44.0
2018-05-08,14.71,1318.02,24360.21,7266.9,2671.92,41.0
2018-05-09,13.42,1336.68,24542.54,7339.91,2697.79,49.0
2018-05-10,13.23,1360.72,24739.53,7404.97,2723.07,54.0
2018-05-11,12.65,1350.46,24831.17,7402.88,2727.72,55.0
2018-05-14,12.93,1367.5,24899.41,7411.32,2730.13,54.0
2018-05-15,14.63,1351.1,24706.41,7351.63,2711.45,52.0
2018-05-16,13.42,1370.1,24768.93,7398.3,2722.46,55.0
2018-05-17,13.43,1364.87,24713.98,7382.47,2720.13,55.0
2018-05-18,13.42,1345.2,24715.09,7354.34,2712.97,52.0
2018-05-21,13.08,1359.34,25013.29,7394.04,2733.01,56.0
2018-05-22,13.22,1366.97,24834.41,7378.46,2724.44,59.0
2018-05-23,12.58,1373.95,24886.81,7425.96,2733.29,54.0
2018-05-24,12.53,1378.72,24811.76,7424.43,2727.76,48.0
2018-05-25,13.22,1390.84,24753.09,7433.85,2721.33,44.0
2018-05-29,17.02,1380.92,24361.45,7396.59,2689.86,34.0
2018-05-30,14.94,1389.91,24667.78,7462.45,2724.01,42.0
2018-05-31,15.43,1379.0,24415.84,7442.12,2705.27,43.0
2018-06-01,13.46,1411.31,24635.21,7554.33,2734.62,52.0
2018-06-04,12.74,1422.67,24813.69,7606.46,2746.87,55.0
2018-06-05,12.4,1428.51,24799.98,7637.86,2748.8,58.0
2018-06-06,11.64,1437.94,25146.39,7689.24,2772.35,65.0
2018-06-07,12.13,1424.34,25241.41,7635.07,2770.37,62.0
2018-06-08,12.18,1412.29,25316.53,7645.51,2779.03,63.0
2018-06-11,12.35,1408.99,25322.31,7659.93,2782.0,65.0
2018-06-12,12.34,1416.37,25320.73,7703.79,2786.85,65.0
2018-06-13,12.94,1414.48,25201.2,7695.7,2775.63,63.0
2018-06-14,12.12,1423.12,25175.31,7761.04,2782.49,63.0
2018-06-15,11.98,1422.04,25090.48,7746.38,2779.66,61.0
2018-06-18,12.31,1407.91,24987.47,7747.03,2773.75,61.0
2018-06-19,13.35,1391.58,24700.21,7725.59,2762.59,53.0
2018-06-20,12.79,1398.6,24657.8,7781.51,2767.32,57.0
2018-06-21,14.64,1381.01,24461.7,7712.95,2749.76,52.0
2018-06-22,13.77,1371.0,24580.89,7692.82,2754.88,53.0
2018-06-25,17.33,1328.04,24252.8,7532.01,2717.07,42.0
2018-06-26,15.92,1333.4,24283.11,7561.63,2723.06,47.0
2018-06-27,17.91,1300.51,24117.59,7445.08,2699.63,36.0
2018-06-28,16.85,1311.64,24216.05,7503.68,2716.31,39.0
2018-06-29,16.09,1313.7,24271.41,7510.3,2718.37,34.0
2018-07-02,15.6,1321.81,24307.18,7567.69,2726.71,35.0
2018-07-03,16.14,1297.71,24174.82,7502.67,2713.22,32.0
2018-07-05,14.97,1332.96,24356.74,7586.43,2736.61,33.0
2018-07-06,13.37,1349.19,24456.48,7688.39,2759.82,40.0
2018-07-09,12.69,1358.03,24776.59,7756.2,2784.17,47.0
2018-07-10,12.64,1372.25,24919.66,7759.2,2793.84,49.0
2018-07-11,13.63,1336.71,24700.45,7716.61,2774.02,41.0
2018-07-12,12.58,1346.2,24924.89,7823.92,2798.29,49.0
2018-07-13,12.18,1340.83,25019.41,7825.98,2801.31,47.0
2018-07-16,12.83,1339.24,25064.36,7805.72,2798.43,45.0
2018-07-17,12.06,1358.99,25119.89,7855.12,2809.55,49.0
2018-07-18,12.1,1369.46,25199.29,7854.44,2815.62,56.0
2018-07-19,12.87,1365.82,25064.5,7825.3,2804.49,50.0
2018-07-20,12.86,1359.19,25058.12,7820.2,2801.83,53.0
2018-07-23,12.62,1361.38,25044.29,7841.87,2806.98,58.0
2018-07-24,12.41,1346.58,25241.94,7840.77,2820.4,64.0
2018-07-25,12.29,1353.15,25414.1,7932.24,2846.07,70.0
2018-07-26,12.14,1378.42,25527.07,7852.18,2837.44,72.0
2018-07-27,13.03,1372.24,25451.06,7737.42,2818.82,67.0
2018-07-30,14.26,1358.56,25306.83,7630.0,2802.6,64.0
2018-07-31,12.83,1367.47,25415.19,7671.79,2816.29,66.0
2018-08-01,13.15,1365.11,25333.82,7707.29,2813.36,66.0
2018-08-02,12.19,1378.83,25326.16,7802.69,2827.22,68.0
2018-08-03,11.64,1381.64,25462.58,7812.01,2840.35,71.0
2018-08-06,11.27,1389.22,25502.18,7859.68,2850.4,72.0
2018-08-07,10.93,1400.0,25628.91,7883.66,2858.45,73.0
2018-08-08,10.85,1403.77,25583.75,7888.33,2857.7,74.0
2018-08-09,11.27,1389.06,25509.23,7891.78,2853.58,70.0
2018-08-10,13.16,1354.8,25313.14,7839.11,2833.28,60.0
2018-08-13,14.78,1356.75,25187.7,7819.71,2821.93,56.0
2018-08-14,13.31,1354.19,25299.92,7870.89,2839.96,58.0
2018-08-15,14.64,1334.86,25162.41,7774.12,2818.37,46.0
2018-08-16,13.45,1333.09,25558.73,7806.52,2840.69,51.0
2018-08-17,12.64,1323.41,25669.32,7816.33,2850.13,54.0
2018-08-20,12.49,1322.1,25758.69,7821.01,2857.05,55.0
2018-08-21,12.86,1348.28,25822.29,7859.17,2862.96,61.0
2018-08-22,12.25,1354.53,25733.6,7889.1,2861.82,61.0
2018-08-23,12.41,1356.13,25656.98,7878.46,2856.98,59.0
2018-08-24,11.99,1375.88,25790.35,7945.98,2874.69,68.0
2018-08-27,12.16,1397.46,26049.64,8017.9,2896.74,77.0
2018-08-28,12.5,1402.95,26064.02,8030.04,2897.52,74.0
2018-08-29,12.25,1406.38,26124.57,8109.69,2914.04,78.0
2018-08-30,13.53,1393.17,25986.92,8088.36,2901.13,73.0
2018-08-31,12.86,1401.2,25964.82,8109.54,2901.52,71.0
2018-09-04,13.16,1410.93,25952.48,8091.25,2896.72,67.0
2018-09-05,13.91,1403.82,25974.99,7995.17,2888.6,62.0
2018-09-06,14.65,1366.35,25995.87,7922.73,2878.05,53.0
2018-09-07,14.88,1360.77,25916.54,7902.54,2871.68,52.0
2018-09-10,14.16,1375.74,25857.07,7924.16,2877.13,56.0
2018-09-11,13.22,1361.89,25971.06,7972.47,2887.89,59.0
2018-09-12,13.14,1346.02,25998.92,7954.23,2888.92,59.0
2018-09-13,12.37,1362.2,26145.99,8013.71,2904.18,72.0
2018-09-14,12.07,1377.31,26154.67,8010.04,2904.98,73.0
2018-09-17,13.68,1357.48,26062.12,7895.79,2888.8,67.0
2018-09-18,12.79,1368.87,26246.96,7956.11,2904.31,73.0
2018-09-19,11.75,1371.68,26405.76,7950.04,2907.95,71.0
2018-09-20,11.8,1387.67,26656.98,8028.23,2930.75,74.0
2018-09-21,11.68,1383.09,26743.5,7986.96,2929.67,75.0
2018-09-24,12.2,1388.46,26562.05,7993.25,2919.37,70.0
2018-09-25,12.42,1364.82,26492.21,8007.47,2915.56,64.0
2018-09-26,12.89,1351.85,26385.28,7990.37,2905.97,53.0
2018-09-27,12.41,1357.87,26439.93,8041.97,2914.0,48.0
2018-09-28,12.12,1366.74,26458.31,8046.35,2913.98,47.0
2018-10-01,12.0,1370.44,26651.21,8037.3,2924.59,49.0
2018-10-02,12.05,1370.87,26773.94,7999.55,2923.43,45.0
2018-10-03,11.61,1372.4,26828.39,8025.09,2925.51,51.0
2018-10-04,14.22,1347.16,26627.48,7879.51,2901.61,43.0
2018-10-05,14.82,1315.84,26447.05,7788.45,2885.57,33.0
2018-10-08,15.69,1301.0,26486.78,7735.95,2884.43,28.0
2018-10-09,15.95,1300.15,26430.57,7738.02,2880.34,23.0
2018-10-10,22.96,1242.1,25598.74,7422.05,2785.68,8.0
2018-10-11,24.98,1229.36,25052.83,7329.06,2728.37,5.0
2018-10-12,21.31,1253.58,25339.99,7496.89,2767.13,11.0
2018-10-15,21.3,1241.82,25250.55,7430.74,2750.79,11.0
2018-10-16,17.62,1282.95,25798.42,7645.49,2809.92,13.0
2018-10-17,17.4,1277.31,25706.68,7642.7,2809.21,14.0
2018-10-18,20.06,1245.3,25379.45,7485.14,2768.78,12.0
2018-10-19,19.89,1225.94,25444.34,7449.03,2767.78,14.0
2018-10-22,19.64,1234.2,25317.41,7468.63,2755.88,16.0
2018-10-23,20.71,1227.61,25191.43,7437.54,2740.69,12.0
2018-10-24,25.23,1146.41,24583.42,7108.4,2656.1,6.0
2018-10-25,24.22,1173.21,24984.55,7318.34,2705.57,9.0
2018-10-26,24.16,1153.0,24688.31,7167.21,2658.69,7.0
2018-10-29,24.7,1140.15,24442.92,7050.29,2641.25,7.0
2018-10-30,23.35,1187.57,24874.64,7161.65,2682.63,10.0
2018-10-31,21.23,1202.3,25115.76,7305.9,2711.74,7.0
2018-11-01,19.34,1258.08,25380.74,7434.06,2740.37,6.0
2018-11-02,19.51,1239.16,25270.83,7356.99,2723.06,8.0
2018-11-05,19.96,1228.6,25461.7,7328.85,2738.31,9.0
2018-11-06,19.91,1242.63,25635.01,7375.96,2755.45,12.0
2018-11-07,16.36,1257.47,26180.3,7570.75,2813.89,25.0
2018-11-08,16.72,1252.23,26191.22,7530.88,2806.83,29.0
2018-11-09,17.36,1229.05,25989.3,7406.9,2781.01,18.0
2018-11-12,20.45,1174.49,25387.18,7200.87,2726.22,11.0
2018-11-13,20.02,1190.37,25286.49,7200.87,2722.18,10.0
2018-11-14,21.25,1194.71,25080.5,7136.39,2701.58,7.0
2018-11-15,19.98,1234.62,25289.27,7259.03,2730.2,10.0
2018-11-16,18.14,1220.14,25413.22,7247.87,2736.27,10.0
2018-11-19,20.1,1173.01,25017.44,7028.48,2690.73,8.0
2018-11-20,22.48,1174.82,24465.64,6908.82,2641.89,7.0
2018-11-21,20.8,1179.73,24464.69,6972.25,2649.93,13.0
2018-11-23,21.52,1179.24,24285.95,6938.98,2632.56,9.0
2018-11-26,18.9,1201.72,24640.24,7081.85,2673.45,17.0
2018-11-27,19.02,1204.08,24748.73,7082.7,2682.17,19.0
2018-11-28,18.49,1231.45,25366.43,7291.59,2743.79,23.0
2018-11-29,18.79,1221.43,25338.84,7273.08,2737.76,23.0
2018-11-30,18.07,1239.6,25538.46,7330.54,2760.17,22.0
2018-12-03,16.44,1272.74,25826.43,7441.51,2790.37,32.0
2018-12-04,20.74,1209.35,25027.07,7158.43,2700.06,20.0
2018-12-06,21.19,1202.83,24947.67,7188.26,2695.95,15.0
2018-12-07,23.23,1157.86,24388.95,6969.25,2633.08,11.0
2018-12-10,22.64,1174.19,24423.26,7020.52,2637.72,9.0
2018-12-11,21.76,1181.48,24370.24,7031.83,2636.78,8.0
2018-12-12,21.46,1198.9,24527.27,7098.31,2651.07,10.0
2018-12-13,20.65,1194.59,24597.38,7070.33,2650.54,11.0
2018-12-14,21.63,1177.57,24100.51,6910.66,2599.95,8.0
2018-12-17,24.52,1162.46,23592.98,6753.73,2545.94,10.0
2018-12-18,25.58,1177.36,23675.64,6783.91,2546.16,8.0
2018-12-19,25.58,1127.44,23323.66,6636.83,2506.96,8.0
2018-12-20,28.38,1117.74,22859.6,6528.41,2467.42,5.0
2018-12-21,30.11,1101.29,22445.37,6332.99,2416.62,3.0
2018-12-24,36.07,1069.39,21792.2,6192.92,2351.1,2.0
2018-12-26,30.41,1131.1,22878.45,6554.36,2467.7,4.0
2018-12-27,29.96,1139.49,23138.82,6579.49,2488.83,8.0
2018-12-28,28.34,1147.37,23062.4,6584.52,2485.74,12.0
2018-12-31,25.42,1155.17,23327.46,6635.28,2506.85,12.0
2019-01-02,23.22,1165.3,23346.24,6665.94,2510.03,12.0
2019-01-03,25.45,1096.03,22686.22,6463.5,2447.89,10.0
2019-01-04,21.38,1143.96,23433.16,6738.86,2531.94,16.0
2019-01-07,21.4,1166.24,23531.35,6823.47,2549.69,19.0
2019-01-08,20.47,1160.55,23787.45,6897.0,2574.41,24.0
2019-01-09,19.98,1189.84,23879.12,6957.08,2584.96,27.0
2019-01-10,19.5,1201.4,24001.92,6986.07,2596.64,31.0
2019-01-11,18.19,1213.04,23995.95,6971.48,2596.26,30.0
2019-01-14,19.07,1194.28,23909.84,6905.92,2582.61,28.0
2019-01-15,18.6,1197.03,24065.59,7023.83,2610.3,31.0
2019-01-16,19.04,1187.19,24207.16,7034.69,2616.1,38.0
2019-01-17,18.06,1200.76,24370.1,7084.46,2635.96,44.0
2019-01-18,17.8,1228.33,24706.35,7157.23,2670.71,51.0
2019-01-22,20.8,1193.36,24404.48,7020.36,2632.9,51.0
2019-01-23,19.52,1185.95,24575.62,7025.77,2638.7,55.0
2019-01-24,18.89,1253.91,24553.24,7073.46,2642.33,58.0
2019-01-25,17.42,1281.16,24737.2,7164.86,2664.76,58.0
2019-01-28,18.87,1254.4,24528.22,7085.68,2643.85,55.0
2019-01-29,19.13,1236.25,24579.96,7028.29,2640.0,55.0
2019-01-30,17.66,1271.76,25014.86,7183.08,2681.05,58.0
2019-01-31,16.57,1272.09,24999.67,7281.74,2704.1,60.0
2019-02-01,16.14,1287.4,25063.89,7263.87,2706.53,61.0
2019-02-04,15.73,1293.88,25239.37,7347.54,2724.87,64.0
2019-02-05,15.57,1300.13,25411.52,7402.08,2737.7,64.0
2019-02-06,15.38,1333.76,25390.3,7375.28,2731.61,65.0
2019-02-07,16.37,1303.92,25169.53,7288.35,2706.05,62.0
2019-02-08,15.72,1302.42,25106.33,7298.2,2707.88,61.0
2019-02-11,15.97,1308.88,25053.11,7307.9,2709.8,62.0
2019-02-12,15.43,1336.72,25425.76,7414.62,2744.73,67.0
2019-02-13,15.65,1340.71,25543.27,7420.38,2753.03,67.0
2019-02-14,16.22,1344.11,25439.39,7426.95,2745.73,65.0
2019-02-15,14.91,1351.18,25883.25,7472.41,2775.6,70.0
2019-02-19,14.88,1348.49,25891.32,7486.77,2779.76,68.0
2019-02-20,14.02,1360.28,25954.44,7489.07,2784.7,70.0
2019-02-21,14.46,1350.25,25850.63,7459.71,2774.88,68.0
2019-02-22,13.51,1364.78,26031.81,7527.54,2792.67,69.0
2019-02-25,14.85,1375.95,26091.95,7554.46,2796.11,70.0
2019-02-26,15.17,1366.58,26057.98,7549.3,2793.9,70.0
2019-02-27,14.7,1349.87,25985.16,7554.51,2792.38,72.0
2019-02-28,14.78,1350.2,25916.0,7532.53,2784.49,72.0
2019-03-01,13.57,1363.13,26026.32,7595.35,2803.69,72.0
2019-03-04,14.63,1363.25,25819.65,7577.57,2792.81,66.0
2019-03-05,14.74,1356.9,25806.63,7576.36,2789.65,66.0
2019-03-06,15.74,1333.82,25673.46,7505.92,2771.45,63.0
2019-03-07,16.59,1319.09,25473.23,7421.46,2748.93,59.0
2019-03-08,16.05,1318.21,25450.24,7408.14,2743.07,55.0
2019-03-11,14.33,1349.88,25650.88,7558.06,2783.3,59.0
2019-03-12,13.77,1355.12,25554.66,7591.03,2791.52,58.0
2019-03-13,13.41,1360.77,25702.89,7643.41,2810.92,60.0
2019-03-14,13.5,1353.06,25709.94,7630.91,2808.48,60.0
2019-03-15,12.88,1392.36,25848.87,7688.53,2822.48,65.0
2019-03-18,13.1,1388.77,25914.1,7714.48,2832.94,65.0
2019-03-19,13.56,1407.35,25887.38,7723.95,2832.57,67.0
2019-03-20,13.91,1393.01,25745.67,7728.97,2824.23,62.0
2019-03-21,13.63,1441.83,25962.51,7838.96,2854.88,68.0
2019-03-22,16.48,1400.37,25502.32,7642.67,2800.71,59.0
2019-03-25,16.33,1382.75,25516.83,7637.54,2798.36,56.0
2019-03-26,14.68,1396.75,25657.73,7691.52,2818.46,54.0
2019-03-27,15.15,1376.48,25625.59,7643.38,2805.37,51.0
2019-03-28,14.43,1373.8,25717.46,7669.17,2815.44,48.0
2019-03-29,13.71,1395.51,25928.68,7729.32,2834.4,49.0
2019-04-01,13.4,1430.24,26258.42,7828.91,2867.19,54.0
2019-04-02,13.36,1431.63,26179.13,7848.69,2867.24,56.0
2019-04-03,13.74,1464.19,26218.13,7895.55,2873.4,62.0
2019-04-04,13.58,1465.89,26384.63,7891.78,2879.39,70.0
2019-04-05,12.82,1477.65,26424.99,7938.69,2892.74,74.0
2019-04-08,13.18,1481.38,26341.02,7953.88,2895.77,74.0
2019-04-09,14.28,1464.52,26150.58,7909.28,2878.2,70.0
2019-04-10,13.3,1477.16,26157.16,7964.24,2888.21,69.0
2019-04-11,13.02,1476.07,26143.05,7947.36,2888.32,68.0
2019-04-12,12.01,1497.12,26412.3,7984.16,2907.41,74.0
2019-04-15,12.32,1485.82,26384.77,7976.01,2905.58,68.0
2019-04-16,12.18,1533.22,26452.66,8000.23,2907.06,70.0
2019-04-17,12.6,1557.08,26449.54,7996.08,2900.45,71.0
2019-04-18,12.09,1558.13,26559.54,7998.06,2905.03,70.0
2019-04-22,12.42,1558.29,26511.05,8015.27,2907.97,71.0
2019-04-23,12.28,1574.05,26656.39,8120.82,2933.68,75.0
2019-04-24,13.14,1589.02,26597.05,8102.01,2927.25,70.0
2019-04-25,13.25,1560.32,26462.08,8106.29,2926.17,71.0
2019-04-26,12.73,1547.4,26543.33,8133.96,2939.88,72.0
2019-04-29,13.11,1544.44,26554.39,8149.39,2943.03,71.0
2019-04-30,13.12,1556.18,26592.91,8095.39,2945.83,66.0
2019-05-01,14.8,1543.48,26430.14,8049.64,2923.73,62.0
2019-05-02,14.42,1560.61,26307.79,8036.77,2917.52,59.0
2019-05-03,12.87,1570.7,26504.95,8164.0,2945.64,60.0
2019-05-06,15.44,1543.73,26438.48,8123.29,2932.47,55.0
2019-05-07,19.32,1506.32,25965.09,7963.76,2884.05,40.0
2019-05-08,19.4,1494.48,25967.33,7943.32,2879.42,42.0
2019-05-09,19.1,1476.8,25828.36,7910.59,2870.72,40.0
2019-05-10,16.04,1478.87,25942.37,7916.94,2881.4,44.0
2019-05-13,20.55,1408.95,25324.99,7647.02,2811.87,32.0
2019-05-14,18.06,1442.83,25532.05,7734.49,2834.41,35.0
2019-05-15,16.44,1454.5,25648.02,7822.15,2850.96,35.0
2019-05-16,15.29,1430.11,25862.68,7898.05,2876.32,39.0
2019-05-17,15.96,1402.01,25764.0,7816.28,2859.53,36.0
2019-05-20,16.31,1345.58,25679.9,7702.38,2840.23,34.0
2019-05-21,14.95,1374.21,25877.33,7785.72,2864.36,34.0
2019-05-22,14.75,1345.04,25776.61,7750.84,2856.27,32.0
2019-05-23,16.92,1322.84,25490.47,7628.28,2822.24,28.0
2019-05-24,15.85,1311.97,25585.69,7637.01,2826.06,27.0
2019-05-28,17.5,1300.3,25347.77,7607.35,2802.39,25.0
2019-05-29,17.9,1305.57,25126.41,7547.31,2783.02,23.0
2019-05-30,17.3,1315.29,25169.88,7567.72,2788.86,24.0
2019-05-31,18.71,1296.18,24815.04,7453.15,2752.06,24.0
2019-06-03,18.86,1300.52,24819.78,7333.02,2744.45,23.0
2019-06-04,16.97,1355.26,25332.18,7527.12,2803.27,26.0
2019-06-05,16.09,1345.1,25539.57,7575.48,2826.15,29.0
2019-06-06,15.93,1363.13,25720.66,7615.55,2843.49,29.0
2019-06-07,16.3,1378.81,25983.94,7742.1,2873.34,32.0
2019-06-10,15.94,1413.89,26062.68,7823.17,2886.73,37.0
2019-06-11,15.99,1418.02,26048.51,7822.57,2885.72,36.0
2019-06-12,15.91,1384.95,26004.83,7792.72,2879.84,34.0
2019-06-13,15.82,1392.94,26106.77,7837.13,2891.64,39.0
2019-06-14,15.28,1356.55,26089.61,7796.66,2886.98,38.0
2019-06-17,15.35,1347.86,26112.53,7845.02,2889.67,37.0
2019-06-18,15.15,1406.16,26465.54,7953.88,2917.75,44.0
2019-06-19,14.33,1407.3,26504.0,7987.32,2926.46,42.0
2019-06-20,14.75,1421.03,26753.17,8051.34,2954.18,45.0
2019-06-21,15.4,1410.5,26719.13,8031.71,2950.46,50.0
2019-06-24,15.26,1412.08,26727.54,8005.7,2945.35,50.0
2019-06-25,16.28,1391.12,26548.22,7884.72,2917.38,44.0
2019-06-26,16.21,1435.83,26536.82,7909.97,2913.78,48.0
2019-06-27,15.82,1456.9,26526.58,7967.76,2924.92,47.0
2019-06-28,15.08,1458.96,26599.96,8006.24,2941.76,50.0
2019-07-01,14.06,1497.55,26717.43,8091.16,2964.33,55.0
2019-07-02,12.93,1476.83,26786.68,8109.09,2973.01,56.0
2019-07-03,12.57,1470.49,26966.0,8170.23,2995.82,63.0
2019-07-05,13.28,1461.7,26922.12,8161.79,2990.41,61.0
2019-07-08,13.96,1450.41,26806.14,8098.38,2975.95,59.0
2019-07-09,14.09,1461.21,26783.49,8141.73,2979.63,56.0
2019-07-10,13.03,1471.51,26860.2,8202.53,2993.07,58.0
2019-07-11,12.93,1476.28,27088.08,8196.04,2999.91,62.0
2019-07-12,12.39,1504.28,27332.03,8244.14,3013.77,64.0
2019-07-15,12.68,1515.92,27359.16,8258.19,3014.3,57.0
2019-07-16,12.86,1499.64,27335.63,8222.8,3004.04,55.0
2019-07-17,13.97,1503.87,27219.85,8185.21,2984.42,47.0
2019-07-18,13.53,1526.97,27222.97,8207.24,2995.11,47.0
2019-07-19,14.45,1523.91,27154.2,8146.49,2976.61,44.0
2019-07-22,13.53,1554.09,27171.9,8204.14,2985.03,44.0
2019-07-23,12.61,1573.27,27349.19,8251.4,3005.47,50.0
2019-07-24,12.07,1622.02,27269.97,8321.5,3019.56,57.0
2019-07-25,12.74,1594.12,27140.98,8238.54,3003.67,55.0
2019-07-26,12.16,1593.86,27192.45,8330.21,3025.86,60.0
2019-07-29,12.83,1598.02,27221.35,8293.33,3020.97,58.0
2019-07-30,13.94,1593.82,27198.02,8273.61,3013.18,53.0
2019-07-31,16.12,1542.44,26864.27,8175.42,2980.38,48.0
2019-08-01,17.87,1511.98,26583.42,8111.12,2953.56,43.0
2019-08-02,17.61,1488.43,26485.01,8004.07,2932.05,36.0
2019-08-05,24.59,1423.52,25717.74,7726.04,2844.74,22.0
2019-08-06,20.17,1441.77,26029.52,7833.27,2881.77,27.0
2019-08-07,19.49,1452.12,26007.07,7862.83,2883.98,25.0
2019-08-08,16.91,1491.26,26378.19,8039.16,2938.09,25.0
2019-08-09,17.97,1464.34,26287.44,7959.14,2918.65,25.0
2019-08-12,21.09,1446.98,25907.37,7863.41,2883.75,23.0
2019-08-13,17.52,1489.66,26279.91,8016.36,2926.32,27.0
2019-08-14,22.1,1442.54,25479.42,7773.94,2840.6,21.0
2019-08-15,21.18,1439.29,25579.39,7766.62,2847.6,19.0
2019-08-16,18.47,1479.25,25886.01,7895.99,2888.68,20.0
2019-08-19,16.88,1506.99,26135.79,8002.81,2923.65,26.0
2019-08-20,17.5,1498.9,25962.44,7948.56,2900.51,23.0
2019-08-21,15.8,1512.72,26202.73,8020.21,2924.43,25.0
2019-08-22,16.68,1512.25,26252.24,7991.39,2922.95,25.0
2019-08-23,19.87,1446.38,25628.9,7751.77,2847.11,18.0
2019-08-26,19.32,1458.88,25898.83,7853.74,2878.38,19.0
2019-08-27,20.31,1454.12,25777.9,7826.95,2869.16,16.0
2019-08-28,19.35,1462.85,26036.1,7856.88,2887.94,18.0
2019-08-29,17.88,1495.82,26362.25,7973.39,2924.58,26.0
2019-08-30,18.98,1504.92,26403.28,7962.88,2926.46,23.0
2019-09-03,19.66,1478.32,26118.02,7874.16,2906.27,25.0
2019-09-04,17.33,1519.55,26355.47,7976.88,2937.78,28.0
2019-09-05,16.27,1566.21,26728.15,8116.83,2976.0,39.0
2019-09-06,15.0,1568.34,26797.46,8103.07,2978.71,35.0
2019-09-09,15.27,1576.39,26835.51,8087.44,2978.43,45.0
2019-09-10,15.2,1583.15,26909.43,8084.16,2979.39,55.0
2019-09-11,14.61,1606.19,27137.04,8169.68,3000.93,57.0
2019-09-12,14.22,1610.79,27182.45,8194.47,3009.57,65.0
2019-09-13,13.74,1605.65,27219.52,8176.71,3007.39,68.0
2019-09-16,14.67,1594.49,27076.82,8153.54,2997.96,67.0
2019-09-17,14.44,1599.74,27110.8,8186.02,3005.7,66.0
2019-09-18,13.95,1600.95,27147.08,8177.39,3006.73,66.0
2019-09-19,14.05,1592.07,27094.79,8182.88,3006.79,63.0
2019-09-20,15.32,1563.0,26935.07,8117.67,2992.07,58.0
2019-09-23,14.91,1578.09,26949.99,8112.46,2991.78,59.0
2019-09-24,17.05,1551.99,26807.77,7993.63,2966.6,54.0
2019-09-25,15.96,1579.56,26970.71,8077.38,2984.87,59.0
2019-09-26,16.07,1580.1,26891.12,8030.66,2977.62,57.0
2019-09-27,17.22,1542.87,26820.25,7939.63,2961.79,52.0
2019-09-30,16.24,1558.75,26916.83,7999.33,2976.74,54.0
2019-10-01,18.56,1544.2,26573.04,7908.67,2940.25,48.0
2019-10-02,20.56,1519.77,26078.62,7785.23,2887.61,34.0
2019-10-03,19.12,1545.76,26201.04,7872.25,2910.63,29.0
2019-10-04,17.04,1574.39,26573.72,7982.46,2952.01,32.0
2019-10-07,17.86,1563.17,26478.02,7956.28,2938.79,30.0
2019-10-08,20.28,1514.45,26164.04,7823.76,2893.06,29.0
2019-10-09,18.64,1540.85,26346.01,7903.73,2919.4,30.0
2019-10-10,17.57,1555.79,26496.67,7950.77,2938.13,36.0
2019-10-11,15.58,1591.13,26816.59,8057.04,2970.27,42.0
2019-10-14,14.57,1590.4,26787.36,8048.65,2966.15,42.0
2019-10-15,13.54,1625.69,27024.8,8148.71,2995.68,42.0
2019-10-16,13.68,1601.79,27001.98,8124.18,2989.69,47.0
2019-10-17,13.79,1607.16,27025.88,8156.85,2997.95,50.0
2019-10-18,14.25,1590.09,26770.2,8089.54,2986.2,50.0
2019-10-21,14.0,1620.04,26827.64,8162.99,3006.72,56.0
2019-10-22,14.46,1607.6,26788.1,8104.3,2995.99,59.0
2019-10-23,14.01,1576.58,26833.95,8119.79,3004.52,55.0
2019-10-24,13.71,1615.51,26805.53,8185.8,3010.29,57.0
2019-10-25,12.65,1648.67,26958.06,8243.12,3022.55,62.0
2019-10-28,13.11,1677.57,27090.72,8325.99,3039.42,67.0
2019-10-29,13.2,1662.46,27071.42,8276.85,3036.89,71.0
2019-10-30,12.33,1661.46,27186.69,8303.98,3046.77,75.0
2019-10-31,13.22,1651.22,27046.23,8292.36,3037.56,72.0
2019-11-01,12.3,1689.93,27347.36,8386.4,3066.91,80.0
2019-11-04,12.83,1726.92,27462.11,8433.2,3078.27,86.0
2019-11-05,13.1,1730.15,27492.63,8434.68,3074.62,89.0
2019-11-06,12.62,1715.67,27492.56,8410.63,3076.78,88.0
2019-11-07,12.73,1727.68,27674.8,8434.52,3085.18,91.0
2019-11-08,12.07,1736.78,27681.24,8475.31,3093.08,91.0
2019-11-11,12.69,1727.59,27691.49,8464.28,3087.01,89.0
2019-11-12,12.68,1732.42,27691.49,8486.09,3091.84,88.0
2019-11-13,13.0,1732.86,27783.59,8482.1,3094.04,87.0
2019-11-14,13.05,1727.59,27781.96,8479.02,3096.63,83.0
2019-11-15,12.05,1742.93,28004.89,8540.83,3120.46,87.0
2019-11-18,12.46,1738.78,28036.22,8549.94,3122.03,83.0
2019-11-19,12.86,1730.5,27934.02,8570.66,3120.18,80.0
2019-11-20,12.78,1710.14,27821.09,8526.73,3108.46,74.0
2019-11-21,13.13,1690.83,27766.29,8506.21,3103.54,70.0
2019-11-22,12.34,1690.79,27875.62,8519.88,3110.29,69.0
2019-11-25,11.87,1731.95,28066.47,8632.49,3133.64,70.0
2019-11-26,11.54,1723.26,28121.68,8647.93,3140.52,69.0
2019-11-27,11.75,1735.91,28164.0,8705.18,3153.63,78.0
2019-11-29,12.62,1716.84,28051.41,8665.47,3140.98,78.0
2019-12-02,14.91,1691.75,27783.04,8567.99,3113.87,74.0
2019-12-03,15.96,1665.71,27502.81,8520.64,3093.2,63.0
2019-12-04,14.8,1691.45,27649.78,8566.67,3112.76,67.0
2019-12-05,14.52,1697.66,27677.79,8570.7,3117.43,67.0
2019-12-06,13.62,1724.21,28015.06,8656.53,3145.91,70.0
2019-12-09,15.86,1714.98,27909.6,8621.83,3135.96,68.0
2019-12-10,15.68,1720.9,27881.72,8616.18,3132.52,65.0
2019-12-11,14.99,1759.2,27911.3,8654.05,3141.63,61.0
2019-12-12,13.94,1806.87,28132.05,8717.32,3168.57,74.0
2019-12-13,12.63,1796.04,28135.38,8734.88,3168.8,75.0
2019-12-16,12.14,1813.31,28235.89,8814.23,3191.45,82.0
2019-12-17,12.29,1821.92,28267.16,8823.36,3192.52,85.0
2019-12-18,12.58,1820.29,28239.28,8827.73,3191.14,87.0
2019-12-19,12.5,1834.97,28376.96,8887.22,3205.37,90.0
2019-12-20,12.51,1853.87,28455.09,8924.96,3221.22,91.0
2019-12-23,12.61,1857.12,28551.53,8945.65,3224.01,92.0
2019-12-24,12.67,1862.2,28515.45,8952.88,3223.38,91.0
2019-12-26,12.65,1864.49,28621.39,9022.39,3239.91,93.0
2019-12-27,13.43,1858.59,28645.26,9006.62,3240.02,91.0
2019-12-30,14.82,1844.39,28462.14,8945.99,3221.29,90.0
2019-12-31,13.78,1849.62,28538.44,8972.6,3230.78,93.0
2020-01-02,12.47,1887.91,28868.8,9092.19,3257.85,97.0
2020-01-03,14.02,1853.98,28634.88,9020.77,3234.85,93.0
2020-01-06,13.85,1834.68,28703.38,9071.46,3246.28,93.0
2020-01-07,13.79,1867.28,28583.68,9068.58,3237.18,89.0
2020-01-08,13.45,1867.59,28745.09,9129.24,3253.05,92.0
2020-01-09,12.54,1878.73,28956.9,9203.43,3274.7,93.0
2020-01-10,12.56,1866.35,28823.77,9178.86,3265.35,91.0
2020-01-13,12.32,1890.79,28907.05,9273.93,3288.13,90.0
2020-01-14,12.39,1894.64,28939.67,9251.33,3283.15,90.0
2020-01-15,12.42,1872.16,29030.22,9258.7,3289.29,86.0
2020-01-16,12.32,1903.93,29297.64,9357.13,3316.81,89.0
2020-01-17,12.1,1916.62,29348.1,9388.94,3329.62,89.0
2020-01-21,12.85,1915.0,29196.04,9370.81,3320.79,81.0
2020-01-22,12.91,1930.23,29186.27,9383.77,3321.75,74.0
2020-01-23,12.98,1945.37,29160.09,9402.48,3325.54,68.0
2020-01-24,14.56,1924.03,28989.73,9314.91,3295.47,62.0
2020-01-27,18.23,1848.86,28535.8,9139.31,3243.63,47.0
2020-01-28,16.28,1893.27,28722.85,9269.68,3276.24,53.0
2020-01-29,16.39,1858.7,28734.45,9275.16,3273.4,52.0
2020-01-30,15.49,1855.8,28859.44,9298.93,3283.66,56.0
2020-01-31,18.84,1789.93,28256.03,9150.94,3225.52,44.0
2020-02-03,17.97,1812.18,28399.81,9273.4,3248.92,46.0
2020-02-04,16.05,1868.65,28807.63,9467.97,3297.59,55.0
2020-02-05,15.15,1909.52,29290.85,9508.68,3334.69,60.0
2020-02-06,14.96,1909.64,29379.77,9572.15,3345.78,63.0
2020-02-07,15.47,1864.36,29102.51,9520.51,3327.71,57.0
2020-02-10,15.04,1892.8,29276.82,9628.39,3352.09,57.0
2020-02-11,15.18,1931.08,29276.34,9638.94,3357.75,56.0
2020-02-12,13.74,1958.82,29551.42,9725.96,3379.45,60.0
2020-02-13,14.15,1960.34,29423.31,9711.97,3373.94,58.0
2020-02-14,13.68,1956.56,29398.08,9731.18,3380.16,55.0
2020-02-18,14.83,1929.12,29232.19,9732.74,3370.29,51.0
2020-02-19,14.38,1979.5,29348.03,9817.18,3386.15,53.0
2020-02-20,15.56,1949.25,29219.98,9750.96,3373.23,49.0
2020-02-21,17.08,1891.05,28992.41,9576.59,3337.75,44.0
2020-02-24,25.03,1801.23,27960.8,9221.28,3225.89,29.0
2020-02-25,27.85,1746.11,27081.36,8965.61,3128.21,22.0
2020-02-26,27.56,1749.95,26957.59,8980.77,3116.39,21.0
2020-02-27,39.16,1668.65,25766.64,8566.48,2978.76,13.0
2020-02-28,40.11,1705.54,25409.36,8567.37,2954.22,10.0
2020-03-02,33.42,1765.38,26703.32,8952.16,3090.23,12.0
2020-03-03,36.82,1705.26,25917.41,8684.09,3003.37,10.0
2020-03-04,31.99,1789.57,27090.86,9018.09,3130.12,15.0
2020-03-05,39.62,1734.03,26121.28,8738.6,3023.94,9.0
2020-03-06,41.94,1699.89,25864.78,8575.62,2972.37,6.0
2020-03-09,54.46,1558.16,23851.02,7950.68,2746.56,3.0
2020-03-10,47.3,1656.5,25018.16,8344.25,2882.23,6.0
2020-03-11,53.9,1562.54,23553.22,7952.05,2741.38,4.0
2020-03-12,75.47,1392.11,21200.62,7201.8,2480.64,2.0
2020-03-13,57.83,1544.26,23185.62,7874.88,2711.02,5.0
2020-03-16,82.69,1298.78,20188.52,6904.59,2386.13,3.0
2020-03-17,75.91,1426.52,21237.38,7334.78,2529.19,5.0
2020-03-18,76.45,1286.84,19898.92,6989.84,2398.1,5.0
2020-03-19,72.0,1341.22,20087.19,7150.58,2409.39,7.0
2020-03-20,66.04,1298.54,19173.98,6879.52,2304.92,8.0
2020-03-23,61.59,1342.12,18591.93,6860.67,2237.4,5.0
2020-03-24,61.67,1491.83,20704.91,7417.86,2447.33,13.0
2020-03-25,63.95,1472.57,21200.55,7384.3,2475.56,17.0
2020-03-26,61.0,1572.61,22552.17,7797.54,2630.07,22.0
2020-03-27,65.54,1488.75,21636.78,7502.38,2541.47,23.0
2020-03-30,57.08,1545.31,22327.48,7774.15,2626.65,25.0
2020-03-31,53.54,1510.59,21917.16,7700.1,2584.59,25.0
2020-04-01,57.06,1427.73,20943.51,7360.58,2470.5,22.0
2020-04-02,50.91,1474.61,21413.44,7487.31,2526.9,22.0
2020-04-03,46.8,1443.04,21052.53,7373.08,2488.65,22.0
2020-04-06,45.24,1592.88,22679.99,7913.24,2663.68,32.0
2020-04-07,46.7,1585.38,22653.86,7887.26,2659.41,26.0
2020-04-08,43.35,1639.89,23433.57,8090.9,2749.98,33.0
2020-04-09,41.67,1601.73,23719.37,8153.58,2789.82,43.0
2020-04-13,41.17,1623.68,23390.77,8192.42,2761.63,36.0
2020-04-14,37.76,1695.76,23949.76,8515.74,2846.06,45.0
2020-04-15,40.84,1647.91,23504.35,8393.18,2783.36,41.0
2020-04-16,40.11,1690.87,23537.68,8532.36,2799.55,42.0
2020-04-17,38.15,1705.64,24242.49,8650.14,2874.56,44.0
2020-04-20,43.83,1667.57,23650.44,8560.73,2823.16,41.0
2020-04-21,45.41,1588.7,23018.88,8263.23,2736.56,40.0
2020-04-22,41.98,1682.12,23475.82,8495.38,2799.31,41.0
2020-04-23,41.38,1664.67,23515.26,8494.75,2797.8,40.0
2020-04-24,35.93,1702.56,23775.27,8634.52,2836.74,39.0
2020-04-27,33.29,1725.04,24133.78,8730.16,2878.48,43.0
2020-04-28,33.57,1713.21,24101.55,8607.73,2863.39,41.0
2020-04-29,31.23,1797.76,24633.86,8914.71,2939.51,46.0
2020-04-30,34.15,1731.24,24345.72,8889.55,2912.43,47.0
2020-05-01,37.19,1644.4,23723.69,8604.95,2830.71,42.0
2020-05-04,35.97,1661.3,23749.76,8710.71,2842.74,44.0
2020-05-05,33.61,1689.5,23883.09,8809.12,2868.44,44.0
2020-05-06,34.12,1707.75,23664.64,8854.39,2848.42,40.0
2020-05-07,31.44,1724.93,23875.89,8979.66,2881.19,41.0
2020-05-08,27.98,1775.61,24331.32,9121.32,2929.8,45.0
2020-05-11,27.57,1774.31,24221.99,9192.34,2930.32,44.0
2020-05-12,33.04,1725.24,23764.78,9002.55,2870.12,38.0
2020-05-13,35.28,1691.57,23247.97,8863.17,2820.0,38.0
2020-05-14,32.61,1739.05,23625.34,8943.72,2852.5,39.0
2020-05-15,31.89,1700.89,23685.42,9014.56,2863.7,39.0
2020-05-18,29.3,1782.54,24597.37,9234.83,2953.91,49.0
2020-05-19,30.53,1775.61,24206.86,9185.1,2922.94,47.0
2020-05-20,27.99,1840.79,24575.9,9375.78,2971.61,53.0
2020-05-21,29.53,1790.96,24474.12,9284.88,2948.51,52.0
2020-05-22,28.16,1802.31,24465.16,9324.59,2955.45,50.0
2020-05-26,28.01,1820.51,24995.11,9340.22,2991.77,51.0
2020-05-27,27.62,1847.31,25548.27,9412.36,3036.13,54.0
2020-05-28,28.59,1804.66,25400.64,9368.99,3029.73,50.0
2020-05-29,27.51,1852.49,25383.11,9489.87,3044.31,52.0
2020-06-01,28.23,1843.24,25475.02,9552.05,3055.73,58.0
2020-06-02,26.84,1883.41,25742.65,9608.37,3080.82,58.0
2020-06-03,25.66,1937.47,26269.89,9682.91,3122.87,61.0
2020-06-04,25.81,1953.47,26281.82,9615.81,3112.35,62.0
2020-06-05,24.52,2003.76,27110.98,9814.08,3193.93,66.0
2020-07-09,29.26,2076.72,25706.09,10547.75,3152.05,53.0
2020-07-10,27.29,2069.79,26075.3,10617.44,3185.04,59.0
2020-07-13,32.19,2034.14,26085.8,10390.84,3155.22,53.0
2020-07-14,29.52,2069.79,26642.59,10488.58,3197.52,62.0
2020-07-15,27.76,2064.17,26870.1,10550.49,3226.56,63.0
2020-07-16,28.0,2055.92,26734.71,10473.83,3215.57,62.0
2020-07-17,25.68,2068.99,26671.95,10503.19,3224.73,63.0
2020-07-20,24.46,2110.47,26680.87,10767.09,3251.84,66.0
2020-07-21,24.84,2096.59,26840.4,10680.36,3257.3,65.0
2020-07-22,24.32,2105.43,27005.84,10706.13,3276.02,65.0
2020-07-23,26.08,2070.97,26652.33,10461.42,3235.66,68.0
2020-07-24,25.84,2038.71,26469.89,10363.18,3215.63,63.0
2020-07-27,24.74,2104.62,26584.77,10536.27,3239.41,66.0
2020-07-28,25.44,2060.4,26379.28,10402.09,3218.44,62.0
2020-07-29,24.1,2106.3,26539.57,10542.94,3258.44,65.0
2020-07-30,24.76,2147.55,26313.65,10587.81,3246.22,61.0
2020-07-31,24.46,2136.41,26428.32,10745.27,3271.12,65.0
2020-08-03,24.28,2177.27,26664.4,10902.8,3294.61,67.0
2020-08-04,23.76,2209.81,26828.47,10941.17,3306.51,68.0
2020-08-05,22.99,2207.56,27201.52,10998.4,3327.77,70.0
2020-08-06,22.65,2204.94,27386.98,11108.07,3349.16,74.0
2020-08-07,22.21,2178.86,27433.48,11010.98,3351.28,72.0
2020-08-10,22.13,2179.6,27791.44,10968.36,3360.47,75.0
2020-08-11,24.03,2154.79,27686.91,10782.82,3333.69,71.0
2020-08-12,22.28,2227.22,27976.84,11012.24,3380.35,74.0
2020-08-13,22.13,2202.41,27896.72,11042.5,3373.43,72.0
2020-08-14,22.05,2200.81,27931.02,11019.3,3372.85,72.0
2020-08-17,21.35,2227.61,27844.91,11129.73,3381.99,71.0
2020-08-18,21.51,2214.66,27778.07,11210.84,3389.78,70.0
2020-08-19,22.54,2200.77,27692.88,11146.46,3374.85,68.0
2020-08-20,22.72,2181.04,27739.73,11264.95,3385.51,70.0
2020-08-21,22.54,2198.33,27930.33,11311.8,3397.16,70.0
2020-08-24,22.37,2219.37,28308.46,11379.72,3431.28,73.0
2020-08-25,22.03,2243.06,28248.44,11466.47,3443.62,74.0
2020-08-26,23.27,2250.23,28331.92,11665.06,3478.73,75.0
2020-08-27,24.47,2220.15,28492.27,11625.34,3484.55,76.0
2020-08-28,22.96,2264.14,28653.87,11695.63,3508.01,78.0
2020-08-31,26.41,2260.43,28430.05,11775.46,3500.31,74.0
2020-09-01,26.12,2304.68,28645.66,11939.67,3526.65,77.0
2020-09-02,26.57,2370.18,29100.5,12056.44,3580.84,78.0
2020-09-03,33.6,2234.23,28292.73,11458.1,3455.06,58.0
2020-09-04,30.75,2212.73,28133.31,11313.13,3426.96,59.0
2020-09-08,31.46,2108.61,27500.89,10847.69,3331.84,54.0
2020-09-09,28.81,2169.61,27940.47,11141.56,3398.96,66.0
2020-09-10,29.71,2137.78,27534.58,10919.59,3339.19,59.0
2020-09-11,26.87,2136.37,27665.64,10853.55,3340.97,58.0
2020-09-14,25.85,2181.75,27993.33,11056.65,3383.54,59.0
2020-09-15,25.59,2219.19,27995.6,11190.32,3401.2,59.0
2020-09-16,26.04,2195.54,28032.38,11050.47,3385.49,56.0
2020-09-17,26.46,2194.15,27901.98,10910.28,3357.01,53.0
2020-09-18,25.83,2160.97,27657.42,10793.28,3319.47,52.0
2020-09-21,27.78,2154.28,27147.7,10778.94,3281.06,51.0
2020-09-22,26.86,2180.26,27288.18,10963.77,3315.57,52.0
2020-09-23,28.58,2126.69,26763.13,10633.15,3236.92,46.0
2020-09-24,28.51,2147.42,26815.44,10672.43,3246.59,48.0
2020-09-25,26.38,2177.84,27173.96,10913.73,3298.46,49.0
2020-09-28,26.19,2237.64,27584.06,11117.7,3351.6,50.0
2020-09-29,26.27,2242.52,27452.66,11085.42,3335.47,44.0
2020-09-30,26.37,2244.12,27781.7,11167.68,3363.0,45.0
2020-10-01,26.7,2291.77,27816.9,11326.61,3380.8,41.0
2020-10-02,27.63,2221.12,27682.81,11075.11,3348.44,40.0
2020-10-05,27.96,2295.56,28148.64,11332.58,3408.63,45.0
2020-10-06,29.48,2281.09,27772.76,11154.7,3360.95,44.0
2020-10-07,28.06,2328.84,28303.46,11364.7,3419.45,51.0
2020-10-08,26.36,2356.16,28425.51,11421.08,3446.83,53.0
2020-10-09,25.0,2398.04,28586.9,11580.05,3477.13,55.0
2020-10-12,25.07,2433.48,28837.52,11876.36,3534.22,60.0
2020-10-13,26.07,2430.13,28679.81,11864.0,3511.93,56.0
2020-10-14,26.4,2417.2,28514.0,11768.83,3488.67,55.0
2020-10-15,26.97,2411.13,28494.2,11713.97,3483.34,59.0
2020-10-16,27.41,2399.76,28606.31,11671.66,3483.81,62.0
2020-10-19,29.18,2385.85,28195.42,11478.98,3426.92,59.0
2020-10-20,29.35,2385.82,28308.79,11516.49,3443.12,58.0
2020-10-21,28.65,2367.26,28210.82,11484.69,3435.56,63.0
2020-10-22,28.11,2370.45,28363.66,11506.01,3453.49,69.0
2020-10-23,27.55,2360.23,28335.57,11548.28,3465.39,67.0
2020-10-26,32.46,2308.45,27685.38,11358.94,3400.97,44.0
2020-10-27,33.35,2300.91,27463.19,11431.35,3390.68,47.0
2020-10-28,40.28,2222.98,26519.95,11004.87,3271.03,33.0
2020-10-29,37.59,2283.65,26659.11,11185.59,3310.11,33.0
2020-10-30,38.02,2246.15,26501.6,10911.59,3269.96,29.0
2020-11-02,37.13,2260.07,26925.05,10957.61,3310.24,25.0
2020-11-03,35.55,2302.73,27480.03,11160.57,3369.16,32.0
2020-11-04,29.57,2384.22,27847.66,11590.78,3443.44,36.0
2020-11-05,27.58,2489.16,28390.18,11890.93,3510.45,41.0
2020-11-06,24.86,2529.27,28323.4,11895.23,3509.44,40.0
2020-11-09,25.75,2497.59,29157.97,11713.78,3550.5,54.0
2020-11-10,24.8,2422.33,29420.92,11553.86,3545.53,58.0
2020-11-11,23.45,2511.24,29397.63,11786.43,3572.66,66.0
2020-11-12,25.35,2478.43,29080.17,11709.59,3537.01,55.0
2020-11-13,23.1,2508.82,29479.81,11829.29,3585.15,59.0
2020-11-16,22.45,2570.98,29950.44,11924.13,3626.91,71.0
2020-11-17,22.71,2548.96,29783.35,11899.34,3609.53,67.0
2020-11-18,23.84,2530.59,29438.42,11801.6,3567.79,63.0
2020-11-19,23.11,2570.22,29483.23,11904.71,3581.87,64.0
2020-11-20,23.7,2555.5,29263.48,11854.97,3557.54,62.0
2020-11-23,22.66,2595.25,29591.27,11881.17,3577.59,75.0
2020-11-24,21.64,2609.01,30046.24,12037.33,3635.41,88.0
2020-11-25,21.25,2600.24,29872.47,12094.4,3629.65,91.0
2020-11-27,20.84,2631.56,29910.37,12205.85,3638.35,92.0
2020-11-30,20.57,2663.49,29638.64,12198.74,3621.63,88.0
2020-12-01,20.77,2709.73,29823.92,12355.11,3662.45,85.0
2020-12-02,21.17,2716.35,29883.79,12349.37,3669.01,87.0
2020-12-03,21.28,2716.15,29969.52,12377.18,3666.72,85.0
2020-12-04,20.79,2793.03,30218.26,12464.23,3699.12,89.0
2020-12-07,21.3,2806.61,30069.79,12519.95,3691.96,88.0
2020-12-08,20.68,2816.27,30173.88,12582.77,3702.25,82.0
2020-12-09,22.27,2734.77,30068.81,12338.95,3672.82,80.0
2020-12-10,22.52,2733.67,29999.26,12405.81,3668.1,77.0
2020-12-11,23.31,2704.08,30046.37,12377.87,3663.46,76.0
2020-12-14,24.72,2736.25,29861.55,12440.04,3647.49,69.0
2020-12-15,22.89,2774.79,30199.31,12595.06,3694.62,69.0
2020-12-16,22.5,2773.42,30154.54,12658.19,3701.17,69.0
2020-12-17,21.93,2778.14,30303.37,12764.75,3722.48,71.0
2020-12-18,21.57,2764.74,30179.05,12755.64,3709.41,63.0
2020-12-21,25.16,2747.29,30216.45,12742.52,3694.92,63.0
2020-12-22,24.23,2743.97,30015.51,12807.92,3687.26,59.0
2020-12-23,23.31,2723.53,30129.83,12771.11,3690.01,57.0
2020-12-24,21.53,2750.24,30199.87,12804.73,3703.06,54.0
2020-12-28,21.7,2744.3,30403.97,12899.42,3735.36,54.0
2020-12-29,23.08,2738.05,30335.67,12850.22,3727.04,52.0
2020-12-30,22.77,2783.77,30409.56,12870.0,3732.04,50.0
2020-12-31,22.75,2795.5,30606.48,12888.28,3756.07,51.0
2021-01-04,26.97,2783.21,30223.89,12698.45,3700.65,52.0
2021-01-05,25.34,2837.17,30391.6,12818.96,3726.86,53.0
2021-01-06,25.07,2827.96,30829.4,12740.79,3748.14,59.0
2021-01-07,22.37,2937.0,31041.13,13067.48,3803.79,66.0
2021-01-08,21.56,2936.47,31097.97,13201.98,3824.68,71.0
2021-01-11,24.08,2969.92,31008.69,13036.43,3799.61,65.0
2021-01-12,23.33,2988.02,31068.69,13072.43,3801.19,69.0
2021-01-13,22.21,2991.95,31060.47,13128.95,3809.84,70.0
2021-01-14,23.25,3055.64,30991.52,13112.64,3795.54,67.0
2021-01-15,24.34,2992.77,30814.26,12998.5,3768.25,60.0
2021-01-19,23.24,3093.32,30930.52,13197.18,3798.91,61.0
2021-01-20,21.58,3085.04,31188.38,13457.25,3851.85,69.0
2021-01-21,21.32,3132.17,31176.01,13530.91,3853.07,63.0
2021-01-22,21.91,3074.4,30996.98,13543.06,3841.47,69.0
2021-01-25,23.19,3079.21,30960.0,13635.99,3855.36,66.0
2021-01-26,23.02,3031.77,30937.04,13626.06,3849.62,62.0
2021-01-27,37.21,2875.13,30303.17,13270.6,3750.77,40.0
2021-01-28,30.21,2935.12,30603.36,13337.16,3787.38,45.0
2021-01-29,33.09,2887.08,29982.62,13070.69,3714.24,38.0
2021-02-01,30.24,2999.99,30211.91,13403.39,3773.86,43.400000000000006
2021-02-02,25.56,3047.33,30687.48,13612.78,3826.31,60.46666666666667
2021-02-03,22.91,2982.87,30723.6,13610.54,3830.17,59.2
2021-02-04,21.77,3008.42,31055.86,13777.74,3871.74,61.06666666666667
2021-02-05,20.87,2985.01,31148.24,13856.3,3886.83,68.0
2021-02-08,21.24,3078.48,31385.76,13987.64,3915.59,72.86666666666667
2021-02-09,21.63,3064.95,31375.83,14007.7,3911.23,75.4
2021-02-10,21.99,3074.86,31437.8,13972.53,3909.88,75.26666666666667
2021-02-11,21.25,3180.84,31430.7,14025.77,3916.38,76.0
2021-02-12,19.97,3219.87,31458.4,14095.47,3934.83,77.66666666666667
2021-02-16,21.46,3238.92,31522.75,14047.5,3932.59,73.93333333333334
2021-02-17,21.5,3178.24,31613.02,13965.5,3931.33,70.2
2021-02-18,22.49,3146.79,31493.34,13865.36,3913.97,62.53333333333334
2021-02-19,22.05,3223.46,31494.32,13874.47,3906.71,56.24
2021-02-22,23.45,3102.01,31521.69,13533.05,3876.5,52.48
2021-02-23,23.11,3083.88,31537.35,13465.2,3881.37,50.56
2021-02-24,21.34,3183.74,31961.86,13597.97,3925.43,63.8
2021-02-25,28.89,2999.16,31402.01,13119.43,3829.34,46.16
2021-02-26,27.95,3067.62,30932.37,13192.35,3811.15,53.52
2021-03-01,23.35,3169.11,31535.51,13588.83,3901.82,58.52
2021-03-02,24.1,3070.94,31391.52,13358.79,3870.29,50.32000000000001
2021-03-03,26.67,2975.58,31270.09,12997.75,3819.72,43.84
2021-03-04,28.57,2831.63,30924.14,12723.47,3768.47,37.8
2021-03-05,24.66,2920.75,31496.3,12920.15,3841.94,41.52
2021-03-08,25.47,2762.75,31802.44,12609.16,3821.35,39.08
2021-03-09,24.03,2932.21,31832.74,13073.82,3875.44,43.36
2021-03-10,22.56,2879.32,32297.02,13068.83,3898.81,45.56
2021-03-11,21.91,2997.13,32485.59,13398.67,3939.34,50.48
2021-03-12,20.69,2965.09,32778.64,13319.86,3943.34,53.720000000000006
2021-03-15,20.03,3032.05,32953.46,13459.71,3968.94,56.52
2021-03-16,19.79,3070.32,32825.95,13471.57,3962.71,54.8
2021-03-17,19.23,3107.92,33015.37,13525.2,3974.12,57.86666666666667
2021-03-18,21.58,2976.22,32862.3,13116.17,3915.46,52.333333333333336
2021-03-19,20.95,3011.37,32627.97,13215.24,3913.1,50.833333333333336
2021-03-22,18.88,3077.55,32731.2,13377.54,3940.59,50.7
2021-03-23,20.3,2994.21,32423.15,13227.7,3910.52,41.8
2021-03-24,21.2,2953.97,32420.06,12961.89,3889.14,37.66666666666667
2021-03-25,19.81,2959.88,32619.48,12977.68,3909.52,37.833333333333336
2021-03-26,18.86,3106.28,33072.88,13138.72,3974.54,37.56666666666667
2021-03-29,20.74,3054.63,33171.37,13059.65,3971.09,39.56666666666667
2021-03-30,19.61,3044.55,33066.96,13045.39,3958.55,42.03333333333334
2021-03-31,19.4,3124.94,32981.55,13246.87,3972.89,44.56666666666667
2021-04-01,17.33,3240.17,33153.21,13480.11,4019.87,46.400000000000006
2021-04-05,17.91,3305.43,33527.19,13705.59,4077.91,54.56666666666667
2021-04-06,18.12,3266.1,33430.24,13698.38,4073.94,53.5
2021-04-07,17.16,3266.46,33446.26,13688.84,4079.95,52.53333333333333
2021-04-08,16.95,3301.26,33503.57,13829.31,4097.17,48.1
2021-04-09,16.69,3294.53,33800.6,13900.19,4128.8,47.5
2021-04-12,16.91,3258.33,33745.4,13850.0,4127.99,43.43333333333334
2021-04-13,16.65,3252.7,33677.27,13996.1,4141.59,43.63333333333333
2021-04-14,16.99,3213.88,33730.89,13857.84,4124.66,39.96666666666667
2021-04-15,16.57,3271.33,34035.99,14038.76,4170.42,47.16666666666668
2021-04-16,16.25,3253.08,34200.67,14052.34,4185.47,51.3
2021-04-19,17.29,3171.0,34077.63,13914.77,4163.26,45.26666666666667
2021-04-20,18.68,3121.43,33821.3,13786.27,4134.94,42.866666666666674
2021-04-21,17.5,3207.25,34137.31,13950.22,4173.42,49.63333333333333
2021-04-22,18.71,3133.17,33815.9,13818.41,4134.98,46.70000000000001
2021-04-23,17.33,3196.98,34043.49,14016.81,4180.17,47.7
2021-04-26,17.64,3250.26,33981.57,14138.78,4187.62,50.53333333333334
2021-04-27,17.56,3225.61,33984.93,14090.22,4186.72,54.8
2021-04-28,17.28,3178.49,33820.38,14051.03,4183.18,52.400000000000006
2021-04-29,17.61,3202.5,34060.36,14082.55,4211.47,56.16666666666666
2021-04-30,18.61,3108.99,33874.85,13962.68,4181.17,46.53333333333333
2021-05-03,18.31,3073.38,34113.23,13895.12,4192.66,47.56666666666667
2021-05-04,19.48,3024.31,34133.03,13633.5,4164.66,43.46666666666667
2021-05-05,19.15,3042.88,34230.34,13582.42,4167.59,43.03333333333333
2021-05-06,18.39,3066.22,34548.53,13632.84,4201.62,43.93333333333334
2021-05-07,16.69,3112.03,34777.76,13752.24,4232.6,48.16666666666666
2021-05-10,19.66,2967.11,34742.82,13401.86,4188.43,44.93333333333334
2021-05-11,21.84,2976.01,34269.16,13389.43,4152.1,42.03333333333334
2021-05-12,27.59,2851.15,33587.66,13031.68,4063.04,26.766666666666666
2021-05-13,23.13,2893.94,34021.45,13124.99,4112.5,34.433333333333344
2021-05-14,18.81,2981.42,34382.13,13429.98,4173.85,35.99999999999999
2021-05-17,19.72,2954.63,34327.79,13379.05,4163.29,36.36666666666667
2021-05-18,21.34,2929.15,34060.66,13303.64,4127.83,34.03333333333334
2021-05-19,22.18,2987.28,33896.04,13299.74,4115.68,32.333333333333336
2021-05-20,20.67,3066.11,34084.15,13535.74,4159.12,32.300000000000004
2021-05-21,20.15,3052.1,34207.84,13470.99,4155.86,29.433333333333337
2021-05-24,18.4,3122.98,34393.98,13661.17,4197.05,29.5
2021-05-25,18.84,3134.67,34312.46,13657.17,4188.13,26.66666666666667
2021-05-26,17.36,3140.98,34323.05,13738.0,4195.99,28.133333333333336
2021-05-27,16.74,3159.27,34464.64,13736.28,4200.88,30.3
2021-05-28,16.76,3186.56,34529.45,13748.74,4204.11,31.566666666666663
2021-06-01,17.9,3174.32,34575.31,13736.48,4202.04,35.4
2021-06-02,17.48,3196.98,34600.38,13756.33,4208.12,42.13333333333333
2021-06-03,18.04,3139.19,34577.04,13614.51,4192.85,40.8
2021-06-04,16.42,3214.14,34756.39,13814.49,4229.89,41.9
2021-06-07,16.42,3191.66,34630.24,13881.72,4226.52,44.46666666666667
2021-06-08,17.07,3171.22,34599.82,13924.91,4227.26,46.46666666666667
2021-06-09,17.89,3158.48,34447.14,13911.75,4219.55,48.53333333333333
2021-06-10,16.1,3196.21,34466.24,14020.33,4239.18,48.9
2021-06-11,15.65,3210.06,34479.6,14069.42,4247.44,51.23333333333334
2021-06-14,16.39,3255.34,34393.75,14174.14,4255.15,54.16666666666666
2021-06-15,17.02,3225.98,34299.33,14072.86,4246.59,52.66666666666666
2021-06-16,18.15,3201.01,34033.67,14039.68,4223.7,44.8
2021-06-17,17.75,3231.71,33823.45,14161.35,4221.86,42.03333333333334
2021-06-18,20.7,3152.81,33290.08,14030.38,4166.45,31.600000000000005
2021-06-21,17.89,3171.99,33876.97,14141.48,4224.79,32.46666666666666
2021-06-22,16.66,3185.43,33945.58,14253.27,4246.44,32.800000000000004
2021-06-23,16.32,3197.22,33874.24,14271.73,4241.84,33.26666666666667
2021-06-24,15.97,3253.8,34196.82,14369.71,4266.49,36.9
2021-06-25,15.62,3241.48,34433.84,14360.39,4280.7,41.63333333333333
2021-06-28,15.76,3323.14,34283.27,14500.51,4290.61,41.43333333333334
2021-06-29,16.02,3348.87,34292.29,14528.33,4291.8,39.833333333333336
2021-06-30,15.83,3345.31,34502.51,14503.95,4297.5,38.00000000000001
2021-07-01,15.48,3295.06,34633.53,14522.38,4319.94,38.66666666666666
2021-07-02,15.07,3315.83,34786.35,14639.33,4352.34,38.66666666666667
2021-07-06,16.44,3307.92,34577.37,14663.64,4343.54,33.300000000000004
2021-07-07,16.2,3261.73,34681.79,14665.06,4358.13,33.1
2021-07-08,19.0,3222.81,34421.93,14559.78,4320.82,26.96666666666667
2021-07-09,16.18,3278.39,34870.16,14701.92,4369.55,31.000000000000004
2021-07-12,16.17,3319.0,34996.18,14733.24,4384.63,31.7
2021-07-13,17.12,3300.81,34888.79,14677.65,4369.21,31.266666666666666
2021-07-14,16.33,3289.18,34933.23,14644.95,4374.3,29.53333333333333
2021-07-15,17.01,3217.74,34987.02,14543.13,4360.03,27.33333333333334
2021-07-16,18.45,3145.45,34687.85,14427.24,4327.16,26.9
2021-07-19,22.5,3147.51,33962.04,14274.98,4258.49,8.983333333333334
2021-07-20,19.73,3190.95,34511.99,14498.88,4323.06,20.066666666666663
2021-07-21,17.91,3288.75,34798.0,14631.95,4358.69,24.2
2021-07-22,17.69,3259.42,34823.35,14684.6,4367.48,24.33333333333333
2021-07-23,17.2,3280.06,35061.55,14836.99,4411.79,28.3
2021-07-26,17.58,3276.92,35144.31,14840.71,4422.3,30.9
2021-07-27,19.36,3215.97,35058.52,14660.58,4401.46,27.166666666666668
2021-07-28,18.31,3272.45,34930.93,14762.58,4400.64,27.46666666666667
2021-07-29,17.7,3333.24,35084.53,14778.26,4419.15,29.23333333333333
2021-07-30,18.24,3356.53,34935.47,14672.68,4395.26,25.76666666666667
2021-08-02,19.46,3377.49,34838.16,14681.07,4387.16,25.1
2021-08-03,18.04,3396.66,35116.4,14761.29,4423.15,29.53333333333333
2021-08-04,17.97,3436.9,34792.67,14780.53,4402.66,28.633333333333336
2021-08-05,17.28,3424.46,35064.25,14895.12,4429.1,29.633333333333336
2021-08-06,16.15,3412.05,35208.51,14835.76,4436.52,31.866666666666664
2021-08-09,16.72,3399.76,35101.85,14860.18,4432.35,32.06666666666667
2021-08-10,16.79,3358.87,35264.67,14788.09,4436.75,34.833333333333336
2021-08-11,16.06,3350.93,35484.97,14765.14,4447.7,37.93333333333334
2021-08-12,15.59,3312.96,35499.85,14816.26,4460.83,43.13333333333333
2021-08-13,15.45,3335.04,35515.38,14822.9,4468.0,47.13333333333333
2021-08-16,16.12,3322.64,35625.4,14793.76,4479.71,44.866666666666674
2021-08-17,17.91,3256.82,35343.28,14656.18,4448.08,31.7
2021-08-18,21.57,3208.83,34960.69,14525.91,4400.27,18.2
2021-08-19,21.67,3235.87,34894.12,14541.79,4405.8,14.883333333333336
2021-08-20,18.56,3256.5,35120.08,14714.66,4441.67,23.86666666666667
2021-08-23,17.15,3342.01,35335.71,14942.65,4479.53,30.433333333333337
2021-08-24,17.22,3345.39,35366.26,15019.8,4486.23,34.4
2021-08-25,16.79,3372.55,35405.5,15041.86,4496.19,36.03333333333333
2021-08-26,18.84,3370.39,35213.12,14945.81,4470.0,36.833333333333336
2021-08-27,16.39,3436.45,35455.8,15129.5,4509.37,47.46666666666667
2021-08-30,16.19,3446.44,35399.84,15265.89,4528.79,47.86666666666667
2021-08-31,16.48,3417.72,35360.73,15259.24,4522.68,47.23333333333333
2021-09-01,16.11,3399.95,35312.53,15309.38,4524.09,43.13333333333333
2021-09-02,16.41,3411.32,35443.82,15331.18,4536.95,44.16666666666666
2021-09-03,16.41,3430.89,35369.09,15363.52,4535.43,44.06666666666666
2021-09-07,18.14,3419.73,35100.0,15374.33,4520.03,41.7
2021-09-08,17.96,3377.68,35031.07,15286.64,4514.07,38.56666666666667
2021-09-09,18.8,3390.84,34879.38,15248.25,4493.28,33.800000000000004
2021-09-10,20.95,3416.66,34607.72,15115.49,4458.58,20.600000000000005
2021-09-13,19.37,3449.68,34869.63,15105.58,4468.73,28.266666666666666
2021-09-14,19.46,3449.39,34577.57,15037.76,4443.05,24.8
2021-09-15,18.18,3465.76,34814.39,15161.53,4480.7,31.200000000000003
2021-09-16,18.69,3473.6,34751.32,15181.92,4473.75,31.500000000000004
2021-09-17,20.81,3421.16,34584.88,15043.97,4432.99,17.933333333333337
2021-09-20,25.71,3338.23,33970.47,14713.9,4357.73,11.1
2021-09-21,24.36,3345.03,33919.84,14746.4,4354.19,11.449999999999998
2021-09-22,20.87,3412.02,34258.32,14896.85,4395.64,20.03333333333333
2021-09-23,18.63,3457.45,34764.82,15052.24,4448.98,24.5
2021-09-24,17.75,3453.92,34798.0,15047.7,4455.48,23.83333333333334
2021-09-27,18.76,3445.44,34869.37,14969.97,4443.11,24.766666666666666
2021-09-28,23.25,3314.39,34299.99,14546.68,4352.63,12.466666666666669
2021-09-29,22.56,3263.84,34390.72,14512.44,4359.46,12.483333333333334
2021-09-30,23.14,3258.09,33843.92,14448.58,4307.54,9.966666666666669
2021-10-01,21.15,3261.18,34326.46,14566.7,4357.04,18.33333333333333
2021-10-04,22.96,3180.06,34002.92,14255.48,4300.46,9.500000000000002
2021-10-05,21.3,3227.25,34314.67,14433.83,4345.72,18.766666666666666
2021-10-06,21.0,3238.79,34416.99,14501.91,4363.55,20.066666666666663
2021-10-07,19.54,3274.48,34754.94,14654.02,4399.76,24.600000000000005
2021-10-08,18.77,3246.27,34746.25,14579.54,4391.34,25.26666666666667
2021-10-11,20.0,3221.23,34496.06,14486.2,4361.19,25.9
2021-10-12,19.85,3178.15,34378.34,14465.92,4350.65,22.7
2021-10-13,18.64,3192.75,34377.81,14571.64,4363.8,24.100000000000005
2021-10-14,16.86,3291.24,34912.56,14823.43,4438.26,31.83333333333333
2021-10-15,16.3,3314.41,35294.76,14897.34,4471.37,43.63333333333333
2021-10-18,16.31,3338.78,35258.61,15021.81,4486.46,46.56666666666666
2021-10-19,15.7,3381.45,35457.31,15129.09,4519.63,53.400000000000006
2021-10-20,15.49,3374.22,35609.34,15121.68,4536.19,56.56666666666667
2021-10-21,15.01,3412.05,35603.08,15215.7,4549.78,60.2
2021-10-22,15.43,3370.28,35677.02,15090.2,4544.9,59.5
2021-10-25,15.24,3392.39,35741.15,15226.71,4566.48,62.96666666666667
2021-10-26,15.98,3392.96,35756.88,15235.71,4574.79,63.03333333333334
2021-10-27,16.98,3360.29,35490.69,15235.84,4551.68,58.333333333333336
2021-10-28,16.53,3438.83,35730.48,15448.12,4596.42,64.4
2021-10-29,16.26,3451.27,35819.56,15498.39,4605.38,65.43333333333334
2021-11-01,16.41,3506.28,35913.84,15595.92,4613.67,66.13333333333334
2021-11-02,16.03,3548.85,36052.63,15649.6,4630.65,68.26666666666667
2021-11-03,15.1,3590.17,36157.58,15811.58,4660.57,72.2
2021-11-04,15.44,3715.76,36124.23,15940.31,4680.06,72.43333333333334
2021-11-05,16.48,3756.55,36327.95,15971.59,4697.53,73.60000000000001
2021-11-08,17.22,3803.33,36432.22,15982.36,4701.7,74.53333333333335
2021-11-09,17.78,3800.57,36319.98,15886.54,4685.25,77.17142857142858
2021-11-10,18.73,3693.02,36079.94,15622.71,4646.71,73.08571428571429
2021-11-11,17.66,3764.49,35921.23,15704.28,4649.27,72.22857142857143
2021-11-12,16.29,3794.5,36100.31,15860.96,4682.85,74.0
2021-11-15,16.49,3793.75,36087.45,15853.85,4682.8,71.62857142857145
2021-11-16,16.37,3859.4,36142.22,15973.86,4700.9,72.48571428571428
2021-11-17,17.11,3831.44,35931.05,15921.57,4688.67,69.2
2021-11-18,17.59,3899.96,35870.95,15993.71,4704.54,70.14285714285715
2021-11-19,17.91,3912.02,35601.98,16057.44,4697.96,62.77142857142859
2021-11-22,19.17,3847.12,35619.25,15854.76,4682.94,60.0
2021-11-23,19.38,3834.43,35813.8,15775.14,4690.7,60.371428571428574
2021-11-24,18.58,3870.01,35804.38,15845.23,4701.46,56.94285714285714
2021-11-26,28.62,3757.13,34899.34,15491.66,4594.62,31.25714285714286
2021-11-29,22.96,3910.54,35135.94,15782.83,4655.27,38.114285714285714
2021-11-30,27.19,3833.22,34483.72,15537.69,4567.0,24.77142857142857
2021-12-01,31.12,3810.75,34022.04,15254.05,4513.04,25.357142857142858
2021-12-02,27.95,3810.81,34639.79,15381.32,4577.1,22.928571428571427
2021-12-03,30.67,3804.54,34580.08,15085.47,4538.43,20.157142857142865
2021-12-06,27.18,3800.07,35227.03,15225.15,4591.67,21.25714285714286
2021-12-07,21.89,3988.75,35719.43,15686.92,4686.75,37.88571428571429
2021-12-08,19.9,3964.44,35754.75,15786.99,4701.21,41.31428571428573
2021-12-09,21.58,3879.52,35754.69,15517.37,4667.45,36.85714285714287
2021-12-10,18.69,3914.67,35970.99,15630.6,4712.02,42.0
2021-12-13,20.31,3814.43,35650.95,15413.28,4668.97,35.4
2021-12-14,21.89,3794.41,35544.18,15237.64,4634.09,31.542857142857144
2021-12-15,19.29,3934.46,35927.43,15565.58,4709.85,37.8
2021-12-16,20.57,3766.32,35897.64,15180.43,4668.67,33.57142857142858
2021-12-17,21.57,3761.04,35365.44,15169.68,4620.64,32.51428571428572
2021-12-20,22.87,3732.39,34932.16,14980.94,4568.02,29.428571428571427
2021-12-21,21.01,3857.3,35492.7,15341.09,4649.23,34.028571428571425
2021-12-22,18.63,3891.92,35753.89,15521.89,4696.56,39.54285714285714
2021-12-23,17.96,3932.39,35950.56,15653.37,4725.79,50.48571428571428
2021-12-27,17.68,4039.51,36302.38,15871.26,4791.19,56.39999999999999
2021-12-28,17.54,3992.19,36398.21,15781.72,4786.35,62.971428571428575
2021-12-29,16.95,3999.35,36488.63,15766.22,4793.06,64.02857142857144
2021-12-30,17.33,3952.04,36398.08,15741.56,4778.73,63.97142857142858
2021-12-31,17.22,3946.16,36338.3,15644.97,4766.18,62.54285714285715
2022-01-03,16.6,4027.22,36585.06,15832.8,4796.56,65.22857142857144
2022-01-04,16.91,4009.0,36799.65,15622.72,4793.54,64.25714285714285
2022-01-05,19.73,3879.87,36407.11,15100.17,4700.58,51.02857142857143
2022-01-06,19.61,3909.03,36236.47,15080.86,4696.05,52.142857142857146
2022-01-07,18.76,3796.32,36231.66,14935.9,4677.03,49.25714285714287
2022-01-10,19.4,3805.39,36068.87,14942.83,4670.29,51.142857142857146
2022-01-11,18.41,3875.44,36252.02,15153.45,4713.07,56.114285714285714
2022-01-12,17.62,3901.21,36290.32,15188.39,4726.35,55.94285714285714
2022-01-13,20.31,3811.84,36113.62,14806.81,4659.03,52.17142857142857
2022-01-14,19.19,3900.61,35911.81,14893.75,4662.85,55.8
2022-01-18,22.79,3727.24,35368.47,14506.9,4577.11,53.71428571428572
2022-01-19,23.85,3612.19,35028.65,14340.26,4532.76,44.82857142857143
2022-01-20,25.59,3494.75,34715.39,14154.02,4482.73,39.142857142857146
2022-01-21,28.85,3434.79,34265.37,13768.92,4397.94,26.728571428571428
2022-01-24,29.9,3479.95,34364.5,13855.13,4410.13,23.128571428571437
2022-01-25,31.16,3350.85,34297.73,13539.29,4356.45,20.88571428571429
2022-01-26,31.96,3407.0,34168.09,13542.12,4349.93,19.51428571428572
2022-01-27,30.49,3243.99,34160.78,13352.78,4326.51,18.6
2022-01-28,27.66,3303.39,34725.47,13770.57,4431.85,23.857142857142858
2022-01-31,24.83,3483.21,35131.86,14239.88,4515.55,29.200000000000006
2022-02-01,21.96,3510.86,35405.24,14346.0,4546.54,30.800000000000004
2022-02-02,22.09,3597.17,35629.33,14417.55,4589.38,28.800000000000004
2022-02-03,24.35,3432.55,35111.16,13878.82,4477.44,26.057142857142857
2022-02-04,23.22,3453.07,35089.74,14098.01,4500.53,27.6
2022-02-07,22.86,3452.33,35091.13,14015.67,4483.87,27.914285714285715
2022-02-08,21.44,3535.13,35462.78,14194.45,4521.54,28.942857142857143
2022-02-09,19.96,3653.72,35768.06,14490.37,4587.18,32.65714285714286
2022-02-10,23.91,3536.1,35241.59,14185.64,4504.08,33.6
2022-02-11,27.36,3365.25,34738.06,13791.15,4418.64,28.48571428571429
2022-02-14,28.33,3370.2,34566.17,13790.92,4401.67,25.685714285714287
2022-02-15,25.7,3554.45,34988.84,14139.76,4471.07,29.97142857142857
2022-02-16,24.29,3555.69,34934.27,14124.09,4475.01,32.08571428571428
2022-02-17,28.11,3422.6,34312.03,13716.72,4380.26,32.457142857142856
2022-02-18,27.75,3384.3,34079.18,13548.07,4348.87,29.51428571428572
2022-02-22,28.81,3356.07,33596.61,13381.52,4304.76,28.77142857142857
2022-02-23,31.02,3277.8,33131.76,13037.49,4225.5,18.814285714285717
2022-02-24,30.32,3399.16,33223.83,13473.59,4288.7,21.228571428571428
2022-02-25,27.59,3452.67,34058.75,13694.62,4384.65,28.142857142857142
2022-02-28,30.15,3429.53,33892.6,13751.4,4373.94,25.47142857142857
2022-03-01,33.32,3304.85,33294.95,13532.46,4306.26,22.97142857142857
2022-03-02,30.74,3416.16,33891.35,13752.02,4386.54,17.82857142857143
2022-03-03,30.48,3339.76,33794.66,13537.94,4363.49,21.72857142857143
2022-03-04,31.98,3258.92,33614.8,13313.44,4328.87,18.17142857142857
2022-03-07,36.45,3098.93,32817.38,12830.96,4201.09,16.9
2022-03-08,35.13,3156.87,32632.64,12795.55,4170.7,16.67142857142857
2022-03-09,32.45,3282.18,33286.25,13255.55,4277.88,18.028571428571432
2022-03-10,30.23,3211.07,33174.07,13129.96,4259.52,17.95714285714286
2022-03-11,30.75,3144.15,32944.19,12843.81,4204.31,19.057142857142857
2022-03-14,31.77,3047.5,32945.24,12581.22,4173.11,17.5
2022-03-15,29.83,3180.24,33544.34,12948.62,4262.45,21.857142857142858
2022-03-16,26.67,3340.06,34063.1,13436.55,4357.86,25.25714285714286
2022-03-17,25.67,3364.55,34480.76,13614.78,4411.67,33.62857142857143
2022-03-18,23.87,3432.3,34754.93,13893.84,4463.12,38.42857142857143
2022-03-21,23.53,3423.24,34552.99,13838.46,4461.18,40.971428571428575
2022-03-22,22.94,3445.85,34807.46,14108.82,4511.61,44.54285714285714
2022-03-23,23.57,3360.32,34358.5,13922.6,4456.24,45.2
2022-03-24,21.67,3532.72,34707.94,14191.84,4520.16,46.91428571428571
2022-03-25,20.81,3525.34,34861.24,14169.3,4543.06,49.371428571428574
2022-03-28,19.63,3547.17,34955.89,14354.9,4575.52,51.25714285714286
2022-03-29,18.9,3625.58,35294.19,14619.64,4631.6,52.71428571428572
2022-03-30,19.33,3508.62,35228.81,14442.27,4602.45,52.8
2022-03-31,20.56,3429.0,34678.35,14220.52,4530.41,59.2
2022-04-01,19.63,3366.64,34818.27,14261.5,4545.86,59.8
2022-04-04,18.57,3424.95,34921.88,14532.55,4582.64,61.65714285714286
2022-04-05,21.03,3269.82,34641.18,14204.17,4525.12,47.91428571428571
2022-04-06,22.1,3193.96,34496.51,13888.82,4481.15,46.4
2022-04-07,21.55,3197.44,34583.57,13897.3,4500.21,46.82857142857142
2022-04-08,21.16,3120.16,34721.12,13711.0,4488.28,46.08571428571429
2022-04-11,24.37,3055.09,34308.08,13411.96,4412.53,43.4
2022-04-12,24.26,3047.47,34220.36,13371.57,4397.45,42.05714285714286
2022-04-13,21.82,3119.32,34564.59,13643.59,4446.59,41.8
2022-04-14,22.7,3028.22,34451.23,13351.08,4392.59,39.85714285714285
2022-04-18,22.17,3085.19,34411.69,13332.36,4391.69,37.6
2022-04-19,21.37,3153.23,34911.2,13619.66,4462.21,39.62857142857143
2022-04-20,20.32,3142.2,35160.79,13453.07,4459.45,43.31428571428571
2022-04-21,22.68,3058.74,34792.76,13174.65,4393.66,38.94285714285714
2022-04-22,28.21,2989.83,33811.4,12839.29,4271.78,31.62857142857143
2022-04-25,27.02,3042.39,34049.46,13004.85,4296.12,29.97142857142857
2022-04-26,33.52,2909.12,33240.18,12490.74,4175.2,17.900000000000002
2022-04-27,31.6,2894.91,33301.93,12488.93,4183.96,16.271428571428572
2022-04-28,29.99,3056.36,33916.39,12871.53,4287.5,24.25714285714286
2022-04-29,33.4,2919.74,32977.21,12334.64,4131.93,14.328571428571427
2022-05-02,32.34,3022.24,33061.5,12536.02,4155.38,13.27142857142857
2022-05-03,29.25,3044.89,33128.79,12563.76,4175.48,30.485714285714288
2022-05-04,25.42,3163.78,34061.06,12964.86,4300.17,22.4
2022-05-05,31.2,3005.53,32997.97,12317.69,4146.87,13.128571428571432
2022-05-06,30.19,2982.06,32899.37,12144.66,4123.34,12.242857142857146
2022-05-09,34.75,2829.1,32245.7,11623.25,3991.24,8.185714285714285
2022-05-10,32.99,2900.13,32160.74,11737.67,4001.05,7.4
2022-05-11,32.56,2811.94,31834.11,11364.24,3935.18,4.028571428571429
2022-05-12,31.77,2827.21,31730.3,11370.96,3930.08,3.2
2022-05-13,28.87,2970.37,32196.66,11805.0,4023.89,11.285714285714286
2022-05-16,27.47,2920.06,32223.42,11662.79,4008.01,11.742857142857144
2022-05-17,26.1,3066.5,32654.59,11984.52,4088.85,15.2
2022-05-18,30.96,2907.96,31490.07,11418.15,3923.68,6.6000000000000005
2022-05-19,29.35,2890.33,31253.13,11388.5,3900.79,13.714285714285714
2022-05-20,29.43,2882.65,31261.9,11354.62,3901.36,12.657142857142858
2022-05-23,28.48,2898.43,31880.24,11535.27,3973.75,17.885714285714283
2022-05-24,29.45,2827.05,31928.62,11264.45,3941.48,16.0
2022-05-25,28.37,2882.93,32120.28,11434.74,3978.73,17.571428571428573
2022-05-26,27.5,2994.61,32637.19,11740.65,4057.84,24.11428571428572
2022-05-27,25.72,3115.35,33212.96,12131.13,4158.24,29.542857142857144
2022-05-31,26.19,3098.69,32990.12,12081.39,4132.15,40.057142857142864
2022-06-01,25.69,3049.03,32813.23,11994.46,4101.23,40.60000000000001
2022-06-02,24.72,3157.98,33248.28,12316.9,4176.82,44.82857142857143
2022-06-03,24.79,3062.59,32899.7,12012.73,4108.54,35.45714285714286
2022-06-06,25.07,3062.73,32915.78,12061.37,4121.43,42.8
2022-06-07,24.02,3092.97,33180.14,12175.23,4160.68,45.62857142857143
2022-06-08,23.96,3019.1,32910.9,12086.27,4115.77,48.11428571428571
2022-06-09,26.09,2937.79,32272.79,11754.23,4017.82,47.05714285714286
2022-06-10,27.75,2831.98,31392.79,11340.02,3900.86,40.00000000000001
2022-06-13,34.02,2673.0,30516.74,10809.23,3749.63,25.085714285714293
2022-06-14,32.69,2689.89,30364.83,10828.35,3735.48,20.528571428571432
2022-06-15,29.62,2737.54,30668.53,11099.15,3789.99,29.25714285714286
2022-06-16,32.95,2566.86,29927.07,10646.1,3666.77,17.700000000000003
2022-06-17,31.13,2578.54,29888.78,10798.35,3674.84,16.92857142857143
2022-06-21,30.19,2649.37,30530.25,11069.3,3764.79,19.728571428571428
2022-06-22,28.95,2619.71,30483.13,11053.08,3759.89,26.885714285714283
2022-06-23,29.05,2602.74,30677.36,11232.19,3795.73,26.742857142857144
2022-06-24,27.23,2718.47,31500.68,11607.62,3911.74,30.85714285714286
2022-06-27,26.95,2713.47,31438.26,11524.55,3900.11,30.77142857142857
2022-06-28,28.36,2642.07,30946.99,11181.54,3821.55,28.142857142857142
2022-06-29,28.16,2583.98,31029.31,11177.89,3818.83,26.542857142857144
2022-06-30,28.71,2556.25,30775.43,11028.74,3785.38,24.371428571428577
2022-07-01,26.7,2458.46,31097.26,11127.85,3825.33,24.571428571428573
2022-07-05,27.54,2477.64,30967.82,11322.24,3831.39,22.17142857142857
2022-07-06,26.73,2494.11,31037.68,11361.85,3845.08,22.828571428571426
2022-07-07,26.08,2605.88,31384.55,11621.35,3902.62,27.6
2022-07-08,24.64,2618.02,31338.15,11635.31,3899.38,31.342857142857145
2022-07-11,26.17,2553.69,31173.84,11372.6,3854.43,30.37142857142857
2022-07-12,27.29,2558.17,30981.33,11264.73,3818.8,30.314285714285717
2022-07-13,26.82,2577.36,30772.79,11247.58,3801.78,27.28571428571428
2022-07-14,26.4,2626.92,30630.17,11251.19,3790.38,26.51428571428572
2022-07-15,24.23,2693.77,31288.26,11452.42,3863.16,33.285714285714285
2022-07-18,25.3,2679.57,31072.61,11360.05,3830.85,35.885714285714286
2022-07-19,24.5,2803.14,31827.05,11713.15,3936.69,39.31428571428571
2022-07-20,23.88,2872.96,31874.84,11897.65,3959.9,44.08571428571429
2022-07-21,23.11,2916.81,32036.9,12059.61,3998.95,48.2
2022-07-22,23.03,2842.41,31899.29,11834.11,3961.63,42.42857142857143
2022-07-25,23.36,2825.03,31990.04,11782.67,3966.84,42.2
2022-07-26,24.69,2778.96,31761.54,11562.57,3921.05,42.0
2022-07-27,23.24,2911.0,32197.59,12032.42,4023.61,46.62857142857143
2022-07-28,22.33,2944.5,32529.63,12162.59,4072.43,48.48571428571429
2022-07-29,21.33,2967.14,32845.13,12390.69,4130.29,52.4
2022-08-01,22.84,2978.32,32798.4,12368.98,4118.63,59.08571428571429
2022-08-02,23.93,2974.75,32396.17,12348.76,4091.19,57.371428571428574
2022-08-03,21.95,3053.46,32812.5,12668.16,4155.17,60.25714285714286
2022-08-04,21.44,3081.41,32726.82,12720.58,4151.94,61.51428571428571
2022-08-05,21.15,3053.39,32803.47,12657.55,4145.19,63.31428571428573
2022-08-08,21.29,3004.34,32832.54,12644.46,4140.06,64.74285714285715
2022-08-09,21.77,2866.9,32774.41,12493.93,4122.47,64.45714285714286
2022-08-10,19.74,2988.71,33309.51,12854.8,4210.24,65.11428571428571
2022-08-11,20.2,2978.7,33336.67,12779.91,4207.27,65.82857142857144
2022-08-12,19.53,3067.84,33761.05,13047.19,4280.15,68.02857142857144
2022-08-15,19.95,3077.33,33912.44,13128.05,4297.14,66.82857142857144
2022-08-16,19.69,3045.64,34152.01,13102.55,4305.2,67.94285714285715
2022-08-17,19.9,2970.12,33980.32,12938.12,4274.04,67.14285714285715
2022-08-18,19.56,3037.84,33999.04,12965.34,4283.74,66.37142857142858
2022-08-19,20.6,2953.34,33706.74,12705.22,4228.48,63.71428571428572
2022-08-22,23.8,2843.37,33063.61,12381.57,4137.99,60.31428571428573
2022-08-23,24.11,2864.31,32909.59,12381.3,4128.73,57.42857142857144
2022-08-24,22.82,2866.18,32969.23,12431.53,4140.77,57.51428571428571
2022-08-25,21.78,2971.07,33291.78,12639.27,4199.12,58.25714285714287
2022-08-26,25.56,2798.44,32283.4,12141.71,4057.66,55.74285714285714
2022-08-29,26.21,2744.5,32098.99,12017.67,4030.61,54.285714285714285
2022-08-30,26.21,2708.63,31790.87,11883.14,3986.16,49.8
2022-08-31,25.87,2677.39,31510.43,11816.2,3955.0,52.08571428571429
2022-09-01,25.56,2625.95,31656.42,11785.13,3966.85,49.371428571428574
2022-09-02,25.47,2599.26,31318.44,11630.86,3924.26,42.457142857142856
2022-09-06,26.91,2571.47,31145.3,11544.91,3908.19,40.62857142857143
2022-09-07,24.64,2611.5,31581.28,11791.9,3979.87,39.62857142857143
2022-09-08,23.61,2658.18,31774.52,11862.13,4006.18,40.371428571428574
2022-09-09,22.79,2721.77,32151.71,12112.31,4067.36,43.8
2022-09-12,23.87,2731.09,32381.34,12266.41,4110.41,47.6
2022-09-13,27.27,2562.27,31104.97,11633.57,3932.69,36.62857142857143
2022-09-14,26.16,2591.51,31135.09,11719.68,3946.01,41.885714285714286
2022-09-15,26.27,2549.54,30961.82,11552.36,3901.35,40.65714285714286
2022-09-16,26.3,2563.14,30822.42,11448.4,3873.33,35.285714285714285
2022-09-19,25.76,2577.94,31019.68,11535.02,3899.89,36.31428571428571
2022-09-20,27.16,2539.5,30706.23,11425.05,3855.93,36.114285714285714
2022-09-21,27.99,2514.96,30183.78,11220.19,3789.93,27.21428571428571
2022-09-22,27.35,2444.25,30076.68,11066.81,3757.99,24.48571428571429
2022-09-23,29.92,2408.89,29590.41,10867.93,3693.23,21.685714285714287
2022-09-26,32.26,2373.47,29260.81,10802.92,3655.04,17.62857142857143
2022-09-27,32.6,2398.04,29134.99,10829.5,3647.29,16.514285714285716
2022-09-28,30.18,2427.26,29683.74,11051.64,3719.04,17.02857142857143
2022-09-29,31.84,2347.36,29225.61,10737.51,3640.47,13.257142857142858
2022-09-30,31.62,2306.7,28725.51,10575.62,3585.62,16.45714285714286
2022-10-03,30.1,2393.32,29490.89,10815.43,3678.43,20.38571428571429
2022-10-04,29.07,2500.11,30316.32,11176.41,3790.93,27.88571428571429
2022-10-05,28.55,2523.61,30273.87,11148.64,3783.28,29.714285714285715
2022-10-06,30.52,2508.84,29926.94,11073.31,3744.52,23.142857142857142
2022-10-07,31.36,2356.75,29296.79,10652.4,3639.66,19.67142857142857
2022-10-10,32.45,2275.34,29202.88,10542.1,3612.39,19.4
2022-10-11,33.63,2218.49,29239.19,10426.19,3588.84,16.885714285714283
2022-10-12,33.57,2198.6,29210.85,10417.1,3577.03,15.942857142857145
2022-10-13,31.94,2263.24,30038.72,10649.15,3669.91,19.37142857142857
2022-10-14,32.02,2162.32,29634.83,10321.39,3583.07,16.45714285714286
2022-10-17,31.37,2211.66,30185.82,10675.8,3677.95,23.4
2022-10-18,30.5,2220.96,30523.8,10772.4,3719.98,28.800000000000004
2022-10-19,30.76,2237.74,30423.81,10680.51,3695.16,29.428571428571427
2022-10-20,29.98,2253.22,30333.59,10614.84,3665.78,39.08571428571429
2022-10-21,29.69,2336.69,31082.56,10859.72,3752.75,43.74285714285715
2022-10-24,29.85,2351.55,31499.62,10952.61,3797.34,47.22857142857142
2022-10-25,28.46,2404.69,31836.74,11199.12,3859.11,51.371428571428574
2022-10-26,27.28,2376.33,31839.11,10970.99,3830.6,53.8
2022-10-27,27.39,2340.6,32033.28,10792.67,3807.3,54.57142857142857
2022-10-28,25.75,2433.66,32861.8,11102.45,3901.06,57.114285714285714
2022-10-31,25.88,2384.45,32732.95,10988.15,3871.98,64.05714285714286
2022-11-01,25.81,2402.75,32653.2,10890.85,3856.1,63.51428571428572
2022-11-02,25.86,2328.47,32147.76,10524.8,3759.69,55.285714285714285
2022-11-03,25.3,2292.85,32001.25,10342.94,3719.89,55.51428571428572
2022-11-04,24.55,2398.24,32403.22,10475.25,3770.55,56.51428571428572
2022-11-07,24.35,2450.62,32827.0,10564.52,3806.8,59.65714285714286
2022-11-08,25.54,2503.39,33160.83,10616.2,3828.11,57.94285714285714
2022-11-09,26.09,2424.82,32513.94,10353.17,3748.57,54.0
2022-11-10,23.53,2672.5,33715.37,11114.15,3956.37,60.34285714285714
2022-11-11,22.52,2754.9,33747.86,11323.33,3992.93,63.74285714285713
2022-11-14,23.73,2728.05,33536.7,11196.22,3957.25,62.68571428571429
2022-11-15,24.54,2810.61,33592.92,11358.41,3991.73,66.91428571428573
2022-11-16,24.11,2690.81,33553.83,11183.66,3958.79,65.08571428571427
2022-11-17,23.93,2719.1,33546.32,11144.96,3946.56,61.48571428571429
2022-11-18,23.12,2724.03,33745.69,11146.06,3965.34,60.34285714285715
2022-11-21,22.36,2675.83,33700.28,11024.51,3949.94,60.97142857142857
2022-11-22,21.29,2756.82,34098.1,11174.41,4003.58,60.8
2022-11-23,20.35,2786.42,34194.06,11285.32,4027.26,64.25714285714285
2022-11-25,20.5,2751.27,34347.03,11226.36,4026.12,63.08571428571429
2022-11-28,22.21,2678.78,33849.46,11049.5,3963.94,59.74285714285715
2022-11-29,21.89,2670.65,33852.53,10983.78,3957.63,58.17142857142857
2022-11-30,20.58,2826.85,34589.77,11468.0,4080.11,73.97142857142856
2022-12-01,19.84,2804.69,34395.01,11482.45,4076.57,75.60000000000001
2022-12-02,19.06,2771.24,34429.88,11461.5,4071.7,68.14285714285714
2022-12-05,20.75,2738.05,33947.1,11239.94,3998.84,65.08571428571429
2022-12-06,22.17,2673.53,33596.34,11014.89,3941.26,61.82857142857144
2022-12-07,22.68,2673.25,33597.92,10958.55,3933.92,58.42857142857143
2022-12-08,22.29,2744.73,33781.48,11082.0,3963.51,55.6857142857143
2022-12-09,22.83,2721.02,33476.46,11004.62,3934.38,52.08571428571428
2022-12-12,25.0,2779.21,34005.04,11143.74,3990.56,57.2
2022-12-13,22.55,2821.53,34108.64,11256.81,4019.65,59.17142857142858
2022-12-14,21.14,2777.27,33966.35,11170.89,3995.32,60.94285714285714
2022-12-15,22.83,2661.4,33202.22,10810.53,3895.75,60.142857142857146
2022-12-16,22.62,2636.1,32920.46,10705.41,3852.36,44.142857142857146
2022-12-19,22.42,2599.86,32757.54,10546.03,3817.66,39.971428571428575
2022-12-20,21.48,2583.64,32849.74,10547.11,3821.62,38.31428571428573
2022-12-21,20.07,2644.5,33376.48,10709.37,3878.44,38.54285714285714
2022-12-22,21.97,2533.33,33027.49,10476.12,3822.39,37.0
2022-12-23,20.87,2535.49,33203.93,10497.86,3844.82,39.51428571428572
2022-12-27,21.65,2490.17,33241.56,10353.23,3829.25,39.94285714285714
2022-12-28,22.14,2453.49,32875.71,10213.29,3783.22,35.51428571428572
2022-12-29,21.44,2534.95,33220.8,10478.09,3849.28,37.142857142857146
2022-12-30,21.67,2532.11,33147.25,10466.48,3839.5,36.51428571428571
2023-01-03,22.9,2500.99,33136.37,10386.98,3824.14,36.6
2023-01-04,22.01,2569.46,33269.77,10458.76,3852.97,39.85714285714285
2023-01-05,22.46,2518.52,32930.08,10305.24,3808.1,44.17142857142858
2023-01-06,21.13,2636.1,33630.61,10569.29,3895.08,45.71428571428572
2023-01-09,21.97,2686.75,33517.65,10635.65,3892.09,47.2
2023-01-10,20.58,2721.29,33704.1,10742.63,3919.25,49.65714285714286
2023-01-11,21.09,2755.36,33973.01,10931.67,3969.61,54.22857142857144
2023-01-12,18.83,2789.65,34189.97,11001.1,3983.17,56.68571428571429
2023-01-13,18.35,2800.66,34302.61,11079.16,3999.09,61.31428571428571
2023-01-17,19.36,2807.48,33910.85,11095.11,3990.97,64.14285714285714
2023-01-18,20.34,2789.47,33296.96,10957.01,3928.86,58.42857142857143
2023-01-19,20.52,2710.44,33044.56,10852.27,3898.85,55.42857142857144
2023-01-20,19.85,2794.69,33375.49,11140.43,3972.61,58.54285714285714
2023-01-23,19.81,2934.83,33629.56,11364.41,4019.81,63.60000000000001
2023-01-24,19.2,2913.74,33733.96,11334.27,4016.95,63.0
2023-01-25,19.08,2918.99,33743.84,11313.36,4016.22,63.88571428571429
2023-01-26,18.73,2966.6,33949.41,11512.41,4060.43,68.02857142857144
2023-01-27,18.51,2945.27,33978.08,11621.71,4070.56,69.2
2023-01-30,19.94,2866.69,33717.09,11393.81,4017.77,67.45714285714287
2023-01-31,19.4,2921.92,34086.04,11584.55,4076.6,70.34285714285716
2023-02-01,17.87,3073.47,34092.96,11816.32,4119.21,82.17142857142858
2023-02-02,18.73,3141.84,34053.94,12200.82,4179.76,75.2
2023-02-03,18.33,3082.11,33926.01,12006.95,4136.48,76.14285714285714
2023-02-06,19.43,3029.74,33891.02,11887.45,4111.08,75.91428571428573
2023-02-07,18.66,3124.15,34156.69,12113.79,4164.0,76.34285714285714
2023-02-08,19.63,3055.63,33949.01,11910.52,4117.86,74.62857142857142
2023-02-09,20.71,3059.62,33699.88,11789.58,4081.5,72.62857142857143
2023-02-10,20.53,3011.15,33869.27,11718.12,4090.46,72.4857142857143
2023-02-13,20.34,3057.32,34245.93,11891.79,4137.29,71.82857142857144
2023-02-14,18.91,3121.63,34089.27,11960.15,4136.13,73.25714285714287
2023-02-15,18.23,3133.07,34128.05,12070.59,4147.6,73.65714285714284
2023-02-16,20.17,3055.24,33696.85,11855.83,4090.41,70.71428571428572
2023-02-17,20.02,3005.87,33826.69,11787.27,4079.09,69.48571428571428
2023-02-21,22.87,2906.26,33129.59,11492.3,3997.34,65.91428571428573
2023-02-22,22.29,2892.39,33045.09,11507.07,3991.05,64.17142857142859
2023-02-23,21.14,2988.81,33153.91,11590.4,4012.32,62.65714285714285
2023-02-24,21.67,2935.11,32816.92,11394.94,3970.04,60.65714285714286
2023-02-27,20.95,2951.21,32889.09,11466.98,3982.24,61.22857142857144
2023-02-28,20.7,2958.39,32656.7,11455.54,3970.15,61.2
2023-03-01,20.58,2955.83,32661.84,11379.48,3951.39,65.91428571428573
2023-03-02,19.59,2984.11,33003.57,11462.98,3981.35,52.45714285714287
2023-03-03,18.49,3028.34,33390.97,11689.01,4045.64,55.6857142857143
2023-03-06,18.61,2994.59,33431.44,11675.74,4048.42,55.25714285714285
2023-03-07,19.59,2962.42,32856.46,11530.33,3986.37,48.51428571428571
2023-03-08,19.11,3041.39,32798.4,11576.0,3992.01,49.82857142857143
2023-03-09,22.61,2980.21,32254.86,11338.35,3918.32,37.54285714285714
2023-03-10,24.8,2923.93,31909.64,11138.89,3861.59,26.885714285714283
2023-03-13,26.52,2921.71,31819.14,11188.84,3855.76,23.357142857142858
2023-03-14,23.73,3010.15,32155.4,11428.15,3919.29,25.085714285714285
2023-03-15,26.14,2977.39,31874.57,11434.05,3891.93,22.685714285714287
2023-03-16,22.99,3098.07,32246.55,11717.28,3960.28,32.57142857142857
2023-03-17,25.51,3083.52,31861.98,11630.51,3916.64,27.000000000000004
2023-03-20,24.15,3114.71,32244.58,11675.54,3951.57,30.42857142857144
2023-03-21,21.38,3116.89,32560.6,11860.11,4002.87,43.48571428571429
2023-03-22,22.26,3091.71,32030.11,11669.96,3936.97,41.02857142857143
2023-03-23,22.61,3174.36,32105.25,11787.4,3948.72,38.34285714285715
2023-03-24,21.74,3121.26,32237.53,11823.96,3970.99,37.71428571428572
2023-03-27,20.6,3083.57,32432.08,11768.84,3977.53,40.2
2023-03-28,19.97,3057.27,32394.25,11716.08,3971.27,39.6
2023-03-29,19.12,3157.11,32717.6,11926.24,4027.81,41.457142857142856
2023-03-30,19.02,3208.26,32859.03,12013.47,4050.83,45.22857142857144
2023-03-31,18.7,3230.86,33274.15,12221.91,4109.31,49.48571428571429
2023-04-03,18.55,3200.43,33601.15,12189.45,4124.51,61.48571428571428
2023-04-04,19.0,3142.5,33402.38,12126.33,4100.6,50.22857142857144
2023-04-05,19.08,3085.97,33482.72,11996.86,4090.38,52.62857142857143
2023-04-06,18.4,3071.76,33485.29,12087.96,4105.02,55.25714285714286
2023-04-10,18.97,3126.97,33586.52,12084.36,4109.11,57.91428571428572
2023-04-11,19.1,3109.42,33684.79,12031.88,4108.94,58.48571428571428
2023-04-12,19.09,3052.52,33646.5,11929.34,4091.95,60.74285714285714
2023-04-13,17.8,3074.94,34029.69,12166.27,4146.22,63.17142857142856
2023-04-14,17.07,3070.45,33886.47,12123.47,4137.64,65.71428571428571
2023-04-17,16.95,3066.68,33987.18,12157.72,4151.32,67.08571428571429
2023-04-18,16.83,3077.72,33976.63,12153.41,4154.87,65.4857142857143
2023-04-19,16.46,3046.38,33897.01,12157.23,4154.52,67.25714285714287
2023-04-20,17.17,3046.28,33786.62,12059.56,4129.79,64.05714285714285
2023-04-21,16.77,3021.44,33808.96,12072.46,4133.52,63.51428571428572
2023-04-24,16.89,3007.51,33875.4,12037.2,4137.04,63.48571428571429
2023-04-25,18.76,2906.29,33530.83,11799.16,4071.63,57.057142857142864
2023-04-26,18.84,2922.99,33301.87,11854.35,4055.99,52.4
2023-04-27,17.03,2941.59,33826.16,12142.24,4135.35,58.31428571428573
2023-04-28,15.78,2994.97,34098.16,12226.58,4169.48,59.42857142857143
2023-05-01,16.08,3019.09,34051.7,12212.6,4167.87,59.42857142857144
2023-05-02,17.78,2996.86,33684.53,12080.51,4119.58,55.51428571428572
2023-05-03,18.34,2957.37,33414.24,12025.33,4090.75,54.62857142857143
2023-05-04,20.09,2941.63,33127.74,11966.4,4061.22,49.6
2023-05-05,17.19,3007.69,33674.38,12235.41,4136.25,53.885714285714286
2023-05-08,16.98,3024.41,33618.69,12256.92,4138.12,57.142857142857146
2023-05-09,17.71,2967.84,33561.81,12179.55,4119.17,59.57142857142857
2023-05-10,16.94,2997.51,33531.33,12306.44,4137.64,59.971428571428575
2023-05-11,16.93,2978.72,33309.51,12328.51,4130.62,59.057142857142864
2023-05-12,17.03,2972.85,33300.62,12284.74,4124.08,57.34285714285715
2023-05-15,17.12,3052.64,33348.6,12365.21,4136.28,57.25714285714286
2023-05-16,17.99,3048.71,33012.14,12343.05,4109.9,55.28571428571429
2023-05-17,16.87,3124.68,33420.77,12500.57,4158.77,60.25714285714286
2023-05-18,16.05,3223.49,33535.91,12688.84,4198.05,64.91428571428573
2023-05-19,16.81,3203.49,33426.63,12657.9,4191.98,65.45714285714287
2023-05-22,17.21,3215.04,33286.58,12720.78,4192.63,67.85714285714286
2023-05-23,18.53,3177.44,33055.51,12560.25,4145.58,65.8
2023-05-24,20.03,3124.09,32799.92,12484.16,4115.24,61.82857142857143
2023-05-25,19.14,3336.72,32764.65,12698.09,4151.28,62.6857142857143
2023-05-26,17.95,3545.67,33093.34,12975.69,4205.45,65.71428571428571
2023-05-30,17.46,3549.39,33042.78,13017.43,4205.52,66.08571428571429
2023-05-31,17.94,3453.18,32908.27,12935.29,4179.83,64.17142857142858
2023-06-01,15.65,3506.74,33061.57,13100.98,4221.02,68.05714285714286
2023-06-02,14.6,3501.4,33762.76,13240.77,4282.37,75.42857142857143
2023-06-05,14.73,3444.12,33562.86,13229.43,4273.79,69.48571428571428
2023-06-06,13.96,3488.34,33573.28,13276.42,4283.85,73.51428571428572
2023-06-07,13.94,3477.17,33665.02,13104.89,4267.52,74.45714285714287
2023-06-08,13.65,3514.32,33833.61,13238.52,4293.93,75.77142857142857
2023-06-09,13.83,3524.97,33876.78,13259.14,4298.86,76.97142857142856
2023-06-12,15.01,3641.66,34066.33,13461.92,4338.93,78.05714285714286
2023-06-13,14.61,3683.66,34212.12,13573.32,4369.01,79.62857142857145
2023-06-14,13.88,3739.75,33979.33,13626.48,4372.59,79.62857142857142
2023-06-15,14.5,3708.06,34408.06,13782.82,4425.84,80.88571428571429
2023-06-16,13.54,3673.14,34299.12,13689.57,4409.59,81.25714285714287
2023-06-20,13.88,3647.56,34053.87,13667.29,4388.71,80.11428571428571
2023-06-21,13.2,3549.73,33951.52,13502.2,4365.69,80.11428571428573
2023-06-22,12.91,3569.87,33946.71,13630.61,4381.89,80.05714285714285
2023-06-23,13.44,3506.71,33727.43,13492.52,4348.33,75.71428571428571
2023-06-26,14.25,3515.77,33714.71,13335.78,4328.82,73.45714285714287
2023-06-27,13.74,3642.41,33926.74,13555.67,4378.41,75.48571428571428
2023-06-28,13.43,3609.48,33852.66,13591.75,4376.86,76.51428571428573
2023-06-29,13.54,3614.18,34122.42,13591.33,4396.44,79.20000000000002
2023-06-30,13.59,3673.06,34407.6,13787.92,4450.38,79.4857142857143
2023-07-03,13.57,3703.62,34418.47,13816.77,4455.59,82.22857142857143
2023-07-05,14.18,3622.32,34288.64,13791.65,4446.82,79.25714285714287
2023-07-06,15.44,3577.49,33922.26,13679.04,4411.59,77.91428571428573
2023-07-07,14.83,3577.73,33734.88,13660.72,4398.95,77.68571428571428
2023-07-10,15.07,3651.6,33944.4,13685.48,4409.53,76.6857142857143
2023-07-11,14.84,3653.53,34261.42,13760.7,4439.26,78.28571428571429
2023-07-12,13.54,3721.47,34347.43,13918.96,4472.16,78.17142857142858
2023-07-13,13.61,3797.13,34395.14,14138.57,4510.04,79.39999999999999
2023-07-14,13.34,3750.41,34509.03,14113.7,4505.42,79.8
2023-07-17,13.48,3837.31,34585.35,14244.95,4522.79,80.02857142857142
2023-07-18,13.3,3842.35,34951.93,14353.64,4554.98,81.68571428571428
2023-07-19,13.76,3801.66,35061.21,14358.02,4565.72,82.34285714285716
2023-07-20,13.99,3663.85,35225.18,14063.31,4534.87,80.85714285714286
2023-07-21,13.6,3698.85,35227.69,14032.81,4536.34,81.02857142857144
2023-07-24,13.91,3692.32,35411.24,14058.87,4554.64,82.51428571428572
2023-07-25,13.86,3755.27,35438.07,14144.56,4567.46,81.22857142857143
2023-07-26,13.19,3699.37,35520.12,14127.28,4566.75,80.60000000000001
2023-07-27,14.41,3768.27,35282.72,14050.11,4537.41,77.65714285714286
2023-07-28,13.33,3851.76,35459.29,14316.66,4582.23,76.91428571428573
2023-07-31,13.63,3861.63,35559.53,14346.02,4588.96,77.62857142857142
2023-08-01,13.93,3858.21,35630.68,14283.91,4576.73,77.34285714285716
2023-08-02,16.09,3711.6,35282.52,13973.45,4513.39,77.34285714285714
2023-08-03,15.92,3708.08,35215.89,13959.72,4501.89,73.62857142857145
2023-08-04,17.1,3699.2,35065.62,13892.07,4478.03,64.5
2023-08-07,15.77,3739.41,35473.13,13977.12,4518.44,72.05714285714285
2023-08-08,15.99,3679.42,35314.49,13867.19,4499.38,69.2
2023-08-09,15.96,3610.47,35123.36,13705.08,4467.71,67.31428571428572
2023-08-10,15.85,3597.02,35176.15,13721.03,4468.83,66.34285714285714
2023-08-11,14.84,3514.55,35281.4,13644.85,4464.05,65.02857142857144
2023-08-14,14.82,3615.45,35307.63,13788.33,4489.72,66.28571428571429
2023-08-15,16.46,3553.96,34946.39,13631.05,4437.86,54.5
2023-08-16,16.78,3480.08,34765.74,13474.63,4404.33,49.48571428571428
2023-08-17,17.89,3446.35,34474.83,13316.93,4370.36,46.142857142857146
2023-08-18,17.3,3462.74,34500.66,13290.78,4369.71,43.65714285714286
2023-08-21,17.13,3560.74,34463.69,13497.59,4399.77,43.48571428571429
2023-08-22,16.97,3527.69,34288.83,13505.87,4387.55,43.44285714285714
2023-08-23,15.98,3602.01,34472.98,13721.03,4436.01,50.17142857142857
2023-08-24,17.2,3481.3,34099.42,13463.97,4376.31,40.58571428571429
2023-08-25,15.68,3495.65,34346.9,13590.65,4405.71,47.02857142857143
2023-08-28,15.08,3537.87,34559.98,13705.13,4433.31,45.285714285714285
2023-08-29,14.45,3629.57,34852.67,13943.76,4497.63,49.17142857142857
2023-08-30,13.88,3643.92,34890.24,14019.31,4514.87,50.42857142857143
2023-08-31,13.57,3670.93,34721.91,14034.97,4507.66,52.94285714285714
2023-09-01,13.09,3682.84,34837.71,14031.81,4515.77,55.02857142857143
2023-09-05,14.01,3683.79,34641.97,14020.95,4496.83,59.08571428571428
2023-09-06,14.45,3654.46,34443.19,13872.47,4465.48,56.71428571428572
2023-09-07,14.4,3582.11,34500.73,13748.83,4451.14,53.62857142857143
2023-09-08,13.84,3565.99,34576.59,13761.53,4457.49,51.91428571428571
2023-09-11,13.8,3569.23,34663.72,13917.91,4487.46,52.2
2023-09-12,14.23,3541.09,34645.99,13773.63,4461.9,51.40000000000001
2023-09-13,13.48,3560.46,34575.53,13813.59,4467.44,51.40000000000001
2023-09-14,12.82,3584.23,34907.11,13926.05,4505.1,54.42857142857144
2023-09-15,13.79,3476.39,34618.24,13708.33,4450.32,52.02857142857143
2023-09-18,14.0,3492.47,34624.3,13710.24,4453.53,49.48571428571429
2023-09-19,14.11,3459.02,34517.73,13678.19,4443.95,49.94285714285714
2023-09-20,15.14,3398.8,34440.88,13469.13,4402.2,48.285714285714285
2023-09-21,17.54,3338.85,34070.42,13223.98,4330.0,37.15714285714286
2023-09-22,17.2,3365.29,33963.84,13211.81,4320.06,33.15714285714286
2023-09-25,16.9,3389.46,34006.88,13271.32,4337.44,38.42857142857143
2023-09-26,18.94,3329.62,33618.88,13063.61,4273.53,24.22857142857143
2023-09-27,18.22,3361.41,33550.27,13092.85,4274.51,22.82857142857143
2023-09-28,17.34,3420.99,33666.34,13201.28,4299.7,29.0
2023-09-29,17.52,3434.29,33507.5,13219.32,4288.05,28.4
2023-10-02,17.61,3448.85,33433.35,13307.77,4288.39,28.314285714285717
2023-10-03,19.78,3376.58,33002.38,13059.47,4229.45,20.528571428571432
2023-10-04,18.58,3424.92,33129.55,13236.01,4263.75,20.985714285714288
2023-10-05,18.49,3406.98,33119.57,13219.83,4258.19,20.32857142857143
2023-10-06,17.45,3475.21,33407.58,13431.34,4308.5,27.714285714285715
2023-10-09,17.7,3467.35,33604.65,13484.24,4335.66,29.25714285714286
2023-10-10,17.03,3512.07,33739.3,13562.84,4358.24,32.31428571428572
2023-10-11,16.09,3537.82,33804.87,13659.68,4376.95,34.34285714285714
2023-10-12,16.69,3548.62,33631.14,13574.22,4349.61,35.68571428571429
2023-10-13,19.32,3452.97,33670.29,13407.23,4327.78,26.27142857142857
2023-10-16,17.21,3502.51,33984.54,13567.98,4373.63,35.74285714285715
2023-10-17,17.88,3474.66,33997.65,13533.75,4373.2,39.142857142857146
2023-10-18,19.22,3413.45,33665.08,13314.3,4314.6,30.571428571428573
2023-10-19,21.4,3367.77,33414.17,13186.18,4278.0,29.542857142857144
2023-10-20,21.71,3316.14,33127.28,12983.81,4224.16,22.85714285714286
2023-10-23,20.37,3298.54,32936.41,13018.33,4217.04,25.842857142857145
2023-10-24,18.97,3343.94,33141.38,13139.87,4247.68,33.48571428571429
2023-10-25,20.19,3205.84,33035.93,12821.22,4186.77,25.214285714285715
2023-10-26,20.68,3188.42,32784.3,12595.61,4137.23,22.71428571428572
2023-10-27,21.27,3227.09,32417.59,12643.01,4117.37,21.61428571428572
2023-10-30,19.75,3185.18,32928.96,12789.48,4166.82,29.2
2023-10-31,18.14,3215.89,33052.87,12851.24,4193.8,30.142857142857142
2023-11-01,16.87,3290.95,33274.58,13061.47,4237.86,32.17142857142857
2023-11-02,15.66,3368.54,33839.08,13294.19,4317.78,37.68571428571429
2023-11-03,14.91,3454.57,34061.32,13478.28,4358.34,36.114285714285714
2023-11-06,14.89,3444.89,34095.86,13518.78,4365.98,38.91428571428572
2023-11-07,14.81,3471.46,34152.6,13639.86,4378.38,39.62857142857143
2023-11-08,14.45,3472.67,34112.27,13650.41,4382.78,39.771428571428565
2023-11-09,15.29,3452.34,33891.94,13521.45,4347.35,41.0
2023-11-10,14.17,3591.74,34283.1,13798.11,4415.24,41.45714285714286
2023-11-13,14.76,3556.74,34337.87,13767.74,4411.55,39.88571428571429
2023-11-14,14.16,3685.57,34827.7,14094.38,4495.7,46.6
2023-11-15,14.18,3712.09,34991.21,14103.84,4502.88,52.54285714285714
2023-11-16,14.32,3724.1,34945.47,14113.67,4508.24,55.057142857142864
2023-11-17,13.8,3748.65,34947.28,14125.48,4514.02,58.85714285714287
2023-11-20,13.41,3805.8,35151.04,14284.53,4547.38,61.28571428571429
2023-11-21,13.35,3732.79,35088.29,14199.98,4538.19,61.17142857142858
2023-11-22,12.85,3744.96,35273.03,14265.86,4556.62,65.05714285714286
2023-11-24,12.46,3747.92,35390.15,14250.85,4559.34,66.85714285714286
2023-11-27,12.69,3739.31,35333.47,14241.02,4550.43,65.31428571428572
2023-11-28,12.69,3718.35,35416.98,14281.76,4554.89,65.08571428571429
2023-11-29,12.98,3753.36,35430.42,14258.49,4550.58,63.28571428571429
2023-11-30,12.92,3724.58,35950.89,14226.22,4567.8,64.37142857142858
2023-12-01,12.63,3738.27,36245.5,14305.03,4594.63,64.51428571428572
2023-12-04,13.08,3693.44,36204.44,14185.49,4569.78,63.71428571428572
2023-12-05,12.85,3672.4,36124.56,14229.91,4567.18,65.14285714285714
2023-12-06,12.97,3645.82,36054.43,14146.71,4549.34,63.97142857142857
2023-12-07,13.06,3747.54,36117.38,14339.99,4585.59,66.14285714285715
2023-12-08,12.35,3774.17,36247.87,14403.97,4604.37,65.94285714285715
2023-12-11,12.63,3902.38,36404.93,14432.49,4622.44,67.28571428571429
2023-12-12,12.07,3930.18,36577.94,14533.4,4643.7,67.88571428571429
2023-12-13,12.19,3990.95,37090.24,14733.96,4707.09,67.54285714285714
2023-12-14,12.48,4097.47,37248.35,14761.56,4719.55,70.54285714285716
2023-12-15,12.28,4117.0,37305.16,14813.92,4719.19,69.45714285714287
2023-12-18,12.56,4103.79,37306.02,14905.19,4740.56,70.48571428571428
2023-12-19,12.53,4125.56,37557.92,15003.22,4768.37,82.97142857142858
2023-12-20,13.67,4007.66,37082.0,14777.94,4698.35,75.57142857142857
2023-12-21,13.65,4118.59,37404.35,14963.87,4746.75,77.0
2023-12-22,13.03,4132.86,37385.97,14992.97,4754.63,79.74285714285715
2023-12-26,12.99,4207.45,37545.33,15074.57,4774.75,81.94285714285716
2023-12-27,12.43,4214.59,37656.52,15099.18,4781.58,81.17142857142858
2023-12-28,12.47,4208.68,37710.1,15095.14,4783.35,81.25714285714287
2023-12-29,12.45,4175.47,37689.54,15011.35,4769.83,80.71428571428571
2024-01-02,13.2,4023.04,37715.04,14765.94,4742.83,79.71428571428571
2024-01-03,14.04,3941.21,37430.19,14592.21,4704.81,76.71428571428571
2024-01-04,14.13,3908.85,37440.34,14510.3,4688.68,78.68571428571428
2024-01-05,13.35,3933.49,37466.11,14524.07,4697.24,75.77142857142859
2024-01-08,13.08,4062.48,37683.01,14843.77,4763.54,76.17142857142856
2024-01-09,12.76,4064.65,37525.16,14857.71,4756.5,75.68571428571428
2024-01-10,12.69,4048.84,37695.73,14969.65,4783.45,76.37142857142858
2024-01-11,12.44,4067.9,37711.02,14970.19,4780.24,74.65714285714286
2024-01-12,12.7,4052.42,37592.98,14972.76,4783.83,73.08571428571429
2024-01-16,13.84,4105.94,37361.12,14944.35,4765.98,72.28571428571429
2024-01-17,14.79,4069.94,37266.67,14855.62,4739.21,57.21428571428572
2024-01-18,14.13,4206.52,37468.61,15055.65,4780.94,66.45714285714286
2024-01-19,13.3,4375.65,37863.8,15310.97,4839.81,72.82857142857144
2024-01-22,13.19,4386.6,38001.81,15360.29,4850.43,72.85714285714286
2024-01-23,12.55,4415.26,37905.45,15425.94,4864.6,70.25714285714287
2024-01-24,13.14,4483.33,37806.39,15481.92,4868.55,72.48571428571428
2024-01-25,13.45,4472.26,38049.13,15510.5,4894.16,73.22857142857143
2024-01-26,13.26,4342.1,38109.43,15455.36,4890.97,73.79999999999998
2024-01-29,13.6,4388.28,38333.45,15628.04,4927.93,74.11428571428573
2024-01-30,13.31,4319.99,38467.31,15509.9,4924.97,74.22857142857143
2024-01-31,14.35,4260.92,38150.3,15164.01,4845.65,64.11428571428573
2024-02-01,13.88,4280.48,38519.84,15361.64,4906.19,72.34285714285714
2024-02-02,13.85,4336.73,38654.42,15628.95,4958.61,74.60000000000001
2024-02-05,13.67,4388.1,38380.12,15597.68,4942.81,73.31428571428572
2024-02-06,13.06,4338.27,38521.36,15609.0,4954.23,73.20000000000002
2024-02-07,12.83,4408.73,38677.36,15756.64,4995.06,73.77142857142857
2024-02-08,12.79,4478.01,38726.33,15793.71,4997.91,74.60000000000001
2024-02-09,12.93,4567.3,38671.69,15990.66,5026.61,75.42857142857143
2024-02-12,13.93,4560.04,38797.38,15942.55,5021.84,75.82857142857144
2024-02-13,15.85,4468.18,38272.75,15655.6,4953.17,66.74285714285715
2024-02-14,14.38,4565.41,38424.27,15859.15,5000.62,67.51428571428572
2024-02-15,14.01,4558.1,38773.12,15906.17,5029.73,73.85714285714286
2024-02-16,14.24,4527.68,38627.99,15775.65,5005.57,73.48571428571428
2024-02-20,15.42,4456.87,38563.8,15630.78,4975.51,63.74285714285715
2024-02-21,15.34,4446.36,38612.24,15580.87,4981.8,63.7
2024-02-22,14.54,4667.37,39069.11,16041.62,5087.03,73.94285714285715
2024-02-23,13.75,4615.03,39131.53,15996.82,5088.8,73.34285714285714
2024-02-26,13.74,4663.47,39069.23,15976.25,5069.53,71.91428571428573
2024-02-27,13.43,4654.89,38972.41,16035.3,5078.18,75.77142857142859
2024-02-28,13.84,4602.6,38949.02,15947.74,5069.76,76.77142857142859
2024-02-29,13.4,4726.92,38996.39,16091.92,5096.27,77.45714285714287
2024-03-01,13.11,4929.58,39087.38,16274.94,5137.08,76.82857142857142
2024-03-04,13.49,4981.97,38989.83,16207.51,5130.95,79.22857142857143
2024-03-05,14.46,4879.83,38585.19,15939.59,5078.65,76.11428571428571
2024-03-06,14.5,4997.93,38661.05,16031.54,5104.76,72.54285714285714
2024-03-07,14.44,5165.83,38791.35,16273.38,5157.36,73.85714285714286
2024-03-08,14.74,4957.78,38722.69,16085.11,5123.69,70.02857142857144
2024-03-11,15.22,4890.2,38769.66,16019.27,5117.94,62.771428571428565
2024-03-12,13.84,4992.51,39005.49,16265.64,5175.27,72.2
2024-03-13,13.75,4868.95,39043.32,16177.77,5165.31,71.77142857142857
2024-03-14,14.4,4783.65,38905.66,16128.53,5150.48,70.4
2024-03-15,14.41,4757.71,38714.77,15973.17,5117.09,68.62857142857143
2024-03-18,14.33,4757.6,38790.43,16103.45,5149.42,70.74285714285715
2024-03-19,13.82,4712.81,39110.76,16166.79,5178.51,70.85714285714286
2024-03-20,13.04,4788.18,39512.13,16369.41,5224.62,69.62857142857145
2024-03-21,12.92,4897.87,39781.37,16401.84,5241.53,71.37142857142858
2024-03-22,13.06,4908.26,39475.9,16428.82,5234.18,69.51428571428572
2024-03-25,13.19,4891.49,39313.64,16384.47,5218.19,67.42857142857143
2024-03-26,13.24,4851.88,39282.33,16315.7,5203.58,67.91428571428573
2024-03-27,12.78,4899.95,39760.08,16399.52,5248.49,69.77142857142859
2024-03-28,13.01,4905.21,39807.37,16379.46,5254.35,68.77142857142857
2024-04-01,13.65,4962.1,39566.85,16396.83,5243.77,71.25714285714287
2024-04-02,14.61,4886.94,39170.24,16240.45,5205.81,71.14285714285715
2024-04-03,14.33,4903.5,39127.14,16277.46,5211.49,69.4
2024-04-04,16.35,4756.07,38596.98,16049.08,5147.21,53.8
2024-04-05,16.03,4819.13,38904.04,16248.52,5204.34,58.10000000000001
2024-04-08,15.19,4825.39,38892.8,16253.96,5202.39,64.02857142857144
2024-04-09,14.98,4870.81,38883.67,16306.64,5209.91,59.62857142857144
2024-04-10,15.8,4790.35,38461.51,16170.36,5160.64,49.67142857142858
2024-04-11,14.91,4906.37,38459.08,16442.2,5199.06,56.65714285714286
2024-04-12,17.31,4745.05,37983.24,16175.09,5123.41,45.01428571428572
2024-04-15,19.23,4679.1,37735.11,15885.02,5061.82,38.4
2024-04-16,18.4,4720.53,37798.97,15865.25,5051.41,35.11428571428572
2024-04-17,18.21,4567.31,37753.31,15683.37,5022.21,31.157142857142865
2024-04-18,18.0,4491.71,37775.38,15601.5,5011.12,30.40000000000001
2024-04-19,18.71,4306.87,37986.4,15282.01,4967.23,27.67142857142857
2024-04-22,16.94,4381.92,38239.98,15451.31,5010.6,34.17142857142857
2024-04-23,15.69,4478.8,38503.69,15696.64,5070.55,36.57142857142857
2024-04-24,15.97,4526.2,38460.92,15712.75,5071.63,37.48571428571429
2024-04-25,15.37,4615.04,38085.8,15611.76,5048.42,39.08571428571429
2024-04-26,15.03,4735.29,38239.66,15927.9,5099.96,40.51428571428572
2024-04-29,14.67,4765.79,38386.09,15983.08,5116.17,42.42857142857143
2024-04-30,15.65,4673.3,37815.92,15657.82,5035.69,40.54285714285714
2024-05-01,15.39,4507.68,37903.29,15605.48,5018.39,40.51428571428572
2024-05-02,14.68,4605.35,38225.66,15840.96,5064.2,42.22857142857144
2024-05-03,13.49,4716.19,38675.68,16156.33,5127.79,43.25714285714286
2024-05-06,13.49,4820.45,38852.27,16349.25,5180.74,39.0
2024-05-07,13.23,4784.88,38884.26,16332.56,5187.7,37.17142857142858
2024-05-08,13.0,4790.38,39056.39,16302.76,5187.67,38.17142857142857
2024-05-09,12.69,4759.77,39387.76,16346.26,5214.08,42.22857142857144
2024-05-10,12.55,4808.03,39512.84,16340.87,5222.68,46.02857142857143
2024-05-13,13.6,4823.09,39431.51,16388.24,5221.42,48.114285714285714
2024-05-14,13.42,4903.93,39558.11,16511.18,5246.68,55.285714285714285
2024-05-15,12.45,5045.08,39908.0,16742.39,5308.15,59.371428571428574
2024-05-16,12.42,5017.54,39869.38,16698.32,5297.1,62.31428571428573
2024-05-17,11.99,4983.02,40003.59,16685.97,5303.27,62.8
2024-05-20,12.15,5090.35,39806.77,16794.87,5308.13,60.42857142857143
2024-05-21,11.86,5074.4,39872.99,16832.62,5321.41,59.42857142857143
2024-05-22,12.29,5126.81,39671.04,16801.54,5307.01,58.51428571428572
2024-05-23,12.77,5125.98,39065.26,16736.03,5267.84,52.37142857142857
2024-05-24,11.93,5220.91,39069.59,16920.79,5304.72,51.74285714285714
2024-05-28,12.92,5317.87,38852.86,17019.88,5306.04,54.68571428571428
2024-05-29,14.28,5219.32,38441.54,16920.58,5266.95,49.971428571428575
2024-05-30,14.47,5173.26,38111.48,16737.08,5235.48,45.08571428571429
2024-05-31,12.92,5123.36,38686.32,16735.02,5277.51,48.42857142857144
2024-06-03,13.11,5152.51,38571.03,16828.67,5283.4,45.48571428571429
2024-06-04,13.16,5116.26,38711.29,16857.05,5291.34,47.62857142857143
2024-06-05,12.63,5347.44,38807.33,17187.9,5354.03,51.142857142857146
2024-06-06,12.58,5301.68,38886.17,17173.12,5352.96,45.31428571428571
2024-06-07,12.22,5287.24,38798.99,17133.13,5346.99,43.4
2024-06-10,12.74,5362.4,38868.04,17192.53,5360.79,44.74285714285715
2024-06-11,12.85,5365.38,38747.42,17343.55,5375.32,44.4
2024-06-12,12.04,5520.87,38712.21,17608.44,5421.03,46.57142857142857
2024-06-13,11.94,5602.42,38647.1,17667.56,5433.74,44.57142857142858
2024-06-14,12.66,5598.31,38589.16,17688.88,5431.6,41.11428571428572
2024-06-17,12.75,5688.1,38778.1,17857.02,5473.23,43.285714285714285
2024-06-18,12.3,5765.12,38834.86,17862.23,5487.03,41.28571428571429
2024-06-20,13.28,5610.01,39134.76,17721.59,5473.17,38.71428571428572
2024-06-21,13.2,5538.54,39150.33,17689.36,5464.62,39.05714285714286
2024-06-24,13.33,5371.52,39411.21,17496.82,5447.87,37.77142857142858
2024-06-25,12.84,5467.66,39112.16,17717.65,5469.3,37.285714285714285
2024-06-26,12.55,5452.32,39127.8,17805.16,5477.9,40.88571428571429
2024-06-27,12.24,5421.09,39164.06,17858.68,5482.87,45.51428571428571
2024-06-28,12.44,5472.26,39118.86,17732.6,5460.48,44.31428571428571
2024-07-01,12.22,5477.15,39169.52,17879.3,5475.09,47.94285714285714
2024-07-02,12.03,5544.99,39331.85,18028.76,5509.01,49.74285714285714
2024-07-03,12.09,5651.72,39308.0,18188.3,5537.02,48.371428571428574
2024-07-05,12.48,5656.31,39375.87,18352.76,5567.19,49.71428571428572
2024-07-08,12.37,5765.21,39344.79,18403.74,5572.85,51.057142857142864
2024-07-09,12.51,5765.2,39291.97,18429.29,5576.98,50.57142857142856
2024-07-10,12.85,5904.54,39721.36,18647.45,5633.91,54.60000000000001
2024-07-11,12.92,5699.66,39753.75,18283.41,5584.54,49.4
2024-07-12,12.46,5775.19,40000.9,18398.45,5615.35,54.371428571428574
2024-07-15,13.12,5777.71,40211.72,18472.57,5631.22,57.74285714285715
2024-07-16,13.19,5804.03,40954.48,18509.34,5667.2,57.02857142857143
2024-07-17,14.48,5408.71,41198.08,17996.92,5588.27,46.114285714285714
2024-07-18,15.93,5436.42,40665.02,17871.22,5544.59,45.94285714285714
2024-07-19,16.52,5267.16,40287.53,17726.94,5505.0,43.0
2024-07-22,14.91,5477.83,40415.44,18007.57,5564.41,48.42857142857144
2024-07-23,14.72,5397.9,40358.09,17997.35,5555.74,46.85714285714285
2024-07-24,18.04,5105.65,39853.87,17342.41,5427.13,38.614285714285714
2024-07-25,18.46,5005.36,39935.07,17181.72,5399.22,39.07142857142857
2024-07-26,16.39,5103.13,40589.34,17357.88,5459.1,42.54285714285714
2024-07-29,16.6,5087.62,40539.93,17370.2,5463.54,42.07142857142857
2024-07-30,17.69,4890.15,40743.33,17147.42,5436.44,40.8
2024-07-31,16.36,5233.18,40842.79,17599.4,5522.3,46.885714285714286
2024-08-01,18.59,4859.59,40347.97,17194.15,5446.68,42.68571428571429
2024-08-02,23.39,4607.76,39737.26,16776.16,5346.56,41.385714285714286
2024-08-05,38.57,4519.45,38703.27,16200.08,5186.33,33.05714285714286
2024-08-06,27.71,4567.57,38997.66,16366.85,5240.03,19.014285714285712
2024-08-07,27.85,4426.27,38763.45,16195.81,5199.5,16.557142857142857
2024-08-08,23.79,4730.01,39446.49,16660.02,5319.31,17.65714285714286
2024-08-09,20.37,4709.45,39497.54,16745.3,5344.16,24.085714285714285
2024-08-12,20.71,4743.82,39357.01,16780.61,5344.39,23.8
2024-08-13,18.12,4942.31,39765.64,17187.61,5434.43,25.514285714285712
2024-08-14,16.19,4933.35,40008.39,17192.6,5455.21,26.42857142857144
2024-08-15,15.23,5173.38,40563.06,17594.5,5543.22,32.37142857142857
2024-08-16,14.8,5170.25,40659.76,17631.72,5554.25,33.74285714285715
2024-08-19,14.65,5266.57,40896.53,17876.77,5608.25,39.88571428571429
2024-08-20,15.88,5196.3,40834.97,17816.94,5597.12,44.68571428571429
2024-08-21,16.27,5267.93,40890.49,17918.99,5620.85,50.22857142857144
2024-08-22,17.55,5086.9,40712.78,17619.35,5570.64,46.77142857142858
2024-08-23,15.86,5228.65,41175.08,17877.79,5634.61,51.57142857142857
2024-08-26,16.15,5097.35,41240.52,17725.76,5616.84,52.94285714285714
2024-08-27,15.43,5153.63,41250.5,17754.82,5625.8,52.28571428571429
2024-08-28,17.11,5059.56,41091.42,17556.03,5592.18,51.08571428571429
2024-08-29,15.65,5029.25,41335.05,17516.43,5591.96,56.057142857142864
2024-08-30,15.0,5158.82,41563.08,17713.62,5648.4,60.31428571428573
2024-09-03,20.72,4759.0,40936.93,17136.3,5528.93,56.34285714285714
2024-09-04,21.32,4770.85,40974.97,17084.3,5520.07,56.62857142857143
2024-09-05,19.9,4742.42,40755.75,17127.66,5503.41,50.62857142857143
2024-09-06,22.38,4528.21,40345.41,16690.83,5408.42,39.34285714285715
2024-09-09,19.45,4625.78,40829.59,16884.6,5471.05,41.971428571428575
2024-09-10,19.08,4680.67,40736.96,17025.88,5495.52,39.6857142857143
2024-09-11,17.69,4910.17,40861.71,17395.53,5554.13,43.08571428571429
2024-09-12,17.07,4898.44,41096.77,17569.68,5595.76,42.97142857142857
2024-09-13,16.56,4980.49,41393.78,17683.98,5626.02,48.62857142857143
2024-09-16,17.14,4910.44,41622.08,17592.13,5633.09,50.31428571428571
2024-09-17,17.61,4912.1,41606.18,17628.06,5634.58,54.62857142857143
2024-09-18,18.23,4859.29,41503.1,17573.3,5618.26,55.17142857142858
2024-09-19,16.33,5066.65,42025.19,18013.98,5713.64,63.80000000000001
2024-09-20,16.15,5000.06,42063.36,17948.32,5702.55,61.2
2024-09-23,15.89,5025.81,42124.65,17974.27,5718.57,63.85714285714287
2024-09-24,15.39,5091.78,42208.22,18074.52,5732.93,66.42857142857143
2024-09-25,15.41,5132.52,41914.75,18082.21,5722.26,65.74285714285715
2024-09-26,15.37,5310.5,42175.11,18190.29,5745.37,70.74285714285713
2024-09-27,16.96,5217.23,42313.0,18119.59,5738.17,67.31428571428572
2024-09-30,16.73,5173.06,42330.15,18189.17,5762.48,73.6857142857143
2024-10-01,19.26,5024.94,42156.97,17910.36,5708.75,70.31428571428572
2024-10-02,18.9,5099.2,42196.52,17925.12,5709.54,70.57142857142857
2024-10-03,20.49,5125.21,42011.59,17918.48,5699.94,69.42857142857143
2024-10-04,19.21,5206.84,42352.75,18137.85,5751.07,71.4
2024-10-07,22.64,5196.8,41954.24,17923.9,5695.94,70.82857142857144
2024-10-08,21.42,5266.1,42080.37,18182.92,5751.13,71.17142857142856
2024-10-09,20.86,5321.9,42512.0,18291.62,5792.04,71.14285714285715
2024-10-10,20.93,5293.94,42454.12,18282.05,5780.05,70.28571428571429
2024-10-11,20.46,5335.94,42863.86,18342.94,5815.03,71.65714285714286
2024-10-14,19.7,5432.21,43065.22,18502.69,5859.85,74.22857142857143
2024-10-15,20.64,5145.21,42740.42,18315.59,5815.26,71.14285714285715
2024-10-16,19.58,5155.86,43077.7,18367.08,5842.47,69.02857142857142
2024-10-17,19.11,5204.81,43239.05,18373.61,5841.47,68.57142857142857
2024-10-18,18.03,5208.62,43275.91,18489.55,5864.67,72.42857142857143
2024-10-21,18.37,5215.21,42931.6,18540.0,5853.98,69.8
2024-10-22,18.2,5190.71,42924.89,18573.13,5851.2,70.37142857142858
2024-10-23,19.24,5131.37,42514.95,18276.65,5797.42,63.2
2024-10-24,19.08,5157.61,42374.36,18415.49,5809.86,62.94285714285714
2024-10-25,20.33,5212.83,42114.4,18518.61,5808.12,58.74285714285715
2024-10-28,19.8,5211.67,42387.57,18567.19,5823.52,60.85714285714287
2024-10-29,19.34,5332.17,42233.05,18712.75,5832.92,60.057142857142864
2024-10-30,20.35,5153.49,42141.54,18607.93,5813.67,57.2
2024-10-31,23.16,4946.75,41763.46,18095.15,5705.45,40.45714285714286
2024-11-01,21.88,5001.42,42052.19,18239.92,5728.8,50.48571428571429
2024-11-04,21.98,4973.99,41794.6,18179.98,5712.69,42.42857142857143
2024-11-05,20.49,5057.83,42221.88,18439.17,5782.76,43.54285714285715
2024-11-06,16.27,5215.57,43729.93,18983.47,5929.04,44.0
2024-11-07,15.2,5333.99,43729.34,19269.46,5973.1,59.05714285714286
2024-11-08,14.94,5290.52,43988.99,19286.78,5995.54,59.42857142857144
2024-11-11,14.97,5156.39,44293.13,19298.76,6001.35,66.6
2024-11-12,14.71,5108.64,43910.98,19281.4,5983.99,66.71428571428571
2024-11-13,14.02,5006.29,43958.19,19230.73,5985.38,66.31428571428572
2024-11-14,14.31,5004.59,43750.86,19107.65,5949.17,60.31428571428573
2024-11-15,16.14,4833.59,43444.99,18680.12,5870.62,51.2
2024-11-18,15.58,4888.77,43389.6,18791.81,5893.62,50.285714285714285
2024-11-19,16.35,4919.16,43268.94,18987.47,5916.98,49.51428571428572
2024-11-20,17.16,4884.25,43408.47,18966.14,5917.11,49.51428571428572
2024-11-21,16.87,4963.05,43870.35,18972.42,5948.71,56.60000000000001
2024-11-22,15.24,4955.8,44296.51,19003.65,5969.34,60.71428571428572
2024-11-25,14.6,4987.92,44736.57,19054.84,5987.37,62.88571428571429
2024-11-26,14.1,4927.56,44860.31,19175.58,6021.63,65.91428571428573
2024-11-27,14.1,4853.01,44722.06,19060.48,5998.74,64.4
2024-11-29,13.51,4926.56,44910.65,19218.17,6032.38,65.0
2024-12-02,13.34,5055.32,44782.0,19403.95,6047.15,65.31428571428572
2024-12-03,13.3,5035.86,44705.53,19480.91,6049.88,59.57142857142858
2024-12-04,13.45,5121.78,45014.04,19735.12,6086.49,57.48571428571429
2024-12-05,13.54,5026.37,44765.71,19700.72,6075.11,54.91428571428572
2024-12-06,12.77,5061.3,44642.52,19859.77,6090.27,52.142857142857146
2024-12-09,14.19,5018.84,44401.93,19736.69,6052.85,49.25714285714287
2024-12-10,14.18,4894.7,44247.83,19687.24,6034.91,46.971428571428575
2024-12-11,13.58,5027.8,44148.56,20034.89,6084.19,49.2
2024-12-12,13.92,4982.19,43914.12,19902.84,6051.25,47.114285714285714
2024-12-13,13.81,5149.78,43828.06,19926.72,6051.09,49.114285714285714
2024-12-16,14.69,5256.06,43717.48,20173.89,6074.08,56.057142857142864
2024-12-17,15.87,5169.79,43449.9,20109.06,6050.61,51.4
2024-12-18,27.62,4970.98,42326.87,19392.69,5872.16,33.12857142857143
2024-12-19,24.09,4893.47,42342.24,19372.77,5867.08,19.51428571428572
2024-12-20,18.36,4964.91,42840.26,19572.6,5930.85,27.600000000000005
2024-12-23,16.78,5118.75,42906.95,19764.89,5974.07,30.142857142857142
2024-12-24,14.27,5173.56,43297.03,20031.13,6040.04,34.51428571428571
2024-12-26,14.73,5175.31,43325.8,20020.36,6037.59,34.17142857142857
2024-12-27,15.95,5122.97,42992.21,19722.03,5970.84,33.82857142857143
2024-12-30,17.4,5026.51,42573.73,19486.78,5906.94,28.6
2024-12-31,17.35,4979.93,42544.22,19310.79,5881.63,26.314285714285717
2025-01-02,17.93,5021.5,42392.27,19280.79,5868.55,24.31428571428572
2025-01-03,16.13,5163.65,42732.13,19621.68,5942.47,28.885714285714283
2025-01-06,16.04,5310.14,42706.56,19864.98,5975.38,33.77142857142857
2025-01-07,17.82,5212.24,42528.36,19489.68,5909.03,34.31428571428572
2025-01-08,17.7,5162.35,42635.2,19478.88,5918.25,31.91428571428572
2025-01-10,19.54,5037.47,41938.45,19161.63,5827.04,25.62857142857143
2025-01-13,19.19,5020.04,42297.12,19088.1,5836.22,25.34285714285715
2025-01-14,18.71,5045.95,42518.28,19044.39,5842.91,25.142857142857142
2025-01-15,16.12,5153.67,43221.55,19511.23,5949.91,27.428571428571427
2025-01-16,16.6,5162.96,43153.13,19338.29,5937.34,27.342857142857145
2025-01-17,15.97,5309.74,43487.83,19630.2,5996.66,36.02857142857143
2025-01-21,15.06,5378.49,44025.81,19756.78,6049.24,39.91428571428572
2025-01-22,15.1,5469.29,44156.73,20009.34,6086.37,41.62857142857143
2025-01-23,15.02,5444.69,44565.07,20053.68,6118.71,43.68571428571429
2025-01-24,14.85,5341.94,44424.25,19954.3,6101.24,45.8
2025-01-27,17.9,4853.24,44713.58,19341.83,6012.28,37.971428571428575
2025-01-28,16.41,4907.03,44850.35,19733.59,6067.7,40.62857142857143
2025-01-29,16.56,4918.1,44713.52,19632.32,6039.31,42.4
2025-01-30,15.84,5030.53,44882.13,19681.75,6071.17,45.91428571428571
2025-01-31,16.43,5015.85,44544.66,19627.44,6040.53,43.771428571428565
2025-02-03,18.62,4924.81,44421.91,19391.96,5994.57,37.4
2025-02-04,17.21,4976.59,44556.04,19654.02,6037.88,37.142857142857146
2025-02-05,15.77,5091.5,44873.28,19692.33,6061.48,38.62857142857143
2025-02-06,15.5,5092.59,44747.63,19791.99,6083.57,39.68571428571429
2025-02-07,16.54,5009.34,44303.4,19523.4,6025.99,38.371428571428574
2025-02-10,15.81,5082.67,44470.41,19714.27,6066.44,44.71428571428572
2025-02-11,16.02,5079.97,44593.65,19643.86,6068.5,45.4
2025-02-12,15.89,5090.79,44368.56,19649.95,6051.97,41.371428571428574
2025-02-13,15.1,5156.39,44711.43,19945.64,6115.07,46.60000000000001
2025-02-14,14.77,5160.94,44546.08,20026.77,6114.63,43.68571428571429
2025-02-18,15.35,5247.85,44556.34,20041.26,6129.58,46.8
2025-02-19,15.27,5309.69,44627.59,20056.25,6144.15,47.62857142857143
2025-02-20,15.66,5310.63,44176.65,19962.36,6117.52,44.22857142857144
2025-02-21,18.21,5136.59,43428.02,19524.01,6013.13,36.971428571428575
2025-02-24,18.98,5003.54,43461.21,19286.92,5983.25,29.542857142857144
2025-02-25,19.43,4888.88,43621.16,19026.39,5955.25,24.2
2025-02-26,19.1,4990.82,43433.12,19075.26,5956.06,21.25714285714286
2025-02-27,21.13,4686.75,43239.5,18544.42,5861.57,12.757142857142858
2025-02-28,19.63,4766.75,43840.91,18847.28,5954.5,20.65714285714285
2025-03-03,22.78,4575.37,43191.24,18350.19,5849.72,12.342857142857143
2025-03-04,23.51,4604.51,42520.99,18285.16,5778.15,11.042857142857144
2025-03-05,21.93,4700.79,43006.59,18552.73,5842.63,11.514285714285714
2025-03-06,24.87,4487.85,42579.08,18069.26,5738.52,17.2
2025-03-07,23.37,4629.59,42801.72,18196.22,5770.2,17.642857142857146
2025-03-10,27.86,4405.09,41911.71,17468.32,5614.56,17.071428571428573
2025-03-11,26.92,4374.07,41433.48,17436.1,5572.07,15.114285714285716
2025-03-12,24.23,4481.02,41350.93,17648.45,5599.3,15.914285714285716
2025-03-13,24.66,4453.24,40813.57,17303.01,5521.52,15.185714285714289
2025-03-14,21.77,4598.79,41488.19,17754.09,5638.94,22.057142857142857
2025-03-17,20.51,4663.97,41841.63,17808.66,5675.12,22.571428571428573
2025-03-18,21.7,4589.03,41581.31,17504.12,5614.66,22.228571428571428
2025-03-19,19.9,4634.53,41964.63,17750.79,5675.29,21.6
2025-03-20,19.8,4601.37,41953.32,17691.63,5662.89,21.685714285714287
2025-03-21,19.28,4557.95,41985.35,17784.05,5667.56,22.685714285714287
2025-03-24,17.48,4694.22,42583.32,18188.59,5767.57,25.4
2025-03-25,17.15,4661.34,42587.5,18271.86,5776.65,29.285714285714285
2025-03-26,18.33,4508.74,42454.79,17899.01,5712.2,28.88571428571429
2025-03-27,18.69,4415.25,42299.7,17804.03,5693.31,28.342857142857145
2025-03-28,21.65,4284.91,41583.9,17322.99,5580.94,26.371428571428577
2025-03-31,22.28,4270.43,42001.76,17299.29,5611.85,21.11428571428572
2025-04-01,21.77,4282.46,41989.96,17449.89,5633.07,19.571428571428573
2025-04-02,21.51,4320.75,42225.32,17601.05,5670.97,22.6
2025-04-03,30.02,3893.69,40545.93,16550.61,5396.52,12.142857142857142
2025-04-04,45.31,3597.66,38314.86,15587.79,5074.08,5.385714285714286
2025-04-07,46.98,3694.95,37965.6,15603.26,5062.25,4.0
2025-04-08,52.33,3562.94,37645.59,15267.91,4982.77,2.9
2025-04-09,33.62,4230.45,40608.45,17124.97,5456.9,9.5
2025-04-10,40.72,3893.3,39593.66,16387.31,5268.05,5.614285714285715
2025-04-11,37.56,3990.9,40212.71,16724.46,5363.36,8.385714285714286
2025-04-14,30.89,4003.22,40524.79,16831.48,5405.97,12.342857142857143
2025-04-15,30.12,4021.89,40368.96,16823.17,5396.63,13.114285714285716
2025-04-16,32.64,3857.17,39669.39,16307.16,5275.7,11.142857142857142
2025-04-17,29.65,3832.47,39142.23,16286.45,5282.7,16.057142857142857
2025-04-21,33.82,3751.91,38170.41,15870.9,5158.2,12.371428571428572
2025-04-22,30.57,3832.05,39186.98,16300.42,5287.76,13.600000000000003
2025-04-23,28.45,3983.92,39606.57,16708.05,5375.86,21.542857142857144
2025-04-24,26.47,4208.19,40093.4,17166.04,5484.77,24.08571428571429
2025-04-25,24.84,4251.61,40113.5,17382.94,5525.21,34.51428571428572
2025-04-28,25.15,4235.62,40227.59,17366.13,5528.75,32.142857142857146
2025-04-29,24.17,4196.75,40527.62,17461.32,5560.83,32.74285714285714
2025-04-30,24.7,4230.08,40669.36,17446.34,5569.06,32.371428571428574
2025-05-01,24.6,4247.66,40752.96,17710.74,5604.14,41.25714285714287
2025-05-02,22.68,4397.05,41317.43,17977.73,5686.67,38.28571428571429
2025-05-05,23.64,4356.18,41218.83,17844.24,5650.38,53.057142857142864
2025-05-06,24.76,4311.19,40829.0,17689.66,5606.91,54.65714285714286
2025-05-07,23.55,4386.36,41113.97,17738.16,5631.28,54.142857142857146
2025-05-08,22.48,4430.44,41368.45,17928.14,5663.94,57.65714285714286
2025-05-09,21.9,4466.5,41249.38,17928.92,5659.91,60.02857142857143
2025-05-12,18.39,4780.93,42410.1,18708.34,5844.19,64.4857142857143
2025-05-13,18.22,4931.36,42140.43,19010.08,5886.55,68.2
2025-05-14,18.62,4960.74,42051.06,19146.81,5892.58,70.4
2025-05-15,17.83,4932.45,42322.75,19112.32,5916.93,69.14285714285714
2025-05-16,17.24,4922.19,42654.74,19211.1,5958.38,70.60000000000001
2025-05-19,18.14,4897.71,42792.07,19215.46,5963.6,69.74285714285715
2025-05-20,18.09,4890.78,42677.24,19142.71,5940.46,69.17142857142858
2025-05-21,20.87,4802.71,41860.44,18872.64,5844.61,66.22857142857143
2025-05-22,20.28,4775.47,41859.09,18925.73,5842.01,66.8
2025-05-23,22.29,4702.38,41603.07,18737.21,5802.82,64.08571428571429
2025-05-27,18.96,4861.09,42343.65,19199.16,5921.54,65.74285714285715
2025-05-28,19.31,4834.42,42098.7,19100.94,5888.55,64.74285714285715
2025-05-29,19.18,4860.48,42215.73,19175.87,5912.17,64.45714285714287
2025-05-30,18.57,4758.06,42270.07,19113.77,5911.69,61.91428571428571
2025-06-02,18.36,4832.78,42305.48,19242.61,5935.94,62.42857142857144
2025-06-03,17.69,4964.4,42519.64,19398.96,5970.37,54.57142857142857
2025-06-04,17.61,5033.35,42427.74,19460.49,5970.81,54.88571428571429
2025-06-05,18.48,5010.92,42319.74,19298.45,5939.3,57.97142857142858
2025-06-06,16.77,5038.06,42762.87,19529.95,6000.36,61.77142857142858
2025-06-09,17.16,5136.66,42761.76,19591.24,6005.88,63.42857142857143
2025-06-10,16.95,5242.5,42866.87,19714.99,6038.81,64.0
2025-06-11,17.26,5232.53,42865.77,19615.88,6022.24,64.2
2025-06-12,18.02,5249.15,42967.62,19662.48,6045.26,64.6
2025-06-13,20.82,5112.24,42197.79,19406.83,5976.97,59.54285714285715
2025-06-16,19.11,5267.3,42515.09,19701.21,6033.11,61.114285714285714
2025-06-17,21.6,5223.65,42215.8,19521.09,5982.72,57.42857142857144
2025-06-18,20.14,5251.02,42171.66,19546.27,5980.87,54.285714285714285
2025-06-20,20.62,5211.48,42206.82,19447.41,5967.84,54.51428571428573
2025-06-23,19.83,5244.3,42581.78,19630.97,6025.17,56.60000000000001
2025-06-24,17.48,5441.87,43089.02,19912.53,6092.18,57.885714285714286
2025-06-25,16.76,5493.3,42982.43,19973.55,6092.16,59.25714285714286
2025-06-26,16.59,5541.46,43386.84,20167.91,6141.02,63.00000000000001
2025-06-27,16.32,5544.99,43819.27,20273.46,6173.07,64.8
2025-06-30,16.73,5546.54,44094.77,20369.73,6204.95,69.22857142857143
2025-07-01,16.83,5507.5,44494.94,20202.89,6198.01,67.54285714285714
2025-07-02,16.64,5611.05,44484.42,20393.13,6227.42,63.71428571428572
2025-07-03,16.38,5647.12,44828.53,20601.1,6279.35,77.62857142857145
2025-07-07,17.79,5541.2,44406.36,20412.52,6229.98,75.08571428571429
2025-07-08,16.81,5641.22,44240.76,20418.46,6225.52,74.62857142857142
2025-07-09,15.94,5665.99,44458.3,20611.34,6263.26,75.91428571428571
2025-07-10,15.78,5708.28,44650.64,20630.66,6280.46,76.97142857142856
2025-07-11,16.4,5696.29,44371.51,20585.53,6259.75,75.25714285714285
2025-07-14,17.2,5646.72,44459.65,20640.33,6268.56,76.11428571428573
2025-07-15,17.38,5718.61,44023.29,20677.8,6243.76,73.4857142857143
2025-07-16,17.16,5696.21,44254.78,20730.49,6263.7,72.94285714285715
2025-07-17,16.52,5737.64,44484.49,20885.65,6297.36,74.17142857142858
2025-07-18,16.41,5732.62,44342.19,20895.66,6296.79,73.94285714285715
2025-07-21,16.65,5739.42,44323.07,20974.17,6305.6,73.28571428571429
2025-07-22,16.5,5638.71,44502.44,20892.68,6309.62,73.88571428571429
2025-07-23,15.37,5637.79,45010.29,21020.02,6358.91,76.3714285714286
2025-07-24,15.39,5644.37,44693.91,21057.96,6363.35,75.25714285714287
2025-07-25,14.93,5645.86,44901.92,21108.32,6388.64,74.65714285714286
2025-07-28,15.03,5737.1,44837.56,21178.58,6389.77,73.8
2025-07-29,15.98,5739.79,44632.99,21098.29,6370.86,70.62857142857143
2025-07-30,15.48,5787.32,44461.28,21129.67,6362.9,68.02857142857142
2025-07-31,16.72,5607.92,44130.98,21122.45,6339.39,63.71428571428572
2025-08-01,20.38,5527.61,43588.58,20650.13,6238.01,49.8
2025-08-04,17.52,5624.41,44173.64,21053.58,6329.94,56.885714285714286
2025-08-05,17.85,5561.69,44111.74,20916.55,6299.19,55.02857142857143
2025-08-06,16.77,5550.3,44193.12,21169.42,6345.06,55.31428571428573
2025-08-07,16.57,5633.7,43968.64,21242.7,6340.0,54.71428571428572
2025-08-08,15.15,5678.02,44175.61,21450.02,6389.45,58.37142857142857
2025-08-11,16.25,5670.37,43975.09,21385.4,6373.45,57.62857142857143
2025-08-12,14.73,5840.08,44458.61,21681.9,6445.76,62.25714285714286
2025-08-13,14.49,5892.61,44922.27,21713.14,6466.58,63.34285714285714
2025-08-14,14.83,5885.49,44911.26,21710.67,6468.54,63.25714285714287
2025-08-15,15.09,5752.74,44946.12,21622.98,6449.8,63.54285714285715
2025-08-18,14.99,5776.31,44911.82,21629.77,6449.15,64.2
2025-08-19,15.57,5671.51,44922.27,21314.95,6411.37,59.88571428571429
2025-08-20,15.69,5630.82,44938.31,21172.86,6395.78,55.91428571428572
2025-08-21,16.6,5603.26,44785.5,21100.31,6370.17,52.60000000000001
2025-08-22,14.22,5754.46,45631.74,21496.53,6466.91,55.54285714285715
2025-08-25,14.79,5756.3,45282.47,21449.29,6439.32,53.942857142857136
2025-08-26,14.62,5807.92,45418.07,21544.27,6465.94,55.4
2025-08-27,14.85,5824.61,45565.23,21590.14,6481.4,59.11428571428572
2025-08-28,14.43,5853.05,45636.9,21705.16,6501.86,64.42857142857143
2025-08-29,15.36,5668.94,45544.88,21455.55,6460.26,61.54285714285714
2025-09-02,17.17,5605.46,45295.81,21279.63,6415.54,62.45714285714286
2025-09-03,16.35,5592.82,45271.23,21497.73,6448.26,61.371428571428574
2025-09-04,15.3,5667.86,45621.29,21707.69,6502.08,61.17142857142858
2025-09-05,15.18,5761.4,45400.86,21700.39,6481.5,58.68571428571429
2025-09-08,15.11,5809.61,45514.95,21798.7,6495.15,58.22857142857144
2025-09-09,15.04,5819.82,45711.34,21879.49,6512.61,57.942857142857136
2025-09-10,15.35,5958.09,45490.92,21886.06,6532.04,57.94285714285714
2025-09-11,14.71,5995.39,46108.0,22043.07,6587.47,60.34285714285715
2025-09-12,14.76,6001.74,45834.22,22141.1,6584.29,61.34285714285714
2025-09-15,15.69,6059.83,45883.45,22348.75,6615.28,64.45714285714287
2025-09-16,16.36,6079.22,45757.9,22333.96,6606.76,64.37142857142858
2025-09-17,15.72,6060.22,46018.32,22261.33,6600.35,63.77142857142858
2025-09-18,15.7,6278.16,46142.42,22470.73,6631.96,66.54285714285714
2025-09-19,15.45,6232.24,46315.27,22631.48,6664.36,66.22857142857144
2025-09-22,16.1,6330.12,46381.54,22788.98,6693.75,66.51428571428572
2025-09-23,16.64,6308.2,46292.78,22573.47,6656.92,56.771428571428565
2025-09-24,16.18,6297.0,46121.28,22497.86,6637.97,54.57142857142857
2025-09-25,16.74,6284.67,45947.32,22384.7,6604.72,50.65714285714286
2025-09-26,15.29,6305.05,46247.29,22484.07,6643.7,51.28571428571428
2025-09-29,16.12,6315.11,46316.07,22591.15,6661.21,50.97142857142857
2025-09-30,16.28,6369.82,46397.89,22660.01,6688.46,51.40000000000001
2025-10-01,16.29,6500.28,46441.1,22755.16,6711.2,52.48571428571428
2025-10-02,16.63,6626.38,46519.72,22844.05,6715.35,54.54285714285715
2025-10-03,16.65,6583.74,46758.28,22780.51,6715.79,52.57142857142857
2025-10-06,16.37,6774.06,46694.97,22941.67,6740.28,53.971428571428575
2025-10-07,17.24,6634.76,46602.98,22788.36,6714.59,51.85714285714285
2025-10-08,16.3,6860.2,46601.78,23043.38,6753.72,52.942857142857136
2025-10-09,16.43,6840.2,46358.42,23024.63,6735.11,48.62857142857143
2025-10-10,21.66,6407.6,45479.6,22204.43,6552.51,30.14285714285714
2025-10-13,19.03,6723.46,46067.58,22694.61,6654.72,29.74285714285714
2025-10-14,20.81,6570.33,46270.46,22521.7,6644.31,28.285714285714285
2025-10-15,20.64,6767.06,46253.31,22670.08,6671.06,27.41428571428571
2025-10-16,25.31,6800.02,45952.24,22562.54,6629.07,23.11428571428572
2025-10-17,20.78,6777.98,46190.61,22679.97,6664.01,22.32857142857143
2025-10-20,18.23,6885.03,46706.58,22990.54,6735.13,29.85714285714286
2025-10-21,17.87,6839.27,46924.74,22953.67,6735.35,28.542857142857148
2025-10-22,18.6,6677.57,46590.41,22740.4,6699.4,26.37142857142857
2025-10-23,17.3,6847.39,46734.61,22941.8,6738.44,27.571428571428573
2025-10-24,16.37,6976.94,47207.12,23204.87,6791.69,32.45714285714286
2025-10-27,15.79,7167.98,47544.59,23637.46,6875.16,37.34285714285715
2025-10-28,16.42,7194.71,47706.37,23827.49,6890.89,39.34285714285714
2025-10-29,16.92,7327.93,47632.0,23958.47,6890.59,42.114285714285714
2025-10-30,16.91,7216.0,47522.12,23581.14,6822.34,37.05714285714286
2025-10-31,17.44,7228.66,47562.87,23724.96,6840.2,34.45714285714286
2025-11-03,17.17,7270.97,47336.68,23834.72,6851.97,32.6
2025-11-04,19.0,6979.57,47085.24,23348.64,6771.55,20.94285714285714
2025-11-05,18.01,7190.27,47311.0,23499.8,6796.29,23.057142857142857
2025-11-06,19.5,7018.39,46912.3,23053.99,6720.32,24.342857142857145
2025-11-07,19.08,6947.36,46987.1,23004.54,6728.8,20.428571428571427
2025-11-10,17.6,7156.95,47368.63,23527.17,6832.43,29.942857142857143
2025-11-11,17.28,6979.7,47927.96,23468.3,6846.61,30.457142857142856
2025-11-12,17.51,7082.13,48254.82,23406.46,6850.92,34.57142857142858
2025-11-13,20.0,6818.74,47457.22,22870.36,6737.49,24.542857142857144
2025-11-14,19.83,6811.2,47147.48,22900.59,6734.11,22.057142857142853
2025-11-17,22.38,6705.74,46590.24,22708.07,6672.41,11.642857142857142
2025-11-18,24.69,6551.03,46091.74,22432.85,6617.32,8.9
2025-11-19,23.66,6670.03,46138.77,22564.23,6642.16,7.857142857142857
2025-11-20,26.42,6352.07,45752.26,22078.05,6538.76,5.171428571428572
2025-11-21,23.43,6406.43,46245.41,22273.08,6602.99,5.6571428571428575
2025-11-24,20.52,6703.2,46448.27,22872.01,6705.12,13.685714285714283
2025-11-25,18.56,6714.18,47112.45,23025.59,6765.88,15.028571428571428
2025-11-26,17.19,6899.46,47427.12,23214.69,6812.61,17.657142857142862
2025-11-28,16.35,7025.15,47716.42,23365.69,6849.09,21.77142857142857
2025-12-01,17.24,7020.53,47289.33,23275.92,6812.63,22.085714285714285
2025-12-02,16.59,7149.47,47474.46,23413.67,6829.37,23.257142857142856
2025-12-03,16.08,7280.51,47882.9,23454.09,6849.72,24.77142857142857
2025-12-04,15.78,7215.97,47850.94,23505.14,6857.12,36.02857142857143
2025-12-05,15.41,7294.84,47954.99,23578.13,6870.4,38.142857142857146
2025-12-08,16.66,7375.22,47739.32,23545.9,6846.51,40.77142857142858
2025-12-09,16.93,7372.51,47560.29,23576.49,6840.51,40.94285714285714
2025-12-10,15.77,7467.49,48057.75,23654.16,6886.68,36.371428571428574
2025-12-11,14.85,7411.48,48704.01,23593.86,6901.0,43.74285714285714
2025-12-12,15.74,7033.57,48458.05,23195.17,6827.41,39.285714285714285
2025-12-15,16.5,6990.41,48416.56,23057.41,6816.51,49.31428571428573
2025-12-16,16.48,6958.44,48114.26,23111.46,6800.26,46.4
2025-12-17,17.62,6695.31,47885.97,22693.32,6721.43,37.68571428571429
2025-12-18,16.87,6863.63,47951.85,23006.36,6774.76,42.371428571428574
2025-12-19,14.91,7067.86,48134.89,23307.62,6834.5,44.2
2025-12-22,14.08,7145.57,48362.68,23428.83,6878.49,54.88571428571429
2025-12-23,14.0,7184.54,48442.41,23561.84,6909.79,58.57142857142857
2025-12-24,13.47,7204.37,48731.16,23613.31,6932.05,58.0
2025-12-26,13.6,7207.64,48710.97,23593.1,6929.94,54.85714285714285
2025-12-29,14.2,7178.27,48461.93,23474.35,6905.74,47.885714285714286
2025-12-30,14.33,7169.1,48367.06,23419.08,6896.24,46.114285714285714
2025-12-31,14.95,7083.13,48063.29,23241.99,6845.5,43.25714285714286
2026-01-02,14.51,7367.47,48382.39,23235.63,6858.47,45.22857142857142
2026-01-05,14.9,7446.45,48977.18,23395.82,6902.05,47.60000000000001
2026-01-06,14.75,7650.93,49462.08,23547.17,6944.82,52.85714285714285
2026-01-07,15.38,7574.87,48996.08,23584.27,6920.93,48.57142857142857
2026-01-08,15.45,7436.1,49266.11,23480.02,6921.46,48.371428571428574
2026-01-09,14.49,7638.78,49504.07,23671.35,6966.28,54.114285714285714
2026-01-12,15.12,7674.84,49590.2,23733.9,6977.27,58.0
2026-01-13,15.98,7747.99,49191.99,23709.87,6963.74,59.085714285714296
2026-01-14,16.75,7701.47,49149.63,23471.75,6926.6,58.62857142857143
2026-01-15,15.84,7837.3,49442.44,23530.02,6944.47,63.65714285714286
2026-01-16,15.86,7927.41,49359.33,23515.39,6940.01,63.77142857142858
2026-01-20,20.09,7794.19,48488.59,22954.32,6796.86,50.85714285714287
2026-01-21,16.9,8042.07,49077.23,23224.82,6875.62,53.85714285714285
2026-01-22,15.64,8055.17,49384.01,23436.02,6913.35,54.771428571428565
2026-01-23,16.09,7957.93,49098.71,23501.24,6915.61,54.885714285714286
2026-01-26,16.15,7927.04,49412.4,23601.36,6950.23,57.65714285714286
2026-01-27,16.35,8117.18,49003.41,23817.1,6978.6,64.97142857142858
2026-01-28,16.35,8306.74,49015.6,23857.45,6978.03,65.54285714285713
2026-01-29,16.88,8320.39,49071.56,23685.12,6969.01,63.82857142857143
2026-01-30,17.44,7998.47,48892.47,23461.82,6939.03,58.60000000000001
2026-02-02,16.34,8134.49,49407.66,23592.11,6976.44,63.40000000000001
2026-02-03,18.0,7966.33,49240.99,23255.19,6917.81,43.34285714285714
2026-02-04,18.64,7619.16,49501.3,22904.58,6882.72,47.22857142857144
2026-02-05,21.77,7614.64,48908.72,22540.59,6798.4,34.94285714285714
2026-02-06,17.76,8048.62,50115.67,23031.21,6932.3,45.371428571428574
2026-02-09,17.36,8162.58,50135.87,23238.67,6964.82,48.4857142857143
2026-02-10,17.79,8107.13,50188.14,23102.47,6941.81,47.22857142857144
2026-02-11,17.65,8291.86,50121.4,23066.47,6941.47,49.91428571428571
2026-02-12,20.82,8084.7,49451.98,22597.15,6832.76,36.35714285714285
2026-02-13,20.6,8137.86,49500.93,22546.67,6836.17,33.84285714285714
2026-02-17,20.29,8136.04,49533.19,22578.38,6843.22,33.31428571428572
2026-02-18,19.62,8214.35,49662.66,22753.63,6881.31,34.157142857142865
2026-02-19,20.23,8173.3,49395.16,22682.73,6861.89,34.400000000000006
2026-02-20,19.09,8260.41,49625.97,22886.07,6909.51,42.34285714285715
2026-02-23,21.01,8213.46,48804.06,22627.27,6837.75,32.542857142857144
2026-02-24,19.55,8332.34,49174.5,22863.68,6890.07,40.25714285714286
2026-02-25,17.93,8467.43,49482.15,23152.08,6946.13,43.142857142857146
2026-02-26,18.63,8197.26,49499.2,22878.38,6908.86,42.91428571428571
2026-02-27,19.86,8098.37,48977.92,22668.21,6878.88,41.17142857142857
2026-03-02,21.44,8137.36,48904.78,22748.86,6881.62,34.285714285714285
2026-03-03,23.57,7764.88,48501.27,22516.69,6816.63,31.628571428571423
2026-03-04,21.15,7914.48,48739.41,22807.48,6869.5,33.07142857142857
2026-03-05,23.75,7821.76,47954.74,22748.99,6830.71,31.62857142857143
2026-03-06,29.49,7514.74,47501.55,22387.68,6740.02,25.25714285714286
2026-03-09,25.5,7810.4,47740.8,22695.95,6795.99,22.228571428571428
2026-03-10,24.93,7865.12,47706.51,22697.1,6781.48,20.27142857142857
2026-03-11,24.23,7914.56,47417.27,22716.13,6775.8,18.314285714285717
2026-03-13,27.19,7646.64,46558.47,22105.36,6632.19,16.671428571428574
2026-03-16,23.51,7796.24,46946.41,22374.18,6699.38,23.91428571428572
2026-03-17,22.37,7836.83,46993.26,22479.53,6716.09,22.88571428571429
2026-03-18,25.09,7795.13,46225.15,22152.42,6624.7,13.614285714285714
2026-03-19,24.06,7863.3,46021.43,22090.69,6606.49,18.314285714285717
2026-03-20,26.78,7670.61,45577.47,21647.61,6506.48,8.4
2026-03-23,26.15,7773.13,46208.47,21946.76,6581.0,11.62857142857143
2026-03-24,26.95,7872.71,46124.06,21761.89,6556.37,10.35714285714286
2026-03-25,25.33,7967.74,46429.49,21929.83,6591.9,16.542857142857144
2026-03-26,27.44,7585.87,45960.11,21408.08,6477.16,10.257142857142858
2026-03-27,31.05,7457.67,45166.64,20948.36,6368.85,8.171428571428573
2026-03-30,30.61,7142.33,45216.14,20794.64,6343.72,5.771428571428572
2026-03-31,25.25,7588.2,46341.51,21590.63,6528.52,14.885714285714284
2026-04-01,24.54,7802.31,46565.74,21840.95,6575.32,15.857142857142858
2026-04-02,23.87,7833.39,46504.67,21879.18,6582.69,18.285714285714285
2026-04-06,24.17,7916.1,46669.88,21996.34,6611.83,21.85714285714286
2026-04-07,25.78,8003.87,46584.46,22017.85,6616.85,21.571428571428573
2026-04-08,21.04,8510.92,47909.92,22635.0,6782.81,29.17142857142857
2026-04-09,19.49,8689.53,48185.8,22822.42,6824.66,33.800000000000004
2026-04-10,19.23,8889.83,47916.57,22902.89,6816.89,38.05714285714286
2026-04-13,19.12,9039.52,48218.25,23183.74,6886.24,40.971428571428575
2026-04-14,18.36,9224.12,48535.99,23639.08,6967.38,47.25714285714286
2026-04-15,18.17,9239.29,48463.72,24016.02,7022.95,56.2
2026-04-16,17.94,9329.35,48578.72,24102.7,7041.28,61.48571428571429
2026-04-17,17.48,9555.88,49447.43,24468.48,7126.06,68.57142857142858
2026-04-20,18.87,9599.21,49442.56,24404.39,7109.14,69.97142857142858
2026-04-21,19.5,9647.21,49149.38,24259.96,7064.01,67.57142857142858
2026-04-22,18.92,9909.27,49490.03,24657.57,7137.9,68.45714285714286
2026-04-23,19.31,10078.57,49310.32,24438.5,7108.4,66.17142857142856
2026-04-24,18.71,10513.66,49230.71,24836.6,7165.08,65.4
2026-04-27,18.02,10408.04,49167.79,24887.1,7173.91,66.28571428571429
2026-04-28,17.83,10035.58,49141.93,24663.8,7138.8,67.42857142857142
2026-04-29,18.81,10271.3,48861.81,24673.24,7135.95,66.22857142857143
2026-04-30,16.89,10503.7,49652.14,24892.31,7209.01,69.51428571428572
2026-05-01,16.99,10595.34,49499.27,25114.44,7230.12,71.17142857142856
2026-05-04,18.29,10534.66,48941.9,25067.8,7200.75,66.88571428571429
2026-05-05,17.38,10980.58,49298.25,25326.13,7259.22,67.25714285714287
2026-05-06,17.39,11472.75,49910.59,25838.94,7365.12,68.74285714285715
2026-05-07,17.08,11160.99,49596.97,25806.2,7337.11,67.28571428571429
2026-05-08,17.19,11775.5,49609.16,26247.08,7398.93,67.28571428571429
2026-05-11,18.38,12081.04,49704.47,26274.13,7412.84,66.62857142857143
2026-05-12,17.99,11717.26,49760.56,26088.2,7400.96,65.68571428571428
2026-05-13,17.87,12017.98,49693.2,26402.34,7444.25,64.97142857142858
2026-05-14,17.26,12073.78,50063.46,26635.22,7501.24,65.91428571428573
2026-05-15,18.43,11588.46,49526.17,26225.14,7408.5,63.22857142857142
2026-05-18,17.82,11302.52,49686.12,26090.73,7403.05,61.5714285714286
2026-05-19,18.06,11305.5,49363.88,25870.71,7353.61,59.3714285714286
2026-05-20,17.44,11813.29,50009.35,26270.36,7432.97,60.2571428571429
2026-05-21,16.76,11964.09,50285.66,26293.1,7445.72,58.0571428571429
2026-05-22,16.7,12202.54,50579.7,26343.97,7473.47,58.9714285714286
2026-05-26,17.01,12876.91,50461.68,26656.18,7519.12,60.9142857142857
2026-05-27,16.29,12702.19,50644.28,26674.73,7520.36,60.6
2026-05-28,15.74,12829.14,50668.97,26917.47,7563.63,60.0857142857143
2026-05-29,15.32,12829.38,51032.46,26972.62,7580.06,59.5142857142857
2026-06-01,16.05,12965.65,51078.88,27086.81,7599.96,56.5428571428571
2026-06-02,15.77,13726.27,51307.79,27093.9,7609.78,56.0571428571429
2026-06-03,16.06,13916.96,50687.07,26853.98,7553.68,53.0285714285714
2026-06-04,15.4,13617.49,51561.93,26830.96,7584.31,53.8857142857143
