Model,Dataset,MSE,MAE,R-Squared,Adj-R-Squared
"RF Model1 (max_depth = 5, max_features = sqrt, min_samples_leaf = 5, n_estimators = 100 - 2017Q1 to 2026Q4)",Training_Set,0.025412,0.087298,0.338709,0.337514
"RF Model1 (max_depth = 5, max_features = sqrt, min_samples_leaf = 5, n_estimators = 100 - 2017Q1 to 2026Q4)",Holdout_Set,0.021779,0.098299,0.288517,0.279004
"RF Model1 (max_depth = 5, max_features = sqrt, min_samples_leaf = 5, n_estimators = 300 - 2017Q1 to 2026Q4)",Training_Set,0.025645,0.087342,0.332633,0.331428
"RF Model1 (max_depth = 5, max_features = sqrt, min_samples_leaf = 5, n_estimators = 300 - 2017Q1 to 2026Q4)",Holdout_Set,0.021923,0.098467,0.283808,0.274232
"RF Model1 (max_depth = 5, max_features = sqrt, min_samples_leaf = 5, n_estimators = 500 - 2017Q1 to 2026Q4)",Training_Set,0.025601,0.087258,0.333797,0.332594
"RF Model1 (max_depth = 5, max_features = sqrt, min_samples_leaf = 5, n_estimators = 500 - 2017Q1 to 2026Q4)",Holdout_Set,0.021748,0.098265,0.289532,0.280033
"RF Model1 (max_depth = 5, max_features = sqrt, min_samples_leaf = 10, n_estimators = 100 - 2017Q1 to 2026Q4)",Training_Set,0.025985,0.087130,0.323788,0.322567
"RF Model1 (max_depth = 5, max_features = sqrt, min_samples_leaf = 10, n_estimators = 100 - 2017Q1 to 2026Q4)",Holdout_Set,0.021253,0.097520,0.305690,0.296407
"RF Model1 (max_depth = 5, max_features = sqrt, min_samples_leaf = 10, n_estimators = 300 - 2017Q1 to 2026Q4)",Training_Set,0.026036,0.087139,0.322477,0.321253
"RF Model1 (max_depth = 5, max_features = sqrt, min_samples_leaf = 10, n_estimators = 300 - 2017Q1 to 2026Q4)",Holdout_Set,0.021570,0.097969,0.295323,0.285902
"RF Model1 (max_depth = 5, max_features = sqrt, min_samples_leaf = 10, n_estimators = 500 - 2017Q1 to 2026Q4)",Training_Set,0.026057,0.087137,0.321929,0.320705
"RF Model1 (max_depth = 5, max_features = sqrt, min_samples_leaf = 10, n_estimators = 500 - 2017Q1 to 2026Q4)",Holdout_Set,0.021562,0.098082,0.295591,0.286173
"RF Model1 (max_depth = 5, max_features = sqrt, min_samples_leaf = 20, n_estimators = 100 - 2017Q1 to 2026Q4)",Training_Set,0.026612,0.087688,0.307471,0.306220
"RF Model1 (max_depth = 5, max_features = sqrt, min_samples_leaf = 20, n_estimators = 100 - 2017Q1 to 2026Q4)",Holdout_Set,0.021621,0.098478,0.293677,0.284234
"RF Model1 (max_depth = 5, max_features = sqrt, min_samples_leaf = 20, n_estimators = 300 - 2017Q1 to 2026Q4)",Training_Set,0.026493,0.087319,0.310569,0.309324
"RF Model1 (max_depth = 5, max_features = sqrt, min_samples_leaf = 20, n_estimators = 300 - 2017Q1 to 2026Q4)",Holdout_Set,0.021802,0.098418,0.287750,0.278227
"RF Model1 (max_depth = 5, max_features = sqrt, min_samples_leaf = 20, n_estimators = 500 - 2017Q1 to 2026Q4)",Training_Set,0.026438,0.087145,0.312005,0.310763
"RF Model1 (max_depth = 5, max_features = sqrt, min_samples_leaf = 20, n_estimators = 500 - 2017Q1 to 2026Q4)",Holdout_Set,0.021600,0.098037,0.294360,0.284925
"RF Model1 (max_depth = 5, max_features = log2, min_samples_leaf = 5, n_estimators = 100 - 2017Q1 to 2026Q4)",Training_Set,0.026526,0.088815,0.309710,0.308464
"RF Model1 (max_depth = 5, max_features = log2, min_samples_leaf = 5, n_estimators = 100 - 2017Q1 to 2026Q4)",Holdout_Set,0.023058,0.099872,0.246737,0.236665
"RF Model1 (max_depth = 5, max_features = log2, min_samples_leaf = 5, n_estimators = 300 - 2017Q1 to 2026Q4)",Training_Set,0.026963,0.089325,0.298340,0.297072
"RF Model1 (max_depth = 5, max_features = log2, min_samples_leaf = 5, n_estimators = 300 - 2017Q1 to 2026Q4)",Holdout_Set,0.023155,0.100204,0.243564,0.233450
"RF Model1 (max_depth = 5, max_features = log2, min_samples_leaf = 5, n_estimators = 500 - 2017Q1 to 2026Q4)",Training_Set,0.026982,0.089160,0.297849,0.296581
"RF Model1 (max_depth = 5, max_features = log2, min_samples_leaf = 5, n_estimators = 500 - 2017Q1 to 2026Q4)",Holdout_Set,0.022887,0.099487,0.252298,0.242301
"RF Model1 (max_depth = 5, max_features = log2, min_samples_leaf = 10, n_estimators = 100 - 2017Q1 to 2026Q4)",Training_Set,0.027099,0.088943,0.294808,0.293534
"RF Model1 (max_depth = 5, max_features = log2, min_samples_leaf = 10, n_estimators = 100 - 2017Q1 to 2026Q4)",Holdout_Set,0.022953,0.100259,0.250138,0.240112
"RF Model1 (max_depth = 5, max_features = log2, min_samples_leaf = 10, n_estimators = 300 - 2017Q1 to 2026Q4)",Training_Set,0.027480,0.089414,0.284893,0.283601
"RF Model1 (max_depth = 5, max_features = log2, min_samples_leaf = 10, n_estimators = 300 - 2017Q1 to 2026Q4)",Holdout_Set,0.023129,0.100245,0.244407,0.234304
"RF Model1 (max_depth = 5, max_features = log2, min_samples_leaf = 10, n_estimators = 500 - 2017Q1 to 2026Q4)",Training_Set,0.027472,0.089262,0.285096,0.283805
"RF Model1 (max_depth = 5, max_features = log2, min_samples_leaf = 10, n_estimators = 500 - 2017Q1 to 2026Q4)",Holdout_Set,0.022929,0.099661,0.250934,0.240919
"RF Model1 (max_depth = 5, max_features = log2, min_samples_leaf = 20, n_estimators = 100 - 2017Q1 to 2026Q4)",Training_Set,0.027373,0.088991,0.287673,0.286386
"RF Model1 (max_depth = 5, max_features = log2, min_samples_leaf = 20, n_estimators = 100 - 2017Q1 to 2026Q4)",Holdout_Set,0.022710,0.099527,0.258092,0.248173
"RF Model1 (max_depth = 5, max_features = log2, min_samples_leaf = 20, n_estimators = 300 - 2017Q1 to 2026Q4)",Training_Set,0.027697,0.089271,0.279233,0.277932
"RF Model1 (max_depth = 5, max_features = log2, min_samples_leaf = 20, n_estimators = 300 - 2017Q1 to 2026Q4)",Holdout_Set,0.022951,0.099726,0.250215,0.240190
"RF Model1 (max_depth = 5, max_features = log2, min_samples_leaf = 20, n_estimators = 500 - 2017Q1 to 2026Q4)",Training_Set,0.027739,0.089254,0.278138,0.276834
"RF Model1 (max_depth = 5, max_features = log2, min_samples_leaf = 20, n_estimators = 500 - 2017Q1 to 2026Q4)",Holdout_Set,0.022842,0.099352,0.253792,0.243815
"RF Model1 (max_depth = 10, max_features = sqrt, min_samples_leaf = 5, n_estimators = 100 - 2017Q1 to 2026Q4)",Training_Set,0.018672,0.073696,0.514111,0.513233
"RF Model1 (max_depth = 10, max_features = sqrt, min_samples_leaf = 5, n_estimators = 100 - 2017Q1 to 2026Q4)",Holdout_Set,0.019201,0.091202,0.372734,0.364347
"RF Model1 (max_depth = 10, max_features = sqrt, min_samples_leaf = 5, n_estimators = 300 - 2017Q1 to 2026Q4)",Training_Set,0.018773,0.073689,0.511480,0.510598
"RF Model1 (max_depth = 10, max_features = sqrt, min_samples_leaf = 5, n_estimators = 300 - 2017Q1 to 2026Q4)",Holdout_Set,0.019211,0.091594,0.372407,0.364016
"RF Model1 (max_depth = 10, max_features = sqrt, min_samples_leaf = 5, n_estimators = 500 - 2017Q1 to 2026Q4)",Training_Set,0.018780,0.073621,0.511285,0.510403
"RF Model1 (max_depth = 10, max_features = sqrt, min_samples_leaf = 5, n_estimators = 500 - 2017Q1 to 2026Q4)",Holdout_Set,0.019224,0.091474,0.371970,0.363573
"RF Model1 (max_depth = 10, max_features = sqrt, min_samples_leaf = 10, n_estimators = 100 - 2017Q1 to 2026Q4)",Training_Set,0.020472,0.074849,0.467252,0.466290
"RF Model1 (max_depth = 10, max_features = sqrt, min_samples_leaf = 10, n_estimators = 100 - 2017Q1 to 2026Q4)",Holdout_Set,0.018936,0.090453,0.381377,0.373106
"RF Model1 (max_depth = 10, max_features = sqrt, min_samples_leaf = 10, n_estimators = 300 - 2017Q1 to 2026Q4)",Training_Set,0.020665,0.075023,0.462250,0.461278
"RF Model1 (max_depth = 10, max_features = sqrt, min_samples_leaf = 10, n_estimators = 300 - 2017Q1 to 2026Q4)",Holdout_Set,0.019131,0.091118,0.374998,0.366642
"RF Model1 (max_depth = 10, max_features = sqrt, min_samples_leaf = 10, n_estimators = 500 - 2017Q1 to 2026Q4)",Training_Set,0.020678,0.075038,0.461900,0.460928
"RF Model1 (max_depth = 10, max_features = sqrt, min_samples_leaf = 10, n_estimators = 500 - 2017Q1 to 2026Q4)",Holdout_Set,0.019281,0.091585,0.370125,0.361703
"RF Model1 (max_depth = 10, max_features = sqrt, min_samples_leaf = 20, n_estimators = 100 - 2017Q1 to 2026Q4)",Training_Set,0.021910,0.076399,0.429840,0.428810
"RF Model1 (max_depth = 10, max_features = sqrt, min_samples_leaf = 20, n_estimators = 100 - 2017Q1 to 2026Q4)",Holdout_Set,0.019360,0.091372,0.367526,0.359070
"RF Model1 (max_depth = 10, max_features = sqrt, min_samples_leaf = 20, n_estimators = 300 - 2017Q1 to 2026Q4)",Training_Set,0.022057,0.076482,0.426012,0.424975
"RF Model1 (max_depth = 10, max_features = sqrt, min_samples_leaf = 20, n_estimators = 300 - 2017Q1 to 2026Q4)",Holdout_Set,0.019440,0.091268,0.364928,0.356437
"RF Model1 (max_depth = 10, max_features = sqrt, min_samples_leaf = 20, n_estimators = 500 - 2017Q1 to 2026Q4)",Training_Set,0.022047,0.076401,0.426271,0.425234
"RF Model1 (max_depth = 10, max_features = sqrt, min_samples_leaf = 20, n_estimators = 500 - 2017Q1 to 2026Q4)",Holdout_Set,0.019388,0.091172,0.366607,0.358138
"RF Model1 (max_depth = 10, max_features = log2, min_samples_leaf = 5, n_estimators = 100 - 2017Q1 to 2026Q4)",Training_Set,0.019879,0.076244,0.482701,0.481766
"RF Model1 (max_depth = 10, max_features = log2, min_samples_leaf = 5, n_estimators = 100 - 2017Q1 to 2026Q4)",Holdout_Set,0.020510,0.093644,0.329954,0.320996
"RF Model1 (max_depth = 10, max_features = log2, min_samples_leaf = 5, n_estimators = 300 - 2017Q1 to 2026Q4)",Training_Set,0.019968,0.076070,0.480385,0.479446
"RF Model1 (max_depth = 10, max_features = log2, min_samples_leaf = 5, n_estimators = 300 - 2017Q1 to 2026Q4)",Holdout_Set,0.020363,0.093183,0.334769,0.325874
"RF Model1 (max_depth = 10, max_features = log2, min_samples_leaf = 5, n_estimators = 500 - 2017Q1 to 2026Q4)",Training_Set,0.019989,0.075973,0.479836,0.478897
"RF Model1 (max_depth = 10, max_features = log2, min_samples_leaf = 5, n_estimators = 500 - 2017Q1 to 2026Q4)",Holdout_Set,0.020229,0.092960,0.339155,0.330319
"RF Model1 (max_depth = 10, max_features = log2, min_samples_leaf = 10, n_estimators = 100 - 2017Q1 to 2026Q4)",Training_Set,0.021412,0.076984,0.442802,0.441796
"RF Model1 (max_depth = 10, max_features = log2, min_samples_leaf = 10, n_estimators = 100 - 2017Q1 to 2026Q4)",Holdout_Set,0.020438,0.093167,0.332302,0.323375
"RF Model1 (max_depth = 10, max_features = log2, min_samples_leaf = 10, n_estimators = 300 - 2017Q1 to 2026Q4)",Training_Set,0.021615,0.077131,0.437505,0.436489
"RF Model1 (max_depth = 10, max_features = log2, min_samples_leaf = 10, n_estimators = 300 - 2017Q1 to 2026Q4)",Holdout_Set,0.020225,0.092945,0.339279,0.330445
"RF Model1 (max_depth = 10, max_features = log2, min_samples_leaf = 10, n_estimators = 500 - 2017Q1 to 2026Q4)",Training_Set,0.021691,0.077147,0.435539,0.434520
"RF Model1 (max_depth = 10, max_features = log2, min_samples_leaf = 10, n_estimators = 500 - 2017Q1 to 2026Q4)",Holdout_Set,0.020181,0.092658,0.340704,0.331889
"RF Model1 (max_depth = 10, max_features = log2, min_samples_leaf = 20, n_estimators = 100 - 2017Q1 to 2026Q4)",Training_Set,0.023059,0.078596,0.399933,0.398849
"RF Model1 (max_depth = 10, max_features = log2, min_samples_leaf = 20, n_estimators = 100 - 2017Q1 to 2026Q4)",Holdout_Set,0.020305,0.092736,0.336652,0.327783
"RF Model1 (max_depth = 10, max_features = log2, min_samples_leaf = 20, n_estimators = 300 - 2017Q1 to 2026Q4)",Training_Set,0.023240,0.078757,0.395227,0.394134
"RF Model1 (max_depth = 10, max_features = log2, min_samples_leaf = 20, n_estimators = 300 - 2017Q1 to 2026Q4)",Holdout_Set,0.020722,0.093893,0.323053,0.314002
"RF Model1 (max_depth = 10, max_features = log2, min_samples_leaf = 20, n_estimators = 500 - 2017Q1 to 2026Q4)",Training_Set,0.023189,0.078632,0.396547,0.395457
"RF Model1 (max_depth = 10, max_features = log2, min_samples_leaf = 20, n_estimators = 500 - 2017Q1 to 2026Q4)",Holdout_Set,0.020590,0.093402,0.327364,0.318371
"RF Model1 (max_depth = 15, max_features = sqrt, min_samples_leaf = 5, n_estimators = 100 - 2017Q1 to 2026Q4)",Training_Set,0.015310,0.061946,0.601577,0.600857
"RF Model1 (max_depth = 15, max_features = sqrt, min_samples_leaf = 5, n_estimators = 100 - 2017Q1 to 2026Q4)",Holdout_Set,0.018616,0.089673,0.391828,0.383696
"RF Model1 (max_depth = 15, max_features = sqrt, min_samples_leaf = 5, n_estimators = 300 - 2017Q1 to 2026Q4)",Training_Set,0.015511,0.062016,0.596351,0.595622
"RF Model1 (max_depth = 15, max_features = sqrt, min_samples_leaf = 5, n_estimators = 300 - 2017Q1 to 2026Q4)",Holdout_Set,0.018543,0.089230,0.394211,0.386111
"RF Model1 (max_depth = 15, max_features = sqrt, min_samples_leaf = 5, n_estimators = 500 - 2017Q1 to 2026Q4)",Training_Set,0.015550,0.061956,0.595348,0.594618
"RF Model1 (max_depth = 15, max_features = sqrt, min_samples_leaf = 5, n_estimators = 500 - 2017Q1 to 2026Q4)",Holdout_Set,0.018533,0.089079,0.394549,0.386454
"RF Model1 (max_depth = 15, max_features = sqrt, min_samples_leaf = 10, n_estimators = 100 - 2017Q1 to 2026Q4)",Training_Set,0.018462,0.067203,0.519572,0.518704
"RF Model1 (max_depth = 15, max_features = sqrt, min_samples_leaf = 10, n_estimators = 100 - 2017Q1 to 2026Q4)",Holdout_Set,0.018789,0.089632,0.386199,0.377993
"RF Model1 (max_depth = 15, max_features = sqrt, min_samples_leaf = 10, n_estimators = 300 - 2017Q1 to 2026Q4)",Training_Set,0.018545,0.067153,0.517415,0.516544
"RF Model1 (max_depth = 15, max_features = sqrt, min_samples_leaf = 10, n_estimators = 300 - 2017Q1 to 2026Q4)",Holdout_Set,0.018767,0.089461,0.386907,0.378709
"RF Model1 (max_depth = 15, max_features = sqrt, min_samples_leaf = 10, n_estimators = 500 - 2017Q1 to 2026Q4)",Training_Set,0.018585,0.067152,0.516364,0.515490
"RF Model1 (max_depth = 15, max_features = sqrt, min_samples_leaf = 10, n_estimators = 500 - 2017Q1 to 2026Q4)",Holdout_Set,0.018812,0.089382,0.385438,0.377221
"RF Model1 (max_depth = 15, max_features = sqrt, min_samples_leaf = 20, n_estimators = 100 - 2017Q1 to 2026Q4)",Training_Set,0.020782,0.071566,0.459195,0.458218
"RF Model1 (max_depth = 15, max_features = sqrt, min_samples_leaf = 20, n_estimators = 100 - 2017Q1 to 2026Q4)",Holdout_Set,0.019316,0.090693,0.368956,0.360519
"RF Model1 (max_depth = 15, max_features = sqrt, min_samples_leaf = 20, n_estimators = 300 - 2017Q1 to 2026Q4)",Training_Set,0.020933,0.071668,0.455254,0.454270
"RF Model1 (max_depth = 15, max_features = sqrt, min_samples_leaf = 20, n_estimators = 300 - 2017Q1 to 2026Q4)",Holdout_Set,0.019286,0.090586,0.369964,0.361540
"RF Model1 (max_depth = 15, max_features = sqrt, min_samples_leaf = 20, n_estimators = 500 - 2017Q1 to 2026Q4)",Training_Set,0.020907,0.071634,0.455929,0.454946
"RF Model1 (max_depth = 15, max_features = sqrt, min_samples_leaf = 20, n_estimators = 500 - 2017Q1 to 2026Q4)",Holdout_Set,0.019177,0.090359,0.373508,0.365132
"RF Model1 (max_depth = 15, max_features = log2, min_samples_leaf = 5, n_estimators = 100 - 2017Q1 to 2026Q4)",Training_Set,0.016321,0.064576,0.575281,0.574514
"RF Model1 (max_depth = 15, max_features = log2, min_samples_leaf = 5, n_estimators = 100 - 2017Q1 to 2026Q4)",Holdout_Set,0.019781,0.091320,0.353784,0.345144
"RF Model1 (max_depth = 15, max_features = log2, min_samples_leaf = 5, n_estimators = 300 - 2017Q1 to 2026Q4)",Training_Set,0.016494,0.064520,0.570774,0.569998
"RF Model1 (max_depth = 15, max_features = log2, min_samples_leaf = 5, n_estimators = 300 - 2017Q1 to 2026Q4)",Holdout_Set,0.019720,0.091145,0.355760,0.347146
"RF Model1 (max_depth = 15, max_features = log2, min_samples_leaf = 5, n_estimators = 500 - 2017Q1 to 2026Q4)",Training_Set,0.016489,0.064406,0.570907,0.570132
"RF Model1 (max_depth = 15, max_features = log2, min_samples_leaf = 5, n_estimators = 500 - 2017Q1 to 2026Q4)",Holdout_Set,0.019661,0.090887,0.357691,0.349103
"RF Model1 (max_depth = 15, max_features = log2, min_samples_leaf = 10, n_estimators = 100 - 2017Q1 to 2026Q4)",Training_Set,0.019489,0.069583,0.492850,0.491934
"RF Model1 (max_depth = 15, max_features = log2, min_samples_leaf = 10, n_estimators = 100 - 2017Q1 to 2026Q4)",Holdout_Set,0.019646,0.090883,0.358202,0.349621
"RF Model1 (max_depth = 15, max_features = log2, min_samples_leaf = 10, n_estimators = 300 - 2017Q1 to 2026Q4)",Training_Set,0.019586,0.069547,0.490314,0.489394
"RF Model1 (max_depth = 15, max_features = log2, min_samples_leaf = 10, n_estimators = 300 - 2017Q1 to 2026Q4)",Holdout_Set,0.019974,0.091378,0.347484,0.338759
"RF Model1 (max_depth = 15, max_features = log2, min_samples_leaf = 10, n_estimators = 500 - 2017Q1 to 2026Q4)",Training_Set,0.019556,0.069438,0.491089,0.490169
"RF Model1 (max_depth = 15, max_features = log2, min_samples_leaf = 10, n_estimators = 500 - 2017Q1 to 2026Q4)",Holdout_Set,0.019898,0.091090,0.349969,0.341278
"RF Model1 (max_depth = 15, max_features = log2, min_samples_leaf = 20, n_estimators = 100 - 2017Q1 to 2026Q4)",Training_Set,0.021868,0.073899,0.430930,0.429902
"RF Model1 (max_depth = 15, max_features = log2, min_samples_leaf = 20, n_estimators = 100 - 2017Q1 to 2026Q4)",Holdout_Set,0.020356,0.092783,0.334979,0.326088
"RF Model1 (max_depth = 15, max_features = log2, min_samples_leaf = 20, n_estimators = 300 - 2017Q1 to 2026Q4)",Training_Set,0.021969,0.074054,0.428291,0.427258
"RF Model1 (max_depth = 15, max_features = log2, min_samples_leaf = 20, n_estimators = 300 - 2017Q1 to 2026Q4)",Holdout_Set,0.020526,0.092748,0.329449,0.320484
"RF Model1 (max_depth = 15, max_features = log2, min_samples_leaf = 20, n_estimators = 500 - 2017Q1 to 2026Q4)",Training_Set,0.021987,0.074069,0.427832,0.426798
"RF Model1 (max_depth = 15, max_features = log2, min_samples_leaf = 20, n_estimators = 500 - 2017Q1 to 2026Q4)",Holdout_Set,0.020444,0.092583,0.332127,0.323197
"XGB Model1 (learning_rate = 0.01, max_depth = 3, n_estimators = 100) - 2017Q1 to 2026Q4)",Training_Set,0.025901,0.090148,0.325985,0.324699
"XGB Model1 (learning_rate = 0.01, max_depth = 3, n_estimators = 100) - 2017Q1 to 2026Q4)",Holdout_Set,0.023558,0.105502,0.230382,0.219501
"XGB Model1 (learning_rate = 0.01, max_depth = 3, n_estimators = 300) - 2017Q1 to 2026Q4)",Training_Set,0.020628,0.080520,0.463204,0.462179
"XGB Model1 (learning_rate = 0.01, max_depth = 3, n_estimators = 300) - 2017Q1 to 2026Q4)",Holdout_Set,0.021529,0.096842,0.296666,0.286722
"XGB Model1 (learning_rate = 0.01, max_depth = 3, n_estimators = 500) - 2017Q1 to 2026Q4)",Training_Set,0.018632,0.076892,0.515153,0.514228
"XGB Model1 (learning_rate = 0.01, max_depth = 3, n_estimators = 500) - 2017Q1 to 2026Q4)",Holdout_Set,0.021095,0.094059,0.310864,0.301121
"XGB Model1 (learning_rate = 0.01, max_depth = 5, n_estimators = 100) - 2017Q1 to 2026Q4)",Training_Set,0.022063,0.084601,0.425848,0.424752
"XGB Model1 (learning_rate = 0.01, max_depth = 5, n_estimators = 100) - 2017Q1 to 2026Q4)",Holdout_Set,0.022375,0.103162,0.269029,0.258695
"XGB Model1 (learning_rate = 0.01, max_depth = 5, n_estimators = 300) - 2017Q1 to 2026Q4)",Training_Set,0.015551,0.073783,0.595309,0.594537
"XGB Model1 (learning_rate = 0.01, max_depth = 5, n_estimators = 300) - 2017Q1 to 2026Q4)",Holdout_Set,0.020374,0.093278,0.334391,0.324981
"XGB Model1 (learning_rate = 0.01, max_depth = 5, n_estimators = 500) - 2017Q1 to 2026Q4)",Training_Set,0.013107,0.069940,0.658918,0.658267
"XGB Model1 (learning_rate = 0.01, max_depth = 5, n_estimators = 500) - 2017Q1 to 2026Q4)",Holdout_Set,0.020708,0.091821,0.323483,0.313919
"XGB Model1 (learning_rate = 0.01, max_depth = 7, n_estimators = 100) - 2017Q1 to 2026Q4)",Training_Set,0.018887,0.080020,0.508497,0.507559
"XGB Model1 (learning_rate = 0.01, max_depth = 7, n_estimators = 100) - 2017Q1 to 2026Q4)",Holdout_Set,0.022081,0.101691,0.278625,0.268427
"XGB Model1 (learning_rate = 0.01, max_depth = 7, n_estimators = 300) - 2017Q1 to 2026Q4)",Training_Set,0.011094,0.066840,0.711296,0.710745
"XGB Model1 (learning_rate = 0.01, max_depth = 7, n_estimators = 300) - 2017Q1 to 2026Q4)",Holdout_Set,0.022087,0.093987,0.278449,0.268248
"XGB Model1 (learning_rate = 0.01, max_depth = 7, n_estimators = 500) - 2017Q1 to 2026Q4)",Training_Set,0.008596,0.061949,0.776317,0.775890
"XGB Model1 (learning_rate = 0.01, max_depth = 7, n_estimators = 500) - 2017Q1 to 2026Q4)",Holdout_Set,0.022434,0.092382,0.267122,0.256761
"XGB Model1 (learning_rate = 0.05, max_depth = 3, n_estimators = 100) - 2017Q1 to 2026Q4)",Training_Set,0.018895,0.076981,0.508288,0.507350
"XGB Model1 (learning_rate = 0.05, max_depth = 3, n_estimators = 100) - 2017Q1 to 2026Q4)",Holdout_Set,0.020489,0.094141,0.330650,0.321186
"XGB Model1 (learning_rate = 0.05, max_depth = 3, n_estimators = 300) - 2017Q1 to 2026Q4)",Training_Set,0.015002,0.071427,0.609608,0.608863
"XGB Model1 (learning_rate = 0.05, max_depth = 3, n_estimators = 300) - 2017Q1 to 2026Q4)",Holdout_Set,0.020836,0.091543,0.319322,0.309698
"XGB Model1 (learning_rate = 0.05, max_depth = 3, n_estimators = 500) - 2017Q1 to 2026Q4)",Training_Set,0.013116,0.069158,0.658693,0.658041
"XGB Model1 (learning_rate = 0.05, max_depth = 3, n_estimators = 500) - 2017Q1 to 2026Q4)",Holdout_Set,0.023571,0.091836,0.229965,0.219078
"XGB Model1 (learning_rate = 0.05, max_depth = 5, n_estimators = 100) - 2017Q1 to 2026Q4)",Training_Set,0.013184,0.069967,0.656917,0.656262
"XGB Model1 (learning_rate = 0.05, max_depth = 5, n_estimators = 100) - 2017Q1 to 2026Q4)",Holdout_Set,0.020857,0.092284,0.318636,0.309003
"XGB Model1 (learning_rate = 0.05, max_depth = 5, n_estimators = 300) - 2017Q1 to 2026Q4)",Training_Set,0.008678,0.062318,0.774173,0.773742
"XGB Model1 (learning_rate = 0.05, max_depth = 5, n_estimators = 300) - 2017Q1 to 2026Q4)",Holdout_Set,0.022145,0.092255,0.276539,0.266311
"XGB Model1 (learning_rate = 0.05, max_depth = 5, n_estimators = 500) - 2017Q1 to 2026Q4)",Training_Set,0.006969,0.058097,0.818658,0.818312
"XGB Model1 (learning_rate = 0.05, max_depth = 5, n_estimators = 500) - 2017Q1 to 2026Q4)",Holdout_Set,0.023115,0.092515,0.244873,0.234197
"XGB Model1 (learning_rate = 0.05, max_depth = 7, n_estimators = 100) - 2017Q1 to 2026Q4)",Training_Set,0.008675,0.061935,0.774260,0.773829
"XGB Model1 (learning_rate = 0.05, max_depth = 7, n_estimators = 100) - 2017Q1 to 2026Q4)",Holdout_Set,0.022091,0.092807,0.278311,0.268108
"XGB Model1 (learning_rate = 0.05, max_depth = 7, n_estimators = 300) - 2017Q1 to 2026Q4)",Training_Set,0.004897,0.050449,0.872570,0.872326
"XGB Model1 (learning_rate = 0.05, max_depth = 7, n_estimators = 300) - 2017Q1 to 2026Q4)",Holdout_Set,0.022735,0.093519,0.257286,0.246786
"XGB Model1 (learning_rate = 0.05, max_depth = 7, n_estimators = 500) - 2017Q1 to 2026Q4)",Training_Set,0.003342,0.042357,0.913026,0.912860
"XGB Model1 (learning_rate = 0.05, max_depth = 7, n_estimators = 500) - 2017Q1 to 2026Q4)",Holdout_Set,0.022832,0.093926,0.254121,0.243576
"XGB Model1 (learning_rate = 0.1, max_depth = 3, n_estimators = 100) - 2017Q1 to 2026Q4)",Training_Set,0.016217,0.073013,0.577987,0.577181
"XGB Model1 (learning_rate = 0.1, max_depth = 3, n_estimators = 100) - 2017Q1 to 2026Q4)",Holdout_Set,0.020657,0.092530,0.325149,0.315608
"XGB Model1 (learning_rate = 0.1, max_depth = 3, n_estimators = 300) - 2017Q1 to 2026Q4)",Training_Set,0.012352,0.068319,0.678561,0.677947
"XGB Model1 (learning_rate = 0.1, max_depth = 3, n_estimators = 300) - 2017Q1 to 2026Q4)",Holdout_Set,0.026244,0.094242,0.142632,0.130510
"XGB Model1 (learning_rate = 0.1, max_depth = 3, n_estimators = 500) - 2017Q1 to 2026Q4)",Training_Set,0.010550,0.065725,0.725452,0.724928
"XGB Model1 (learning_rate = 0.1, max_depth = 3, n_estimators = 500) - 2017Q1 to 2026Q4)",Holdout_Set,0.027836,0.094501,0.090617,0.077760
"XGB Model1 (learning_rate = 0.1, max_depth = 5, n_estimators = 100) - 2017Q1 to 2026Q4)",Training_Set,0.010108,0.065295,0.736969,0.736467
"XGB Model1 (learning_rate = 0.1, max_depth = 5, n_estimators = 100) - 2017Q1 to 2026Q4)",Holdout_Set,0.022388,0.091600,0.268613,0.258272
"XGB Model1 (learning_rate = 0.1, max_depth = 5, n_estimators = 300) - 2017Q1 to 2026Q4)",Training_Set,0.006419,0.056319,0.832958,0.832639
"XGB Model1 (learning_rate = 0.1, max_depth = 5, n_estimators = 300) - 2017Q1 to 2026Q4)",Holdout_Set,0.023875,0.092626,0.220040,0.209013
"XGB Model1 (learning_rate = 0.1, max_depth = 5, n_estimators = 500) - 2017Q1 to 2026Q4)",Training_Set,0.004850,0.050163,0.873778,0.873537
"XGB Model1 (learning_rate = 0.1, max_depth = 5, n_estimators = 500) - 2017Q1 to 2026Q4)",Holdout_Set,0.024820,0.093678,0.189173,0.177709
"XGB Model1 (learning_rate = 0.1, max_depth = 7, n_estimators = 100) - 2017Q1 to 2026Q4)",Training_Set,0.006242,0.055606,0.837553,0.837243
"XGB Model1 (learning_rate = 0.1, max_depth = 7, n_estimators = 100) - 2017Q1 to 2026Q4)",Holdout_Set,0.022952,0.092332,0.250194,0.239593
"XGB Model1 (learning_rate = 0.1, max_depth = 7, n_estimators = 300) - 2017Q1 to 2026Q4)",Training_Set,0.002805,0.039009,0.927002,0.926863
"XGB Model1 (learning_rate = 0.1, max_depth = 7, n_estimators = 300) - 2017Q1 to 2026Q4)",Holdout_Set,0.023660,0.093885,0.227064,0.216137
"XGB Model1 (learning_rate = 0.1, max_depth = 7, n_estimators = 500) - 2017Q1 to 2026Q4)",Training_Set,0.001475,0.028404,0.961620,0.961547
"XGB Model1 (learning_rate = 0.1, max_depth = 7, n_estimators = 500) - 2017Q1 to 2026Q4)",Holdout_Set,0.023988,0.094782,0.216329,0.205249
KNN Model1 - 2017Q1 to 2026Q4,Training_Set,0.000000,0.000000,1.000000,1.000000
KNN Model1 - 2017Q1 to 2026Q4,Holdout_Set,0.024838,0.099948,0.188579,0.177107
OLS Model1 - 2017Q1 to 2026Q4,Training_Set,0.027442,0.091615,0.285876,0.284513
OLS Model1 - 2017Q1 to 2026Q4,Holdout_Set,0.058369,0.187777,-0.906829,-0.933787
Lasso Model1 - 2017Q1 to 2026Q4,Training_Set,0.028345,0.092890,0.262388,0.260980
Lasso Model1 - 2017Q1 to 2026Q4,Holdout_Set,0.024822,0.113490,0.189096,0.177632
Ridge Model1 - 2017Q1 to 2026Q4,Training_Set,0.027443,0.091609,0.285849,0.284486
Ridge Model1 - 2017Q1 to 2026Q4,Holdout_Set,0.053150,0.176724,-0.736358,-0.760906
"RF Model2 (max_depth = 5, max_features = sqrt, min_samples_leaf = 5, n_estimators = 100 - 2017Q1 to 2026Q4)",Training_Set,0.026124,0.087999,0.326314,0.325060
"RF Model2 (max_depth = 5, max_features = sqrt, min_samples_leaf = 5, n_estimators = 100 - 2017Q1 to 2026Q4)",Holdout_Set,0.022525,0.097601,0.264133,0.254294
"RF Model2 (max_depth = 5, max_features = sqrt, min_samples_leaf = 5, n_estimators = 300 - 2017Q1 to 2026Q4)",Training_Set,0.026130,0.088046,0.326176,0.324922
"RF Model2 (max_depth = 5, max_features = sqrt, min_samples_leaf = 5, n_estimators = 300 - 2017Q1 to 2026Q4)",Holdout_Set,0.022770,0.098248,0.256116,0.246170
"RF Model2 (max_depth = 5, max_features = sqrt, min_samples_leaf = 5, n_estimators = 500 - 2017Q1 to 2026Q4)",Training_Set,0.026069,0.087860,0.327752,0.326501
"RF Model2 (max_depth = 5, max_features = sqrt, min_samples_leaf = 5, n_estimators = 500 - 2017Q1 to 2026Q4)",Holdout_Set,0.022763,0.098157,0.256360,0.246418
"RF Model2 (max_depth = 5, max_features = sqrt, min_samples_leaf = 10, n_estimators = 100 - 2017Q1 to 2026Q4)",Training_Set,0.026667,0.088025,0.312316,0.311036
"RF Model2 (max_depth = 5, max_features = sqrt, min_samples_leaf = 10, n_estimators = 100 - 2017Q1 to 2026Q4)",Holdout_Set,0.022843,0.098163,0.253745,0.243767
"RF Model2 (max_depth = 5, max_features = sqrt, min_samples_leaf = 10, n_estimators = 300 - 2017Q1 to 2026Q4)",Training_Set,0.026631,0.087977,0.313245,0.311967
"RF Model2 (max_depth = 5, max_features = sqrt, min_samples_leaf = 10, n_estimators = 300 - 2017Q1 to 2026Q4)",Holdout_Set,0.022838,0.098266,0.253899,0.243923
"RF Model2 (max_depth = 5, max_features = sqrt, min_samples_leaf = 10, n_estimators = 500 - 2017Q1 to 2026Q4)",Training_Set,0.026625,0.087882,0.313407,0.312129
"RF Model2 (max_depth = 5, max_features = sqrt, min_samples_leaf = 10, n_estimators = 500 - 2017Q1 to 2026Q4)",Holdout_Set,0.022810,0.098297,0.254819,0.244856
"RF Model2 (max_depth = 5, max_features = sqrt, min_samples_leaf = 20, n_estimators = 100 - 2017Q1 to 2026Q4)",Training_Set,0.026796,0.087840,0.308993,0.307707
"RF Model2 (max_depth = 5, max_features = sqrt, min_samples_leaf = 20, n_estimators = 100 - 2017Q1 to 2026Q4)",Holdout_Set,0.022949,0.098594,0.250274,0.240249
"RF Model2 (max_depth = 5, max_features = sqrt, min_samples_leaf = 20, n_estimators = 300 - 2017Q1 to 2026Q4)",Training_Set,0.027022,0.088004,0.303154,0.301857
"RF Model2 (max_depth = 5, max_features = sqrt, min_samples_leaf = 20, n_estimators = 300 - 2017Q1 to 2026Q4)",Holdout_Set,0.022893,0.098487,0.252113,0.242113
"RF Model2 (max_depth = 5, max_features = sqrt, min_samples_leaf = 20, n_estimators = 500 - 2017Q1 to 2026Q4)",Training_Set,0.026979,0.087924,0.304285,0.302990
"RF Model2 (max_depth = 5, max_features = sqrt, min_samples_leaf = 20, n_estimators = 500 - 2017Q1 to 2026Q4)",Holdout_Set,0.022908,0.098346,0.251610,0.241604
"RF Model2 (max_depth = 5, max_features = log2, min_samples_leaf = 5, n_estimators = 100 - 2017Q1 to 2026Q4)",Training_Set,0.027018,0.089495,0.303257,0.301961
"RF Model2 (max_depth = 5, max_features = log2, min_samples_leaf = 5, n_estimators = 100 - 2017Q1 to 2026Q4)",Holdout_Set,0.023905,0.099590,0.219069,0.208628
"RF Model2 (max_depth = 5, max_features = log2, min_samples_leaf = 5, n_estimators = 300 - 2017Q1 to 2026Q4)",Training_Set,0.027337,0.089735,0.295047,0.293735
"RF Model2 (max_depth = 5, max_features = log2, min_samples_leaf = 5, n_estimators = 300 - 2017Q1 to 2026Q4)",Holdout_Set,0.024009,0.100448,0.215668,0.205181
"RF Model2 (max_depth = 5, max_features = log2, min_samples_leaf = 5, n_estimators = 500 - 2017Q1 to 2026Q4)",Training_Set,0.027350,0.089677,0.294707,0.293394
"RF Model2 (max_depth = 5, max_features = log2, min_samples_leaf = 5, n_estimators = 500 - 2017Q1 to 2026Q4)",Holdout_Set,0.023928,0.100273,0.218296,0.207845
"RF Model2 (max_depth = 5, max_features = log2, min_samples_leaf = 10, n_estimators = 100 - 2017Q1 to 2026Q4)",Training_Set,0.027296,0.089144,0.296098,0.294788
"RF Model2 (max_depth = 5, max_features = log2, min_samples_leaf = 10, n_estimators = 100 - 2017Q1 to 2026Q4)",Holdout_Set,0.023801,0.099794,0.222451,0.212055
"RF Model2 (max_depth = 5, max_features = log2, min_samples_leaf = 10, n_estimators = 300 - 2017Q1 to 2026Q4)",Training_Set,0.027694,0.089521,0.285827,0.284498
"RF Model2 (max_depth = 5, max_features = log2, min_samples_leaf = 10, n_estimators = 300 - 2017Q1 to 2026Q4)",Holdout_Set,0.023860,0.100294,0.220525,0.210103
"RF Model2 (max_depth = 5, max_features = log2, min_samples_leaf = 10, n_estimators = 500 - 2017Q1 to 2026Q4)",Training_Set,0.027700,0.089512,0.285668,0.284339
"RF Model2 (max_depth = 5, max_features = log2, min_samples_leaf = 10, n_estimators = 500 - 2017Q1 to 2026Q4)",Holdout_Set,0.023752,0.099954,0.224048,0.213673
"RF Model2 (max_depth = 5, max_features = log2, min_samples_leaf = 20, n_estimators = 100 - 2017Q1 to 2026Q4)",Training_Set,0.027879,0.089377,0.281065,0.279727
"RF Model2 (max_depth = 5, max_features = log2, min_samples_leaf = 20, n_estimators = 100 - 2017Q1 to 2026Q4)",Holdout_Set,0.023553,0.099171,0.230558,0.220270
"RF Model2 (max_depth = 5, max_features = log2, min_samples_leaf = 20, n_estimators = 300 - 2017Q1 to 2026Q4)",Training_Set,0.028016,0.089494,0.277527,0.276182
"RF Model2 (max_depth = 5, max_features = log2, min_samples_leaf = 20, n_estimators = 300 - 2017Q1 to 2026Q4)",Holdout_Set,0.023632,0.099893,0.227975,0.217652
"RF Model2 (max_depth = 5, max_features = log2, min_samples_leaf = 20, n_estimators = 500 - 2017Q1 to 2026Q4)",Training_Set,0.028030,0.089512,0.277180,0.275835
"RF Model2 (max_depth = 5, max_features = log2, min_samples_leaf = 20, n_estimators = 500 - 2017Q1 to 2026Q4)",Holdout_Set,0.023609,0.099834,0.228725,0.218413
"RF Model2 (max_depth = 10, max_features = sqrt, min_samples_leaf = 5, n_estimators = 100 - 2017Q1 to 2026Q4)",Training_Set,0.019005,0.074010,0.509915,0.509003
"RF Model2 (max_depth = 10, max_features = sqrt, min_samples_leaf = 5, n_estimators = 100 - 2017Q1 to 2026Q4)",Holdout_Set,0.019971,0.091470,0.347579,0.338856
"RF Model2 (max_depth = 10, max_features = sqrt, min_samples_leaf = 5, n_estimators = 300 - 2017Q1 to 2026Q4)",Training_Set,0.019127,0.074125,0.506747,0.505829
"RF Model2 (max_depth = 10, max_features = sqrt, min_samples_leaf = 5, n_estimators = 300 - 2017Q1 to 2026Q4)",Holdout_Set,0.020327,0.092163,0.335935,0.327056
"RF Model2 (max_depth = 10, max_features = sqrt, min_samples_leaf = 5, n_estimators = 500 - 2017Q1 to 2026Q4)",Training_Set,0.019151,0.074146,0.506133,0.505214
"RF Model2 (max_depth = 10, max_features = sqrt, min_samples_leaf = 5, n_estimators = 500 - 2017Q1 to 2026Q4)",Holdout_Set,0.020353,0.092234,0.335079,0.326189
"RF Model2 (max_depth = 10, max_features = sqrt, min_samples_leaf = 10, n_estimators = 100 - 2017Q1 to 2026Q4)",Training_Set,0.020819,0.075247,0.463137,0.462138
"RF Model2 (max_depth = 10, max_features = sqrt, min_samples_leaf = 10, n_estimators = 100 - 2017Q1 to 2026Q4)",Holdout_Set,0.020150,0.091900,0.341708,0.332907
"RF Model2 (max_depth = 10, max_features = sqrt, min_samples_leaf = 10, n_estimators = 300 - 2017Q1 to 2026Q4)",Training_Set,0.020974,0.075405,0.459116,0.458110
"RF Model2 (max_depth = 10, max_features = sqrt, min_samples_leaf = 10, n_estimators = 300 - 2017Q1 to 2026Q4)",Holdout_Set,0.020399,0.092207,0.333585,0.324675
"RF Model2 (max_depth = 10, max_features = sqrt, min_samples_leaf = 10, n_estimators = 500 - 2017Q1 to 2026Q4)",Training_Set,0.020990,0.075365,0.458718,0.457710
"RF Model2 (max_depth = 10, max_features = sqrt, min_samples_leaf = 10, n_estimators = 500 - 2017Q1 to 2026Q4)",Holdout_Set,0.020390,0.092171,0.333886,0.324980
"RF Model2 (max_depth = 10, max_features = sqrt, min_samples_leaf = 20, n_estimators = 100 - 2017Q1 to 2026Q4)",Training_Set,0.022334,0.076702,0.424053,0.422982
"RF Model2 (max_depth = 10, max_features = sqrt, min_samples_leaf = 20, n_estimators = 100 - 2017Q1 to 2026Q4)",Holdout_Set,0.020496,0.092543,0.330414,0.321461
"RF Model2 (max_depth = 10, max_features = sqrt, min_samples_leaf = 20, n_estimators = 300 - 2017Q1 to 2026Q4)",Training_Set,0.022518,0.076958,0.419323,0.418243
"RF Model2 (max_depth = 10, max_features = sqrt, min_samples_leaf = 20, n_estimators = 300 - 2017Q1 to 2026Q4)",Holdout_Set,0.020610,0.092499,0.326690,0.317688
"RF Model2 (max_depth = 10, max_features = sqrt, min_samples_leaf = 20, n_estimators = 500 - 2017Q1 to 2026Q4)",Training_Set,0.022511,0.076934,0.419480,0.418400
"RF Model2 (max_depth = 10, max_features = sqrt, min_samples_leaf = 20, n_estimators = 500 - 2017Q1 to 2026Q4)",Holdout_Set,0.020540,0.092342,0.328987,0.320015
"RF Model2 (max_depth = 10, max_features = log2, min_samples_leaf = 5, n_estimators = 100 - 2017Q1 to 2026Q4)",Training_Set,0.020262,0.076373,0.477500,0.476527
"RF Model2 (max_depth = 10, max_features = log2, min_samples_leaf = 5, n_estimators = 100 - 2017Q1 to 2026Q4)",Holdout_Set,0.021275,0.093871,0.304968,0.295675
"RF Model2 (max_depth = 10, max_features = log2, min_samples_leaf = 5, n_estimators = 300 - 2017Q1 to 2026Q4)",Training_Set,0.020287,0.076341,0.476837,0.475863
"RF Model2 (max_depth = 10, max_features = log2, min_samples_leaf = 5, n_estimators = 300 - 2017Q1 to 2026Q4)",Holdout_Set,0.021343,0.094363,0.302735,0.293412
"RF Model2 (max_depth = 10, max_features = log2, min_samples_leaf = 5, n_estimators = 500 - 2017Q1 to 2026Q4)",Training_Set,0.020342,0.076344,0.475426,0.474450
"RF Model2 (max_depth = 10, max_features = log2, min_samples_leaf = 5, n_estimators = 500 - 2017Q1 to 2026Q4)",Holdout_Set,0.021384,0.094327,0.301418,0.292078
"RF Model2 (max_depth = 10, max_features = log2, min_samples_leaf = 10, n_estimators = 100 - 2017Q1 to 2026Q4)",Training_Set,0.022133,0.077809,0.429241,0.428179
"RF Model2 (max_depth = 10, max_features = log2, min_samples_leaf = 10, n_estimators = 100 - 2017Q1 to 2026Q4)",Holdout_Set,0.021026,0.093541,0.313103,0.303919
"RF Model2 (max_depth = 10, max_features = log2, min_samples_leaf = 10, n_estimators = 300 - 2017Q1 to 2026Q4)",Training_Set,0.022110,0.077640,0.429832,0.428771
"RF Model2 (max_depth = 10, max_features = log2, min_samples_leaf = 10, n_estimators = 300 - 2017Q1 to 2026Q4)",Holdout_Set,0.021411,0.094448,0.300531,0.291178
"RF Model2 (max_depth = 10, max_features = log2, min_samples_leaf = 10, n_estimators = 500 - 2017Q1 to 2026Q4)",Training_Set,0.022032,0.077465,0.431858,0.430801
"RF Model2 (max_depth = 10, max_features = log2, min_samples_leaf = 10, n_estimators = 500 - 2017Q1 to 2026Q4)",Holdout_Set,0.021347,0.094219,0.302621,0.293297
"RF Model2 (max_depth = 10, max_features = log2, min_samples_leaf = 20, n_estimators = 100 - 2017Q1 to 2026Q4)",Training_Set,0.023401,0.078789,0.396531,0.395408
"RF Model2 (max_depth = 10, max_features = log2, min_samples_leaf = 20, n_estimators = 100 - 2017Q1 to 2026Q4)",Holdout_Set,0.021257,0.093622,0.305549,0.296264
"RF Model2 (max_depth = 10, max_features = log2, min_samples_leaf = 20, n_estimators = 300 - 2017Q1 to 2026Q4)",Training_Set,0.023635,0.079120,0.390498,0.389364
"RF Model2 (max_depth = 10, max_features = log2, min_samples_leaf = 20, n_estimators = 300 - 2017Q1 to 2026Q4)",Holdout_Set,0.021691,0.094304,0.291387,0.281912
"RF Model2 (max_depth = 10, max_features = log2, min_samples_leaf = 20, n_estimators = 500 - 2017Q1 to 2026Q4)",Training_Set,0.023549,0.079000,0.392716,0.391586
"RF Model2 (max_depth = 10, max_features = log2, min_samples_leaf = 20, n_estimators = 500 - 2017Q1 to 2026Q4)",Holdout_Set,0.021730,0.094426,0.290092,0.280600
"RF Model2 (max_depth = 15, max_features = sqrt, min_samples_leaf = 5, n_estimators = 100 - 2017Q1 to 2026Q4)",Training_Set,0.015777,0.062716,0.593139,0.592382
"RF Model2 (max_depth = 15, max_features = sqrt, min_samples_leaf = 5, n_estimators = 100 - 2017Q1 to 2026Q4)",Holdout_Set,0.019810,0.090549,0.352824,0.344171
"RF Model2 (max_depth = 15, max_features = sqrt, min_samples_leaf = 5, n_estimators = 300 - 2017Q1 to 2026Q4)",Training_Set,0.015883,0.062636,0.590422,0.589660
"RF Model2 (max_depth = 15, max_features = sqrt, min_samples_leaf = 5, n_estimators = 300 - 2017Q1 to 2026Q4)",Holdout_Set,0.019812,0.090603,0.352762,0.344108
"RF Model2 (max_depth = 15, max_features = sqrt, min_samples_leaf = 5, n_estimators = 500 - 2017Q1 to 2026Q4)",Training_Set,0.015849,0.062484,0.591287,0.590527
"RF Model2 (max_depth = 15, max_features = sqrt, min_samples_leaf = 5, n_estimators = 500 - 2017Q1 to 2026Q4)",Holdout_Set,0.019929,0.090820,0.348931,0.340226
"RF Model2 (max_depth = 15, max_features = sqrt, min_samples_leaf = 10, n_estimators = 100 - 2017Q1 to 2026Q4)",Training_Set,0.018867,0.067625,0.513462,0.512557
"RF Model2 (max_depth = 15, max_features = sqrt, min_samples_leaf = 10, n_estimators = 100 - 2017Q1 to 2026Q4)",Holdout_Set,0.019649,0.090070,0.358083,0.349500
"RF Model2 (max_depth = 15, max_features = sqrt, min_samples_leaf = 10, n_estimators = 300 - 2017Q1 to 2026Q4)",Training_Set,0.018959,0.067629,0.511089,0.510179
"RF Model2 (max_depth = 15, max_features = sqrt, min_samples_leaf = 10, n_estimators = 300 - 2017Q1 to 2026Q4)",Holdout_Set,0.019959,0.090498,0.347958,0.339240
"RF Model2 (max_depth = 15, max_features = sqrt, min_samples_leaf = 10, n_estimators = 500 - 2017Q1 to 2026Q4)",Training_Set,0.018919,0.067526,0.512129,0.511221
"RF Model2 (max_depth = 15, max_features = sqrt, min_samples_leaf = 10, n_estimators = 500 - 2017Q1 to 2026Q4)",Holdout_Set,0.019887,0.090376,0.350331,0.341644
"RF Model2 (max_depth = 15, max_features = sqrt, min_samples_leaf = 20, n_estimators = 100 - 2017Q1 to 2026Q4)",Training_Set,0.021238,0.072159,0.452329,0.451310
"RF Model2 (max_depth = 15, max_features = sqrt, min_samples_leaf = 20, n_estimators = 100 - 2017Q1 to 2026Q4)",Holdout_Set,0.020087,0.091176,0.343786,0.335012
"RF Model2 (max_depth = 15, max_features = sqrt, min_samples_leaf = 20, n_estimators = 300 - 2017Q1 to 2026Q4)",Training_Set,0.021299,0.072202,0.450752,0.449730
"RF Model2 (max_depth = 15, max_features = sqrt, min_samples_leaf = 20, n_estimators = 300 - 2017Q1 to 2026Q4)",Holdout_Set,0.020188,0.091199,0.340468,0.331650
"RF Model2 (max_depth = 15, max_features = sqrt, min_samples_leaf = 20, n_estimators = 500 - 2017Q1 to 2026Q4)",Training_Set,0.021274,0.072158,0.451388,0.450367
"RF Model2 (max_depth = 15, max_features = sqrt, min_samples_leaf = 20, n_estimators = 500 - 2017Q1 to 2026Q4)",Holdout_Set,0.020278,0.091239,0.337529,0.328671
"RF Model2 (max_depth = 15, max_features = log2, min_samples_leaf = 5, n_estimators = 100 - 2017Q1 to 2026Q4)",Training_Set,0.016701,0.064698,0.569324,0.568523
"RF Model2 (max_depth = 15, max_features = log2, min_samples_leaf = 5, n_estimators = 100 - 2017Q1 to 2026Q4)",Holdout_Set,0.020285,0.091834,0.337305,0.328445
"RF Model2 (max_depth = 15, max_features = log2, min_samples_leaf = 5, n_estimators = 300 - 2017Q1 to 2026Q4)",Training_Set,0.016827,0.064802,0.566081,0.565273
"RF Model2 (max_depth = 15, max_features = log2, min_samples_leaf = 5, n_estimators = 300 - 2017Q1 to 2026Q4)",Holdout_Set,0.020546,0.092060,0.328790,0.319816
"RF Model2 (max_depth = 15, max_features = log2, min_samples_leaf = 5, n_estimators = 500 - 2017Q1 to 2026Q4)",Training_Set,0.016836,0.064768,0.565838,0.565030
"RF Model2 (max_depth = 15, max_features = log2, min_samples_leaf = 5, n_estimators = 500 - 2017Q1 to 2026Q4)",Holdout_Set,0.020584,0.092075,0.327558,0.318567
"RF Model2 (max_depth = 15, max_features = log2, min_samples_leaf = 10, n_estimators = 100 - 2017Q1 to 2026Q4)",Training_Set,0.019765,0.069643,0.490295,0.489347
"RF Model2 (max_depth = 15, max_features = log2, min_samples_leaf = 10, n_estimators = 100 - 2017Q1 to 2026Q4)",Holdout_Set,0.020770,0.092384,0.321471,0.312399
"RF Model2 (max_depth = 15, max_features = log2, min_samples_leaf = 10, n_estimators = 300 - 2017Q1 to 2026Q4)",Training_Set,0.019887,0.069767,0.487151,0.486197
"RF Model2 (max_depth = 15, max_features = log2, min_samples_leaf = 10, n_estimators = 300 - 2017Q1 to 2026Q4)",Holdout_Set,0.020970,0.092554,0.314934,0.305774
"RF Model2 (max_depth = 15, max_features = log2, min_samples_leaf = 10, n_estimators = 500 - 2017Q1 to 2026Q4)",Training_Set,0.019878,0.069739,0.487403,0.486449
"RF Model2 (max_depth = 15, max_features = log2, min_samples_leaf = 10, n_estimators = 500 - 2017Q1 to 2026Q4)",Holdout_Set,0.020937,0.092574,0.316001,0.306856
"RF Model2 (max_depth = 15, max_features = log2, min_samples_leaf = 20, n_estimators = 100 - 2017Q1 to 2026Q4)",Training_Set,0.022279,0.074532,0.425466,0.424397
"RF Model2 (max_depth = 15, max_features = log2, min_samples_leaf = 20, n_estimators = 100 - 2017Q1 to 2026Q4)",Holdout_Set,0.021146,0.093240,0.309198,0.299962
"RF Model2 (max_depth = 15, max_features = log2, min_samples_leaf = 20, n_estimators = 300 - 2017Q1 to 2026Q4)",Training_Set,0.022450,0.074698,0.421069,0.419992
"RF Model2 (max_depth = 15, max_features = log2, min_samples_leaf = 20, n_estimators = 300 - 2017Q1 to 2026Q4)",Holdout_Set,0.021328,0.093400,0.303247,0.293931
"RF Model2 (max_depth = 15, max_features = log2, min_samples_leaf = 20, n_estimators = 500 - 2017Q1 to 2026Q4)",Training_Set,0.022418,0.074644,0.421901,0.420825
"RF Model2 (max_depth = 15, max_features = log2, min_samples_leaf = 20, n_estimators = 500 - 2017Q1 to 2026Q4)",Holdout_Set,0.021260,0.093137,0.305473,0.296187
"XGB Model2 (learning_rate = 0.01, max_depth = 3, n_estimators = 100) - 2017Q1 to 2026Q4)",Training_Set,0.026790,0.092491,0.309137,0.307778
"XGB Model2 (learning_rate = 0.01, max_depth = 3, n_estimators = 100) - 2017Q1 to 2026Q4)",Holdout_Set,0.025399,0.106449,0.170238,0.158507
"XGB Model2 (learning_rate = 0.01, max_depth = 3, n_estimators = 300) - 2017Q1 to 2026Q4)",Training_Set,0.020977,0.082521,0.459047,0.457983
"XGB Model2 (learning_rate = 0.01, max_depth = 3, n_estimators = 300) - 2017Q1 to 2026Q4)",Holdout_Set,0.022844,0.095035,0.253730,0.243179
"XGB Model2 (learning_rate = 0.01, max_depth = 3, n_estimators = 500) - 2017Q1 to 2026Q4)",Training_Set,0.018779,0.078226,0.515732,0.514780
"XGB Model2 (learning_rate = 0.01, max_depth = 3, n_estimators = 500) - 2017Q1 to 2026Q4)",Holdout_Set,0.022040,0.092390,0.279969,0.269789
"XGB Model2 (learning_rate = 0.01, max_depth = 5, n_estimators = 100) - 2017Q1 to 2026Q4)",Training_Set,0.022712,0.085647,0.414309,0.413157
"XGB Model2 (learning_rate = 0.01, max_depth = 5, n_estimators = 100) - 2017Q1 to 2026Q4)",Holdout_Set,0.024006,0.103656,0.215739,0.204651
"XGB Model2 (learning_rate = 0.01, max_depth = 5, n_estimators = 300) - 2017Q1 to 2026Q4)",Training_Set,0.015781,0.074711,0.593052,0.592252
"XGB Model2 (learning_rate = 0.01, max_depth = 5, n_estimators = 300) - 2017Q1 to 2026Q4)",Holdout_Set,0.021395,0.093335,0.301060,0.291179
"XGB Model2 (learning_rate = 0.01, max_depth = 5, n_estimators = 500) - 2017Q1 to 2026Q4)",Training_Set,0.013367,0.070607,0.655283,0.654605
"XGB Model2 (learning_rate = 0.01, max_depth = 5, n_estimators = 500) - 2017Q1 to 2026Q4)",Holdout_Set,0.020645,0.091069,0.325555,0.316019
"XGB Model2 (learning_rate = 0.01, max_depth = 7, n_estimators = 100) - 2017Q1 to 2026Q4)",Training_Set,0.019402,0.080807,0.499656,0.498672
"XGB Model2 (learning_rate = 0.01, max_depth = 7, n_estimators = 100) - 2017Q1 to 2026Q4)",Holdout_Set,0.023788,0.101466,0.222887,0.211900
"XGB Model2 (learning_rate = 0.01, max_depth = 7, n_estimators = 300) - 2017Q1 to 2026Q4)",Training_Set,0.011131,0.067185,0.712948,0.712384
"XGB Model2 (learning_rate = 0.01, max_depth = 7, n_estimators = 300) - 2017Q1 to 2026Q4)",Holdout_Set,0.023696,0.094223,0.225888,0.214944
"XGB Model2 (learning_rate = 0.01, max_depth = 7, n_estimators = 500) - 2017Q1 to 2026Q4)",Training_Set,0.008574,0.062062,0.778908,0.778473
"XGB Model2 (learning_rate = 0.01, max_depth = 7, n_estimators = 500) - 2017Q1 to 2026Q4)",Holdout_Set,0.023648,0.092657,0.227440,0.216517
"XGB Model2 (learning_rate = 0.05, max_depth = 3, n_estimators = 100) - 2017Q1 to 2026Q4)",Training_Set,0.018780,0.078127,0.515718,0.514766
"XGB Model2 (learning_rate = 0.05, max_depth = 3, n_estimators = 100) - 2017Q1 to 2026Q4)",Holdout_Set,0.022072,0.092665,0.278925,0.268730
"XGB Model2 (learning_rate = 0.05, max_depth = 3, n_estimators = 300) - 2017Q1 to 2026Q4)",Training_Set,0.015009,0.071948,0.612954,0.612193
"XGB Model2 (learning_rate = 0.05, max_depth = 3, n_estimators = 300) - 2017Q1 to 2026Q4)",Holdout_Set,0.021423,0.091223,0.300141,0.290247
"XGB Model2 (learning_rate = 0.05, max_depth = 3, n_estimators = 500) - 2017Q1 to 2026Q4)",Training_Set,0.013229,0.069644,0.658845,0.658175
"XGB Model2 (learning_rate = 0.05, max_depth = 3, n_estimators = 500) - 2017Q1 to 2026Q4)",Holdout_Set,0.022099,0.091450,0.278065,0.267858
"XGB Model2 (learning_rate = 0.05, max_depth = 5, n_estimators = 100) - 2017Q1 to 2026Q4)",Training_Set,0.013342,0.070541,0.655946,0.655270
"XGB Model2 (learning_rate = 0.05, max_depth = 5, n_estimators = 100) - 2017Q1 to 2026Q4)",Holdout_Set,0.020866,0.091213,0.318339,0.308701
"XGB Model2 (learning_rate = 0.05, max_depth = 5, n_estimators = 300) - 2017Q1 to 2026Q4)",Training_Set,0.008738,0.062731,0.774676,0.774233
"XGB Model2 (learning_rate = 0.05, max_depth = 5, n_estimators = 300) - 2017Q1 to 2026Q4)",Holdout_Set,0.021268,0.090588,0.305201,0.295378
"XGB Model2 (learning_rate = 0.05, max_depth = 5, n_estimators = 500) - 2017Q1 to 2026Q4)",Training_Set,0.006979,0.058275,0.820030,0.819676
"XGB Model2 (learning_rate = 0.05, max_depth = 5, n_estimators = 500) - 2017Q1 to 2026Q4)",Holdout_Set,0.021874,0.091034,0.285406,0.275303
"XGB Model2 (learning_rate = 0.05, max_depth = 7, n_estimators = 100) - 2017Q1 to 2026Q4)",Training_Set,0.008503,0.061995,0.780723,0.780292
"XGB Model2 (learning_rate = 0.05, max_depth = 7, n_estimators = 100) - 2017Q1 to 2026Q4)",Holdout_Set,0.023402,0.093053,0.235499,0.224690
"XGB Model2 (learning_rate = 0.05, max_depth = 7, n_estimators = 300) - 2017Q1 to 2026Q4)",Training_Set,0.004956,0.050775,0.872186,0.871935
"XGB Model2 (learning_rate = 0.05, max_depth = 7, n_estimators = 300) - 2017Q1 to 2026Q4)",Holdout_Set,0.023794,0.092381,0.222680,0.211690
"XGB Model2 (learning_rate = 0.05, max_depth = 7, n_estimators = 500) - 2017Q1 to 2026Q4)",Training_Set,0.003332,0.042332,0.914074,0.913905
"XGB Model2 (learning_rate = 0.05, max_depth = 7, n_estimators = 500) - 2017Q1 to 2026Q4)",Holdout_Set,0.023879,0.092686,0.219909,0.208880
"XGB Model2 (learning_rate = 0.1, max_depth = 3, n_estimators = 100) - 2017Q1 to 2026Q4)",Training_Set,0.016179,0.074024,0.582783,0.581963
"XGB Model2 (learning_rate = 0.1, max_depth = 3, n_estimators = 100) - 2017Q1 to 2026Q4)",Holdout_Set,0.022724,0.092786,0.257632,0.247137
"XGB Model2 (learning_rate = 0.1, max_depth = 3, n_estimators = 300) - 2017Q1 to 2026Q4)",Training_Set,0.012525,0.068740,0.676999,0.676364
"XGB Model2 (learning_rate = 0.1, max_depth = 3, n_estimators = 300) - 2017Q1 to 2026Q4)",Holdout_Set,0.024948,0.093620,0.184995,0.173473
"XGB Model2 (learning_rate = 0.1, max_depth = 3, n_estimators = 500) - 2017Q1 to 2026Q4)",Training_Set,0.010639,0.066241,0.725636,0.725097
"XGB Model2 (learning_rate = 0.1, max_depth = 3, n_estimators = 500) - 2017Q1 to 2026Q4)",Holdout_Set,0.027535,0.095616,0.100457,0.087739
"XGB Model2 (learning_rate = 0.1, max_depth = 5, n_estimators = 100) - 2017Q1 to 2026Q4)",Training_Set,0.010414,0.065756,0.731449,0.730921
"XGB Model2 (learning_rate = 0.1, max_depth = 5, n_estimators = 100) - 2017Q1 to 2026Q4)",Holdout_Set,0.022293,0.091866,0.271706,0.261409
"XGB Model2 (learning_rate = 0.1, max_depth = 5, n_estimators = 300) - 2017Q1 to 2026Q4)",Training_Set,0.006411,0.056396,0.834685,0.834360
"XGB Model2 (learning_rate = 0.1, max_depth = 5, n_estimators = 300) - 2017Q1 to 2026Q4)",Holdout_Set,0.023118,0.092221,0.244772,0.234094
"XGB Model2 (learning_rate = 0.1, max_depth = 5, n_estimators = 500) - 2017Q1 to 2026Q4)",Training_Set,0.004849,0.050199,0.874962,0.874716
"XGB Model2 (learning_rate = 0.1, max_depth = 5, n_estimators = 500) - 2017Q1 to 2026Q4)",Holdout_Set,0.023457,0.092776,0.233676,0.222842
"XGB Model2 (learning_rate = 0.1, max_depth = 7, n_estimators = 100) - 2017Q1 to 2026Q4)",Training_Set,0.006233,0.055661,0.839267,0.838951
"XGB Model2 (learning_rate = 0.1, max_depth = 7, n_estimators = 100) - 2017Q1 to 2026Q4)",Holdout_Set,0.023922,0.092365,0.218509,0.207461
"XGB Model2 (learning_rate = 0.1, max_depth = 7, n_estimators = 300) - 2017Q1 to 2026Q4)",Training_Set,0.002828,0.039109,0.927063,0.926920
"XGB Model2 (learning_rate = 0.1, max_depth = 7, n_estimators = 300) - 2017Q1 to 2026Q4)",Holdout_Set,0.024336,0.092881,0.204977,0.193738
"XGB Model2 (learning_rate = 0.1, max_depth = 7, n_estimators = 500) - 2017Q1 to 2026Q4)",Training_Set,0.001482,0.028447,0.961791,0.961716
"XGB Model2 (learning_rate = 0.1, max_depth = 7, n_estimators = 500) - 2017Q1 to 2026Q4)",Holdout_Set,0.024504,0.093356,0.199477,0.188160
KNN Model2 - 2017Q1 to 2026Q4,Training_Set,0.000000,0.000000,1.000000,1.000000
KNN Model2 - 2017Q1 to 2026Q4,Holdout_Set,0.024652,0.099853,0.194649,0.183263
OLS Model2 - 2017Q1 to 2026Q4,Training_Set,0.027823,0.092316,0.282500,0.281089
OLS Model2 - 2017Q1 to 2026Q4,Holdout_Set,0.030419,0.130335,0.006259,-0.007791
Lasso Model2 - 2017Q1 to 2026Q4,Training_Set,0.029117,0.094545,0.249147,0.247670
Lasso Model2 - 2017Q1 to 2026Q4,Holdout_Set,0.024640,0.109573,0.195028,0.183648
Ridge Model2 - 2017Q1 to 2026Q4,Training_Set,0.027823,0.092315,0.282499,0.281088
Ridge Model2 - 2017Q1 to 2026Q4,Holdout_Set,0.030366,0.130244,0.007969,-0.006056
"RF Model3 (max_depth = 5, max_features = sqrt, min_samples_leaf = 5, n_estimators = 100 - 2017Q1 to 2026Q4)",Training_Set,0.003335,0.038493,0.542840,0.542005
"RF Model3 (max_depth = 5, max_features = sqrt, min_samples_leaf = 5, n_estimators = 100 - 2017Q1 to 2026Q4)",Holdout_Set,0.004881,0.043881,0.453378,0.445969
"RF Model3 (max_depth = 5, max_features = sqrt, min_samples_leaf = 5, n_estimators = 300 - 2017Q1 to 2026Q4)",Training_Set,0.003284,0.037938,0.549763,0.548940
"RF Model3 (max_depth = 5, max_features = sqrt, min_samples_leaf = 5, n_estimators = 300 - 2017Q1 to 2026Q4)",Holdout_Set,0.004791,0.043242,0.463455,0.456182
"RF Model3 (max_depth = 5, max_features = sqrt, min_samples_leaf = 5, n_estimators = 500 - 2017Q1 to 2026Q4)",Training_Set,0.003272,0.037728,0.551418,0.550598
"RF Model3 (max_depth = 5, max_features = sqrt, min_samples_leaf = 5, n_estimators = 500 - 2017Q1 to 2026Q4)",Holdout_Set,0.004765,0.042976,0.466471,0.459239
"RF Model3 (max_depth = 5, max_features = sqrt, min_samples_leaf = 10, n_estimators = 100 - 2017Q1 to 2026Q4)",Training_Set,0.003378,0.038557,0.536933,0.536086
"RF Model3 (max_depth = 5, max_features = sqrt, min_samples_leaf = 10, n_estimators = 100 - 2017Q1 to 2026Q4)",Holdout_Set,0.004901,0.043796,0.451189,0.443750
"RF Model3 (max_depth = 5, max_features = sqrt, min_samples_leaf = 10, n_estimators = 300 - 2017Q1 to 2026Q4)",Training_Set,0.003308,0.037950,0.546473,0.545644
"RF Model3 (max_depth = 5, max_features = sqrt, min_samples_leaf = 10, n_estimators = 300 - 2017Q1 to 2026Q4)",Holdout_Set,0.004811,0.043244,0.461288,0.453985
"RF Model3 (max_depth = 5, max_features = sqrt, min_samples_leaf = 10, n_estimators = 500 - 2017Q1 to 2026Q4)",Training_Set,0.003293,0.037748,0.548517,0.547692
"RF Model3 (max_depth = 5, max_features = sqrt, min_samples_leaf = 10, n_estimators = 500 - 2017Q1 to 2026Q4)",Holdout_Set,0.004783,0.043022,0.464423,0.457163
"RF Model3 (max_depth = 5, max_features = sqrt, min_samples_leaf = 20, n_estimators = 100 - 2017Q1 to 2026Q4)",Training_Set,0.003383,0.038422,0.536190,0.535342
"RF Model3 (max_depth = 5, max_features = sqrt, min_samples_leaf = 20, n_estimators = 100 - 2017Q1 to 2026Q4)",Holdout_Set,0.004871,0.043599,0.454513,0.447119
"RF Model3 (max_depth = 5, max_features = sqrt, min_samples_leaf = 20, n_estimators = 300 - 2017Q1 to 2026Q4)",Training_Set,0.003330,0.037919,0.543469,0.542635
"RF Model3 (max_depth = 5, max_features = sqrt, min_samples_leaf = 20, n_estimators = 300 - 2017Q1 to 2026Q4)",Holdout_Set,0.004793,0.043076,0.463328,0.456053
"RF Model3 (max_depth = 5, max_features = sqrt, min_samples_leaf = 20, n_estimators = 500 - 2017Q1 to 2026Q4)",Training_Set,0.003318,0.037769,0.545116,0.544285
"RF Model3 (max_depth = 5, max_features = sqrt, min_samples_leaf = 20, n_estimators = 500 - 2017Q1 to 2026Q4)",Holdout_Set,0.004768,0.042917,0.466054,0.458816
"RF Model3 (max_depth = 5, max_features = log2, min_samples_leaf = 5, n_estimators = 100 - 2017Q1 to 2026Q4)",Training_Set,0.003828,0.041017,0.475250,0.474291
"RF Model3 (max_depth = 5, max_features = log2, min_samples_leaf = 5, n_estimators = 100 - 2017Q1 to 2026Q4)",Holdout_Set,0.005397,0.046291,0.395663,0.387471
"RF Model3 (max_depth = 5, max_features = log2, min_samples_leaf = 5, n_estimators = 300 - 2017Q1 to 2026Q4)",Training_Set,0.003703,0.040378,0.492306,0.491378
"RF Model3 (max_depth = 5, max_features = log2, min_samples_leaf = 5, n_estimators = 300 - 2017Q1 to 2026Q4)",Holdout_Set,0.005271,0.045612,0.409730,0.401728
"RF Model3 (max_depth = 5, max_features = log2, min_samples_leaf = 5, n_estimators = 500 - 2017Q1 to 2026Q4)",Training_Set,0.003719,0.040512,0.490101,0.489169
"RF Model3 (max_depth = 5, max_features = log2, min_samples_leaf = 5, n_estimators = 500 - 2017Q1 to 2026Q4)",Holdout_Set,0.005329,0.045963,0.403260,0.395171
"RF Model3 (max_depth = 5, max_features = log2, min_samples_leaf = 10, n_estimators = 100 - 2017Q1 to 2026Q4)",Training_Set,0.003778,0.040684,0.482081,0.481134
"RF Model3 (max_depth = 5, max_features = log2, min_samples_leaf = 10, n_estimators = 100 - 2017Q1 to 2026Q4)",Holdout_Set,0.005347,0.046086,0.401287,0.393171
"RF Model3 (max_depth = 5, max_features = log2, min_samples_leaf = 10, n_estimators = 300 - 2017Q1 to 2026Q4)",Training_Set,0.003698,0.040222,0.493087,0.492161
"RF Model3 (max_depth = 5, max_features = log2, min_samples_leaf = 10, n_estimators = 300 - 2017Q1 to 2026Q4)",Holdout_Set,0.005250,0.045502,0.412122,0.404154
"RF Model3 (max_depth = 5, max_features = log2, min_samples_leaf = 10, n_estimators = 500 - 2017Q1 to 2026Q4)",Training_Set,0.003703,0.040283,0.492428,0.491500
"RF Model3 (max_depth = 5, max_features = log2, min_samples_leaf = 10, n_estimators = 500 - 2017Q1 to 2026Q4)",Holdout_Set,0.005288,0.045692,0.407891,0.399865
"RF Model3 (max_depth = 5, max_features = log2, min_samples_leaf = 20, n_estimators = 100 - 2017Q1 to 2026Q4)",Training_Set,0.003833,0.040806,0.474523,0.473562
"RF Model3 (max_depth = 5, max_features = log2, min_samples_leaf = 20, n_estimators = 100 - 2017Q1 to 2026Q4)",Holdout_Set,0.005376,0.045936,0.398042,0.389883
"RF Model3 (max_depth = 5, max_features = log2, min_samples_leaf = 20, n_estimators = 300 - 2017Q1 to 2026Q4)",Training_Set,0.003758,0.040454,0.484782,0.483840
"RF Model3 (max_depth = 5, max_features = log2, min_samples_leaf = 20, n_estimators = 300 - 2017Q1 to 2026Q4)",Holdout_Set,0.005302,0.045660,0.406236,0.398187
"RF Model3 (max_depth = 5, max_features = log2, min_samples_leaf = 20, n_estimators = 500 - 2017Q1 to 2026Q4)",Training_Set,0.003740,0.040385,0.487321,0.486384
"RF Model3 (max_depth = 5, max_features = log2, min_samples_leaf = 20, n_estimators = 500 - 2017Q1 to 2026Q4)",Holdout_Set,0.005285,0.045651,0.408203,0.400181
"RF Model3 (max_depth = 10, max_features = sqrt, min_samples_leaf = 5, n_estimators = 100 - 2017Q1 to 2026Q4)",Training_Set,0.001983,0.029048,0.728117,0.727620
"RF Model3 (max_depth = 10, max_features = sqrt, min_samples_leaf = 5, n_estimators = 100 - 2017Q1 to 2026Q4)",Holdout_Set,0.003799,0.036861,0.574604,0.568838
"RF Model3 (max_depth = 10, max_features = sqrt, min_samples_leaf = 5, n_estimators = 300 - 2017Q1 to 2026Q4)",Training_Set,0.001970,0.028960,0.729919,0.729426
"RF Model3 (max_depth = 10, max_features = sqrt, min_samples_leaf = 5, n_estimators = 300 - 2017Q1 to 2026Q4)",Holdout_Set,0.003771,0.036712,0.577715,0.571991
"RF Model3 (max_depth = 10, max_features = sqrt, min_samples_leaf = 5, n_estimators = 500 - 2017Q1 to 2026Q4)",Training_Set,0.001965,0.028918,0.730676,0.730183
"RF Model3 (max_depth = 10, max_features = sqrt, min_samples_leaf = 5, n_estimators = 500 - 2017Q1 to 2026Q4)",Holdout_Set,0.003776,0.036736,0.577109,0.571377
"RF Model3 (max_depth = 10, max_features = sqrt, min_samples_leaf = 10, n_estimators = 100 - 2017Q1 to 2026Q4)",Training_Set,0.002168,0.029720,0.702752,0.702209
"RF Model3 (max_depth = 10, max_features = sqrt, min_samples_leaf = 10, n_estimators = 100 - 2017Q1 to 2026Q4)",Holdout_Set,0.003851,0.036866,0.568767,0.562921
"RF Model3 (max_depth = 10, max_features = sqrt, min_samples_leaf = 10, n_estimators = 300 - 2017Q1 to 2026Q4)",Training_Set,0.002145,0.029468,0.705950,0.705413
"RF Model3 (max_depth = 10, max_features = sqrt, min_samples_leaf = 10, n_estimators = 300 - 2017Q1 to 2026Q4)",Holdout_Set,0.003811,0.036691,0.573227,0.567442
"RF Model3 (max_depth = 10, max_features = sqrt, min_samples_leaf = 10, n_estimators = 500 - 2017Q1 to 2026Q4)",Training_Set,0.002146,0.029431,0.705846,0.705308
"RF Model3 (max_depth = 10, max_features = sqrt, min_samples_leaf = 10, n_estimators = 500 - 2017Q1 to 2026Q4)",Holdout_Set,0.003821,0.036713,0.572120,0.566320
"RF Model3 (max_depth = 10, max_features = sqrt, min_samples_leaf = 20, n_estimators = 100 - 2017Q1 to 2026Q4)",Training_Set,0.002356,0.030390,0.677022,0.676431
"RF Model3 (max_depth = 10, max_features = sqrt, min_samples_leaf = 20, n_estimators = 100 - 2017Q1 to 2026Q4)",Holdout_Set,0.003915,0.037122,0.561560,0.555617
"RF Model3 (max_depth = 10, max_features = sqrt, min_samples_leaf = 20, n_estimators = 300 - 2017Q1 to 2026Q4)",Training_Set,0.002337,0.030227,0.679659,0.679074
"RF Model3 (max_depth = 10, max_features = sqrt, min_samples_leaf = 20, n_estimators = 300 - 2017Q1 to 2026Q4)",Holdout_Set,0.003892,0.036981,0.564155,0.558247
"RF Model3 (max_depth = 10, max_features = sqrt, min_samples_leaf = 20, n_estimators = 500 - 2017Q1 to 2026Q4)",Training_Set,0.002341,0.030205,0.679140,0.678554
"RF Model3 (max_depth = 10, max_features = sqrt, min_samples_leaf = 20, n_estimators = 500 - 2017Q1 to 2026Q4)",Holdout_Set,0.003901,0.036978,0.563206,0.557285
"RF Model3 (max_depth = 10, max_features = log2, min_samples_leaf = 5, n_estimators = 100 - 2017Q1 to 2026Q4)",Training_Set,0.002288,0.031395,0.686357,0.685783
"RF Model3 (max_depth = 10, max_features = log2, min_samples_leaf = 5, n_estimators = 100 - 2017Q1 to 2026Q4)",Holdout_Set,0.004189,0.039314,0.530909,0.524551
"RF Model3 (max_depth = 10, max_features = log2, min_samples_leaf = 5, n_estimators = 300 - 2017Q1 to 2026Q4)",Training_Set,0.002269,0.031236,0.689010,0.688441
"RF Model3 (max_depth = 10, max_features = log2, min_samples_leaf = 5, n_estimators = 300 - 2017Q1 to 2026Q4)",Holdout_Set,0.004169,0.039172,0.533130,0.526802
"RF Model3 (max_depth = 10, max_features = log2, min_samples_leaf = 5, n_estimators = 500 - 2017Q1 to 2026Q4)",Training_Set,0.002268,0.031242,0.689059,0.688491
"RF Model3 (max_depth = 10, max_features = log2, min_samples_leaf = 5, n_estimators = 500 - 2017Q1 to 2026Q4)",Holdout_Set,0.004178,0.039236,0.532195,0.525854
"RF Model3 (max_depth = 10, max_features = log2, min_samples_leaf = 10, n_estimators = 100 - 2017Q1 to 2026Q4)",Training_Set,0.002523,0.032174,0.654122,0.653489
"RF Model3 (max_depth = 10, max_features = log2, min_samples_leaf = 10, n_estimators = 100 - 2017Q1 to 2026Q4)",Holdout_Set,0.004274,0.039491,0.521383,0.514896
"RF Model3 (max_depth = 10, max_features = log2, min_samples_leaf = 10, n_estimators = 300 - 2017Q1 to 2026Q4)",Training_Set,0.002484,0.031995,0.659537,0.658915
"RF Model3 (max_depth = 10, max_features = log2, min_samples_leaf = 10, n_estimators = 300 - 2017Q1 to 2026Q4)",Holdout_Set,0.004274,0.039492,0.521387,0.514899
"RF Model3 (max_depth = 10, max_features = log2, min_samples_leaf = 10, n_estimators = 500 - 2017Q1 to 2026Q4)",Training_Set,0.002469,0.031915,0.661480,0.660861
"RF Model3 (max_depth = 10, max_features = log2, min_samples_leaf = 10, n_estimators = 500 - 2017Q1 to 2026Q4)",Holdout_Set,0.004251,0.039373,0.523956,0.517504
"RF Model3 (max_depth = 10, max_features = log2, min_samples_leaf = 20, n_estimators = 100 - 2017Q1 to 2026Q4)",Training_Set,0.002693,0.032963,0.630824,0.630149
"RF Model3 (max_depth = 10, max_features = log2, min_samples_leaf = 20, n_estimators = 100 - 2017Q1 to 2026Q4)",Holdout_Set,0.004444,0.040302,0.502332,0.495586
"RF Model3 (max_depth = 10, max_features = log2, min_samples_leaf = 20, n_estimators = 300 - 2017Q1 to 2026Q4)",Training_Set,0.002640,0.032559,0.638123,0.637461
"RF Model3 (max_depth = 10, max_features = log2, min_samples_leaf = 20, n_estimators = 300 - 2017Q1 to 2026Q4)",Holdout_Set,0.004344,0.039752,0.513574,0.506980
"RF Model3 (max_depth = 10, max_features = log2, min_samples_leaf = 20, n_estimators = 500 - 2017Q1 to 2026Q4)",Training_Set,0.002644,0.032545,0.637570,0.636908
"RF Model3 (max_depth = 10, max_features = log2, min_samples_leaf = 20, n_estimators = 500 - 2017Q1 to 2026Q4)",Holdout_Set,0.004330,0.039647,0.515173,0.508601
"RF Model3 (max_depth = 15, max_features = sqrt, min_samples_leaf = 5, n_estimators = 100 - 2017Q1 to 2026Q4)",Training_Set,0.001438,0.023409,0.802879,0.802518
"RF Model3 (max_depth = 15, max_features = sqrt, min_samples_leaf = 5, n_estimators = 100 - 2017Q1 to 2026Q4)",Holdout_Set,0.003631,0.035402,0.593372,0.587860
"RF Model3 (max_depth = 15, max_features = sqrt, min_samples_leaf = 5, n_estimators = 300 - 2017Q1 to 2026Q4)",Training_Set,0.001424,0.023233,0.804802,0.804445
"RF Model3 (max_depth = 15, max_features = sqrt, min_samples_leaf = 5, n_estimators = 300 - 2017Q1 to 2026Q4)",Holdout_Set,0.003587,0.035139,0.598318,0.592873
"RF Model3 (max_depth = 15, max_features = sqrt, min_samples_leaf = 5, n_estimators = 500 - 2017Q1 to 2026Q4)",Training_Set,0.001430,0.023245,0.803949,0.803591
"RF Model3 (max_depth = 15, max_features = sqrt, min_samples_leaf = 5, n_estimators = 500 - 2017Q1 to 2026Q4)",Holdout_Set,0.003593,0.035087,0.597662,0.592208
"RF Model3 (max_depth = 15, max_features = sqrt, min_samples_leaf = 10, n_estimators = 100 - 2017Q1 to 2026Q4)",Training_Set,0.001836,0.026020,0.748306,0.747846
"RF Model3 (max_depth = 15, max_features = sqrt, min_samples_leaf = 10, n_estimators = 100 - 2017Q1 to 2026Q4)",Holdout_Set,0.003737,0.035763,0.581477,0.575804
"RF Model3 (max_depth = 15, max_features = sqrt, min_samples_leaf = 10, n_estimators = 300 - 2017Q1 to 2026Q4)",Training_Set,0.001818,0.025853,0.750721,0.750266
"RF Model3 (max_depth = 15, max_features = sqrt, min_samples_leaf = 10, n_estimators = 300 - 2017Q1 to 2026Q4)",Holdout_Set,0.003703,0.035572,0.585359,0.579738
"RF Model3 (max_depth = 15, max_features = sqrt, min_samples_leaf = 10, n_estimators = 500 - 2017Q1 to 2026Q4)",Training_Set,0.001819,0.025830,0.750627,0.750171
"RF Model3 (max_depth = 15, max_features = sqrt, min_samples_leaf = 10, n_estimators = 500 - 2017Q1 to 2026Q4)",Holdout_Set,0.003701,0.035548,0.585559,0.579942
"RF Model3 (max_depth = 15, max_features = sqrt, min_samples_leaf = 20, n_estimators = 100 - 2017Q1 to 2026Q4)",Training_Set,0.002216,0.028425,0.696168,0.695612
"RF Model3 (max_depth = 15, max_features = sqrt, min_samples_leaf = 20, n_estimators = 100 - 2017Q1 to 2026Q4)",Holdout_Set,0.003914,0.036524,0.561662,0.555721
"RF Model3 (max_depth = 15, max_features = sqrt, min_samples_leaf = 20, n_estimators = 300 - 2017Q1 to 2026Q4)",Training_Set,0.002172,0.028133,0.702285,0.701741
"RF Model3 (max_depth = 15, max_features = sqrt, min_samples_leaf = 20, n_estimators = 300 - 2017Q1 to 2026Q4)",Holdout_Set,0.003836,0.036144,0.570418,0.564595
"RF Model3 (max_depth = 15, max_features = sqrt, min_samples_leaf = 20, n_estimators = 500 - 2017Q1 to 2026Q4)",Training_Set,0.002167,0.028101,0.702878,0.702335
"RF Model3 (max_depth = 15, max_features = sqrt, min_samples_leaf = 20, n_estimators = 500 - 2017Q1 to 2026Q4)",Holdout_Set,0.003830,0.036109,0.571158,0.565345
"RF Model3 (max_depth = 15, max_features = log2, min_samples_leaf = 5, n_estimators = 100 - 2017Q1 to 2026Q4)",Training_Set,0.001695,0.025641,0.767590,0.767165
"RF Model3 (max_depth = 15, max_features = log2, min_samples_leaf = 5, n_estimators = 100 - 2017Q1 to 2026Q4)",Holdout_Set,0.004056,0.037930,0.545832,0.539676
"RF Model3 (max_depth = 15, max_features = log2, min_samples_leaf = 5, n_estimators = 300 - 2017Q1 to 2026Q4)",Training_Set,0.001660,0.025337,0.772463,0.772047
"RF Model3 (max_depth = 15, max_features = log2, min_samples_leaf = 5, n_estimators = 300 - 2017Q1 to 2026Q4)",Holdout_Set,0.003942,0.037255,0.558567,0.552584
"RF Model3 (max_depth = 15, max_features = log2, min_samples_leaf = 5, n_estimators = 500 - 2017Q1 to 2026Q4)",Training_Set,0.001657,0.025309,0.772891,0.772476
"RF Model3 (max_depth = 15, max_features = log2, min_samples_leaf = 5, n_estimators = 500 - 2017Q1 to 2026Q4)",Holdout_Set,0.003935,0.037210,0.559329,0.553356
"RF Model3 (max_depth = 15, max_features = log2, min_samples_leaf = 10, n_estimators = 100 - 2017Q1 to 2026Q4)",Training_Set,0.002108,0.028098,0.710993,0.710464
"RF Model3 (max_depth = 15, max_features = log2, min_samples_leaf = 10, n_estimators = 100 - 2017Q1 to 2026Q4)",Holdout_Set,0.004102,0.037900,0.540691,0.534465
"RF Model3 (max_depth = 15, max_features = log2, min_samples_leaf = 10, n_estimators = 300 - 2017Q1 to 2026Q4)",Training_Set,0.002075,0.027923,0.715547,0.715027
"RF Model3 (max_depth = 15, max_features = log2, min_samples_leaf = 10, n_estimators = 300 - 2017Q1 to 2026Q4)",Holdout_Set,0.004050,0.037756,0.546448,0.540300
"RF Model3 (max_depth = 15, max_features = log2, min_samples_leaf = 10, n_estimators = 500 - 2017Q1 to 2026Q4)",Training_Set,0.002075,0.027933,0.715477,0.714957
"RF Model3 (max_depth = 15, max_features = log2, min_samples_leaf = 10, n_estimators = 500 - 2017Q1 to 2026Q4)",Holdout_Set,0.004061,0.037783,0.545270,0.539106
"RF Model3 (max_depth = 15, max_features = log2, min_samples_leaf = 20, n_estimators = 100 - 2017Q1 to 2026Q4)",Training_Set,0.002453,0.030259,0.663764,0.663150
"RF Model3 (max_depth = 15, max_features = log2, min_samples_leaf = 20, n_estimators = 100 - 2017Q1 to 2026Q4)",Holdout_Set,0.004183,0.038109,0.531544,0.525194
"RF Model3 (max_depth = 15, max_features = log2, min_samples_leaf = 20, n_estimators = 300 - 2017Q1 to 2026Q4)",Training_Set,0.002435,0.030185,0.666233,0.665623
"RF Model3 (max_depth = 15, max_features = log2, min_samples_leaf = 20, n_estimators = 300 - 2017Q1 to 2026Q4)",Holdout_Set,0.004169,0.038167,0.533189,0.526862
"RF Model3 (max_depth = 15, max_features = log2, min_samples_leaf = 20, n_estimators = 500 - 2017Q1 to 2026Q4)",Training_Set,0.002439,0.030215,0.665709,0.665097
"RF Model3 (max_depth = 15, max_features = log2, min_samples_leaf = 20, n_estimators = 500 - 2017Q1 to 2026Q4)",Holdout_Set,0.004200,0.038327,0.529670,0.523295
"XGB Model3 (learning_rate = 0.01, max_depth = 3, n_estimators = 100) - 2017Q1 to 2026Q4)",Training_Set,0.003244,0.038162,0.555280,0.554421
"XGB Model3 (learning_rate = 0.01, max_depth = 3, n_estimators = 100) - 2017Q1 to 2026Q4)",Holdout_Set,0.004290,0.042192,0.519596,0.512710
"XGB Model3 (learning_rate = 0.01, max_depth = 3, n_estimators = 300) - 2017Q1 to 2026Q4)",Training_Set,0.002242,0.029603,0.692588,0.691995
"XGB Model3 (learning_rate = 0.01, max_depth = 3, n_estimators = 300) - 2017Q1 to 2026Q4)",Holdout_Set,0.003080,0.033148,0.655060,0.650115
"XGB Model3 (learning_rate = 0.01, max_depth = 3, n_estimators = 500) - 2017Q1 to 2026Q4)",Training_Set,0.002049,0.028360,0.719105,0.718562
"XGB Model3 (learning_rate = 0.01, max_depth = 3, n_estimators = 500) - 2017Q1 to 2026Q4)",Holdout_Set,0.002921,0.032064,0.672854,0.668165
"XGB Model3 (learning_rate = 0.01, max_depth = 5, n_estimators = 100) - 2017Q1 to 2026Q4)",Training_Set,0.002852,0.035889,0.609059,0.608304
"XGB Model3 (learning_rate = 0.01, max_depth = 5, n_estimators = 100) - 2017Q1 to 2026Q4)",Holdout_Set,0.003926,0.040128,0.560355,0.554053
"XGB Model3 (learning_rate = 0.01, max_depth = 5, n_estimators = 300) - 2017Q1 to 2026Q4)",Training_Set,0.001811,0.027248,0.751714,0.751235
"XGB Model3 (learning_rate = 0.01, max_depth = 5, n_estimators = 300) - 2017Q1 to 2026Q4)",Holdout_Set,0.002866,0.031855,0.679074,0.674474
"XGB Model3 (learning_rate = 0.01, max_depth = 5, n_estimators = 500) - 2017Q1 to 2026Q4)",Training_Set,0.001603,0.026034,0.780293,0.779869
"XGB Model3 (learning_rate = 0.01, max_depth = 5, n_estimators = 500) - 2017Q1 to 2026Q4)",Holdout_Set,0.002815,0.031435,0.684723,0.680204
"XGB Model3 (learning_rate = 0.01, max_depth = 7, n_estimators = 100) - 2017Q1 to 2026Q4)",Training_Set,0.002505,0.034379,0.656543,0.655879
"XGB Model3 (learning_rate = 0.01, max_depth = 7, n_estimators = 100) - 2017Q1 to 2026Q4)",Holdout_Set,0.003985,0.039611,0.553797,0.547402
"XGB Model3 (learning_rate = 0.01, max_depth = 7, n_estimators = 300) - 2017Q1 to 2026Q4)",Training_Set,0.001329,0.024641,0.817755,0.817403
"XGB Model3 (learning_rate = 0.01, max_depth = 7, n_estimators = 300) - 2017Q1 to 2026Q4)",Holdout_Set,0.002888,0.031921,0.676564,0.671928
"XGB Model3 (learning_rate = 0.01, max_depth = 7, n_estimators = 500) - 2017Q1 to 2026Q4)",Training_Set,0.001110,0.022917,0.847868,0.847574
"XGB Model3 (learning_rate = 0.01, max_depth = 7, n_estimators = 500) - 2017Q1 to 2026Q4)",Holdout_Set,0.002878,0.031753,0.677706,0.673086
"XGB Model3 (learning_rate = 0.05, max_depth = 3, n_estimators = 100) - 2017Q1 to 2026Q4)",Training_Set,0.002050,0.028358,0.718947,0.718404
"XGB Model3 (learning_rate = 0.05, max_depth = 3, n_estimators = 100) - 2017Q1 to 2026Q4)",Holdout_Set,0.002919,0.032084,0.673129,0.668444
"XGB Model3 (learning_rate = 0.05, max_depth = 3, n_estimators = 300) - 2017Q1 to 2026Q4)",Training_Set,0.001797,0.027037,0.753604,0.753128
"XGB Model3 (learning_rate = 0.05, max_depth = 3, n_estimators = 300) - 2017Q1 to 2026Q4)",Holdout_Set,0.002810,0.031597,0.685385,0.680876
"XGB Model3 (learning_rate = 0.05, max_depth = 3, n_estimators = 500) - 2017Q1 to 2026Q4)",Training_Set,0.001666,0.026474,0.771542,0.771101
"XGB Model3 (learning_rate = 0.05, max_depth = 3, n_estimators = 500) - 2017Q1 to 2026Q4)",Holdout_Set,0.002789,0.031691,0.687726,0.683250
"XGB Model3 (learning_rate = 0.05, max_depth = 5, n_estimators = 100) - 2017Q1 to 2026Q4)",Training_Set,0.001598,0.026020,0.780950,0.780527
"XGB Model3 (learning_rate = 0.05, max_depth = 5, n_estimators = 100) - 2017Q1 to 2026Q4)",Holdout_Set,0.002757,0.031169,0.691226,0.686800
"XGB Model3 (learning_rate = 0.05, max_depth = 5, n_estimators = 300) - 2017Q1 to 2026Q4)",Training_Set,0.001243,0.023924,0.829631,0.829302
"XGB Model3 (learning_rate = 0.05, max_depth = 5, n_estimators = 300) - 2017Q1 to 2026Q4)",Holdout_Set,0.002768,0.031659,0.690015,0.685572
"XGB Model3 (learning_rate = 0.05, max_depth = 5, n_estimators = 500) - 2017Q1 to 2026Q4)",Training_Set,0.001048,0.022495,0.856287,0.856009
"XGB Model3 (learning_rate = 0.05, max_depth = 5, n_estimators = 500) - 2017Q1 to 2026Q4)",Holdout_Set,0.002791,0.031948,0.687417,0.682936
"XGB Model3 (learning_rate = 0.05, max_depth = 7, n_estimators = 100) - 2017Q1 to 2026Q4)",Training_Set,0.001110,0.022915,0.847853,0.847559
"XGB Model3 (learning_rate = 0.05, max_depth = 7, n_estimators = 100) - 2017Q1 to 2026Q4)",Holdout_Set,0.002828,0.031531,0.683325,0.678786
"XGB Model3 (learning_rate = 0.05, max_depth = 7, n_estimators = 300) - 2017Q1 to 2026Q4)",Training_Set,0.000743,0.019317,0.898205,0.898009
"XGB Model3 (learning_rate = 0.05, max_depth = 7, n_estimators = 300) - 2017Q1 to 2026Q4)",Holdout_Set,0.002873,0.032038,0.678260,0.673648
"XGB Model3 (learning_rate = 0.05, max_depth = 7, n_estimators = 500) - 2017Q1 to 2026Q4)",Training_Set,0.000525,0.016424,0.928071,0.927932
"XGB Model3 (learning_rate = 0.05, max_depth = 7, n_estimators = 500) - 2017Q1 to 2026Q4)",Holdout_Set,0.002901,0.032468,0.675100,0.670443
"XGB Model3 (learning_rate = 0.1, max_depth = 3, n_estimators = 100) - 2017Q1 to 2026Q4)",Training_Set,0.001888,0.027475,0.741108,0.740608
"XGB Model3 (learning_rate = 0.1, max_depth = 3, n_estimators = 100) - 2017Q1 to 2026Q4)",Holdout_Set,0.002819,0.031673,0.684305,0.679780
"XGB Model3 (learning_rate = 0.1, max_depth = 3, n_estimators = 300) - 2017Q1 to 2026Q4)",Training_Set,0.001608,0.026213,0.779577,0.779151
"XGB Model3 (learning_rate = 0.1, max_depth = 3, n_estimators = 300) - 2017Q1 to 2026Q4)",Holdout_Set,0.002766,0.031704,0.690301,0.685862
"XGB Model3 (learning_rate = 0.1, max_depth = 3, n_estimators = 500) - 2017Q1 to 2026Q4)",Training_Set,0.001441,0.025378,0.802472,0.802091
"XGB Model3 (learning_rate = 0.1, max_depth = 3, n_estimators = 500) - 2017Q1 to 2026Q4)",Holdout_Set,0.002767,0.031867,0.690182,0.685741
"XGB Model3 (learning_rate = 0.1, max_depth = 5, n_estimators = 100) - 2017Q1 to 2026Q4)",Training_Set,0.001377,0.024809,0.811255,0.810890
"XGB Model3 (learning_rate = 0.1, max_depth = 5, n_estimators = 100) - 2017Q1 to 2026Q4)",Holdout_Set,0.002764,0.031353,0.690458,0.686021
"XGB Model3 (learning_rate = 0.1, max_depth = 5, n_estimators = 300) - 2017Q1 to 2026Q4)",Training_Set,0.000973,0.021830,0.866663,0.866405
"XGB Model3 (learning_rate = 0.1, max_depth = 5, n_estimators = 300) - 2017Q1 to 2026Q4)",Holdout_Set,0.002807,0.032042,0.685711,0.681206
"XGB Model3 (learning_rate = 0.1, max_depth = 5, n_estimators = 500) - 2017Q1 to 2026Q4)",Training_Set,0.000749,0.019534,0.897347,0.897148
"XGB Model3 (learning_rate = 0.1, max_depth = 5, n_estimators = 500) - 2017Q1 to 2026Q4)",Holdout_Set,0.002840,0.032447,0.682006,0.677448
"XGB Model3 (learning_rate = 0.1, max_depth = 7, n_estimators = 100) - 2017Q1 to 2026Q4)",Training_Set,0.000892,0.020952,0.877745,0.877509
"XGB Model3 (learning_rate = 0.1, max_depth = 7, n_estimators = 100) - 2017Q1 to 2026Q4)",Holdout_Set,0.002963,0.032399,0.668211,0.663455
"XGB Model3 (learning_rate = 0.1, max_depth = 7, n_estimators = 300) - 2017Q1 to 2026Q4)",Training_Set,0.000430,0.014964,0.941001,0.940887
"XGB Model3 (learning_rate = 0.1, max_depth = 7, n_estimators = 300) - 2017Q1 to 2026Q4)",Holdout_Set,0.003031,0.033259,0.660565,0.655699
"XGB Model3 (learning_rate = 0.1, max_depth = 7, n_estimators = 500) - 2017Q1 to 2026Q4)",Training_Set,0.000231,0.010959,0.968327,0.968266
"XGB Model3 (learning_rate = 0.1, max_depth = 7, n_estimators = 500) - 2017Q1 to 2026Q4)",Holdout_Set,0.003056,0.033614,0.657829,0.652925
KNN Model3 - 2017Q1 to 2026Q4,Training_Set,0.000000,0.000000,1.000000,1.000000
KNN Model3 - 2017Q1 to 2026Q4,Holdout_Set,0.004269,0.040486,0.521948,0.515096
OLS Model3 - 2017Q1 to 2026Q4,Training_Set,0.002184,0.029444,0.700571,0.699993
OLS Model3 - 2017Q1 to 2026Q4,Holdout_Set,0.011746,0.097957,-0.315363,-0.334217
Lasso Model3 - 2017Q1 to 2026Q4,Training_Set,0.002383,0.030652,0.673278,0.672647
Lasso Model3 - 2017Q1 to 2026Q4,Holdout_Set,0.003085,0.033568,0.654540,0.649588
Ridge Model3 - 2017Q1 to 2026Q4,Training_Set,0.002185,0.029435,0.700528,0.699950
Ridge Model3 - 2017Q1 to 2026Q4,Holdout_Set,0.008990,0.083026,-0.006697,-0.021126
"RF Model4 (max_depth = 5, max_features = sqrt, min_samples_leaf = 5, n_estimators = 100 - 2017Q1 to 2026Q4)",Training_Set,0.003361,0.038649,0.543018,0.542157
"RF Model4 (max_depth = 5, max_features = sqrt, min_samples_leaf = 5, n_estimators = 100 - 2017Q1 to 2026Q4)",Holdout_Set,0.004826,0.043949,0.459550,0.452225
"RF Model4 (max_depth = 5, max_features = sqrt, min_samples_leaf = 5, n_estimators = 300 - 2017Q1 to 2026Q4)",Training_Set,0.003332,0.038189,0.547014,0.546162
"RF Model4 (max_depth = 5, max_features = sqrt, min_samples_leaf = 5, n_estimators = 300 - 2017Q1 to 2026Q4)",Holdout_Set,0.004828,0.043431,0.459327,0.451998
"RF Model4 (max_depth = 5, max_features = sqrt, min_samples_leaf = 5, n_estimators = 500 - 2017Q1 to 2026Q4)",Training_Set,0.003312,0.038002,0.549750,0.548902
"RF Model4 (max_depth = 5, max_features = sqrt, min_samples_leaf = 5, n_estimators = 500 - 2017Q1 to 2026Q4)",Holdout_Set,0.004801,0.043180,0.462376,0.455088
"RF Model4 (max_depth = 5, max_features = sqrt, min_samples_leaf = 10, n_estimators = 100 - 2017Q1 to 2026Q4)",Training_Set,0.003371,0.038603,0.541711,0.540848
"RF Model4 (max_depth = 5, max_features = sqrt, min_samples_leaf = 10, n_estimators = 100 - 2017Q1 to 2026Q4)",Holdout_Set,0.004802,0.043772,0.462261,0.454971
"RF Model4 (max_depth = 5, max_features = sqrt, min_samples_leaf = 10, n_estimators = 300 - 2017Q1 to 2026Q4)",Training_Set,0.003336,0.038135,0.546434,0.545580
"RF Model4 (max_depth = 5, max_features = sqrt, min_samples_leaf = 10, n_estimators = 300 - 2017Q1 to 2026Q4)",Holdout_Set,0.004810,0.043314,0.461361,0.454060
"RF Model4 (max_depth = 5, max_features = sqrt, min_samples_leaf = 10, n_estimators = 500 - 2017Q1 to 2026Q4)",Training_Set,0.003326,0.038015,0.547776,0.546925
"RF Model4 (max_depth = 5, max_features = sqrt, min_samples_leaf = 10, n_estimators = 500 - 2017Q1 to 2026Q4)",Holdout_Set,0.004795,0.043126,0.463110,0.455832
"RF Model4 (max_depth = 5, max_features = sqrt, min_samples_leaf = 20, n_estimators = 100 - 2017Q1 to 2026Q4)",Training_Set,0.003407,0.038753,0.536853,0.535981
"RF Model4 (max_depth = 5, max_features = sqrt, min_samples_leaf = 20, n_estimators = 100 - 2017Q1 to 2026Q4)",Holdout_Set,0.004827,0.043896,0.459497,0.452171
"RF Model4 (max_depth = 5, max_features = sqrt, min_samples_leaf = 20, n_estimators = 300 - 2017Q1 to 2026Q4)",Training_Set,0.003353,0.038175,0.544120,0.543261
"RF Model4 (max_depth = 5, max_features = sqrt, min_samples_leaf = 20, n_estimators = 300 - 2017Q1 to 2026Q4)",Holdout_Set,0.004792,0.043307,0.463413,0.456139
"RF Model4 (max_depth = 5, max_features = sqrt, min_samples_leaf = 20, n_estimators = 500 - 2017Q1 to 2026Q4)",Training_Set,0.003342,0.038002,0.545640,0.544785
"RF Model4 (max_depth = 5, max_features = sqrt, min_samples_leaf = 20, n_estimators = 500 - 2017Q1 to 2026Q4)",Holdout_Set,0.004792,0.043136,0.463385,0.456111
"RF Model4 (max_depth = 5, max_features = log2, min_samples_leaf = 5, n_estimators = 100 - 2017Q1 to 2026Q4)",Training_Set,0.003831,0.041229,0.479173,0.478192
"RF Model4 (max_depth = 5, max_features = log2, min_samples_leaf = 5, n_estimators = 100 - 2017Q1 to 2026Q4)",Holdout_Set,0.005440,0.046469,0.390809,0.382551
"RF Model4 (max_depth = 5, max_features = log2, min_samples_leaf = 5, n_estimators = 300 - 2017Q1 to 2026Q4)",Training_Set,0.003740,0.040584,0.491527,0.490570
"RF Model4 (max_depth = 5, max_features = log2, min_samples_leaf = 5, n_estimators = 300 - 2017Q1 to 2026Q4)",Holdout_Set,0.005323,0.045781,0.403941,0.395861
"RF Model4 (max_depth = 5, max_features = log2, min_samples_leaf = 5, n_estimators = 500 - 2017Q1 to 2026Q4)",Training_Set,0.003729,0.040542,0.493053,0.492099
"RF Model4 (max_depth = 5, max_features = log2, min_samples_leaf = 5, n_estimators = 500 - 2017Q1 to 2026Q4)",Holdout_Set,0.005307,0.045771,0.405721,0.397666
"RF Model4 (max_depth = 5, max_features = log2, min_samples_leaf = 10, n_estimators = 100 - 2017Q1 to 2026Q4)",Training_Set,0.003859,0.041238,0.475362,0.474374
"RF Model4 (max_depth = 5, max_features = log2, min_samples_leaf = 10, n_estimators = 100 - 2017Q1 to 2026Q4)",Holdout_Set,0.005442,0.046370,0.390585,0.382324
"RF Model4 (max_depth = 5, max_features = log2, min_samples_leaf = 10, n_estimators = 300 - 2017Q1 to 2026Q4)",Training_Set,0.003758,0.040561,0.489107,0.488145
"RF Model4 (max_depth = 5, max_features = log2, min_samples_leaf = 10, n_estimators = 300 - 2017Q1 to 2026Q4)",Holdout_Set,0.005314,0.045733,0.404951,0.396885
"RF Model4 (max_depth = 5, max_features = log2, min_samples_leaf = 10, n_estimators = 500 - 2017Q1 to 2026Q4)",Training_Set,0.003761,0.040613,0.488713,0.487750
"RF Model4 (max_depth = 5, max_features = log2, min_samples_leaf = 10, n_estimators = 500 - 2017Q1 to 2026Q4)",Holdout_Set,0.005317,0.045853,0.404652,0.396582
"RF Model4 (max_depth = 5, max_features = log2, min_samples_leaf = 20, n_estimators = 100 - 2017Q1 to 2026Q4)",Training_Set,0.003887,0.041343,0.471506,0.470511
"RF Model4 (max_depth = 5, max_features = log2, min_samples_leaf = 20, n_estimators = 100 - 2017Q1 to 2026Q4)",Holdout_Set,0.005487,0.046661,0.385552,0.377223
"RF Model4 (max_depth = 5, max_features = log2, min_samples_leaf = 20, n_estimators = 300 - 2017Q1 to 2026Q4)",Training_Set,0.003773,0.040541,0.487070,0.486104
"RF Model4 (max_depth = 5, max_features = log2, min_samples_leaf = 20, n_estimators = 300 - 2017Q1 to 2026Q4)",Holdout_Set,0.005292,0.045580,0.407440,0.399408
"RF Model4 (max_depth = 5, max_features = log2, min_samples_leaf = 20, n_estimators = 500 - 2017Q1 to 2026Q4)",Training_Set,0.003777,0.040563,0.486485,0.485518
"RF Model4 (max_depth = 5, max_features = log2, min_samples_leaf = 20, n_estimators = 500 - 2017Q1 to 2026Q4)",Holdout_Set,0.005302,0.045671,0.406316,0.398269
"RF Model4 (max_depth = 10, max_features = sqrt, min_samples_leaf = 5, n_estimators = 100 - 2017Q1 to 2026Q4)",Training_Set,0.001998,0.029149,0.728335,0.727823
"RF Model4 (max_depth = 10, max_features = sqrt, min_samples_leaf = 5, n_estimators = 100 - 2017Q1 to 2026Q4)",Holdout_Set,0.003796,0.036825,0.574912,0.569150
"RF Model4 (max_depth = 10, max_features = sqrt, min_samples_leaf = 5, n_estimators = 300 - 2017Q1 to 2026Q4)",Training_Set,0.001981,0.029008,0.730643,0.730136
"RF Model4 (max_depth = 10, max_features = sqrt, min_samples_leaf = 5, n_estimators = 300 - 2017Q1 to 2026Q4)",Holdout_Set,0.003756,0.036719,0.579365,0.573663
"RF Model4 (max_depth = 10, max_features = sqrt, min_samples_leaf = 5, n_estimators = 500 - 2017Q1 to 2026Q4)",Training_Set,0.001980,0.028974,0.730778,0.730271
"RF Model4 (max_depth = 10, max_features = sqrt, min_samples_leaf = 5, n_estimators = 500 - 2017Q1 to 2026Q4)",Holdout_Set,0.003759,0.036689,0.579085,0.573379
"RF Model4 (max_depth = 10, max_features = sqrt, min_samples_leaf = 10, n_estimators = 100 - 2017Q1 to 2026Q4)",Training_Set,0.002201,0.030062,0.700758,0.700195
"RF Model4 (max_depth = 10, max_features = sqrt, min_samples_leaf = 10, n_estimators = 100 - 2017Q1 to 2026Q4)",Holdout_Set,0.003887,0.037270,0.564760,0.558860
"RF Model4 (max_depth = 10, max_features = sqrt, min_samples_leaf = 10, n_estimators = 300 - 2017Q1 to 2026Q4)",Training_Set,0.002172,0.029705,0.704741,0.704186
"RF Model4 (max_depth = 10, max_features = sqrt, min_samples_leaf = 10, n_estimators = 300 - 2017Q1 to 2026Q4)",Holdout_Set,0.003830,0.036826,0.571096,0.565282
"RF Model4 (max_depth = 10, max_features = sqrt, min_samples_leaf = 10, n_estimators = 500 - 2017Q1 to 2026Q4)",Training_Set,0.002177,0.029666,0.704004,0.703447
"RF Model4 (max_depth = 10, max_features = sqrt, min_samples_leaf = 10, n_estimators = 500 - 2017Q1 to 2026Q4)",Holdout_Set,0.003838,0.036847,0.570182,0.564356
"RF Model4 (max_depth = 10, max_features = sqrt, min_samples_leaf = 20, n_estimators = 100 - 2017Q1 to 2026Q4)",Training_Set,0.002411,0.030848,0.672200,0.671583
"RF Model4 (max_depth = 10, max_features = sqrt, min_samples_leaf = 20, n_estimators = 100 - 2017Q1 to 2026Q4)",Holdout_Set,0.003962,0.037506,0.556330,0.550316
"RF Model4 (max_depth = 10, max_features = sqrt, min_samples_leaf = 20, n_estimators = 300 - 2017Q1 to 2026Q4)",Training_Set,0.002388,0.030574,0.675386,0.674774
"RF Model4 (max_depth = 10, max_features = sqrt, min_samples_leaf = 20, n_estimators = 300 - 2017Q1 to 2026Q4)",Holdout_Set,0.003965,0.037317,0.556040,0.550022
"RF Model4 (max_depth = 10, max_features = sqrt, min_samples_leaf = 20, n_estimators = 500 - 2017Q1 to 2026Q4)",Training_Set,0.002375,0.030447,0.677057,0.676449
"RF Model4 (max_depth = 10, max_features = sqrt, min_samples_leaf = 20, n_estimators = 500 - 2017Q1 to 2026Q4)",Holdout_Set,0.003937,0.037189,0.559139,0.553164
"RF Model4 (max_depth = 10, max_features = log2, min_samples_leaf = 5, n_estimators = 100 - 2017Q1 to 2026Q4)",Training_Set,0.002312,0.031626,0.685652,0.685060
"RF Model4 (max_depth = 10, max_features = log2, min_samples_leaf = 5, n_estimators = 100 - 2017Q1 to 2026Q4)",Holdout_Set,0.004180,0.039449,0.531911,0.525566
"RF Model4 (max_depth = 10, max_features = log2, min_samples_leaf = 5, n_estimators = 300 - 2017Q1 to 2026Q4)",Training_Set,0.002300,0.031502,0.687377,0.686788
"RF Model4 (max_depth = 10, max_features = log2, min_samples_leaf = 5, n_estimators = 300 - 2017Q1 to 2026Q4)",Holdout_Set,0.004204,0.039514,0.529257,0.522876
"RF Model4 (max_depth = 10, max_features = log2, min_samples_leaf = 5, n_estimators = 500 - 2017Q1 to 2026Q4)",Training_Set,0.002301,0.031473,0.687140,0.686551
"RF Model4 (max_depth = 10, max_features = log2, min_samples_leaf = 5, n_estimators = 500 - 2017Q1 to 2026Q4)",Holdout_Set,0.004186,0.039368,0.531250,0.524896
"RF Model4 (max_depth = 10, max_features = log2, min_samples_leaf = 10, n_estimators = 100 - 2017Q1 to 2026Q4)",Training_Set,0.002489,0.032284,0.661618,0.660981
"RF Model4 (max_depth = 10, max_features = log2, min_samples_leaf = 10, n_estimators = 100 - 2017Q1 to 2026Q4)",Holdout_Set,0.004276,0.039632,0.521187,0.514697
"RF Model4 (max_depth = 10, max_features = log2, min_samples_leaf = 10, n_estimators = 300 - 2017Q1 to 2026Q4)",Training_Set,0.002455,0.031907,0.666186,0.665558
"RF Model4 (max_depth = 10, max_features = log2, min_samples_leaf = 10, n_estimators = 300 - 2017Q1 to 2026Q4)",Holdout_Set,0.004208,0.039266,0.528834,0.522447
"RF Model4 (max_depth = 10, max_features = log2, min_samples_leaf = 10, n_estimators = 500 - 2017Q1 to 2026Q4)",Training_Set,0.002467,0.031936,0.664605,0.663973
"RF Model4 (max_depth = 10, max_features = log2, min_samples_leaf = 10, n_estimators = 500 - 2017Q1 to 2026Q4)",Holdout_Set,0.004223,0.039284,0.527068,0.520657
"RF Model4 (max_depth = 10, max_features = log2, min_samples_leaf = 20, n_estimators = 100 - 2017Q1 to 2026Q4)",Training_Set,0.002670,0.032624,0.637034,0.636351
"RF Model4 (max_depth = 10, max_features = log2, min_samples_leaf = 20, n_estimators = 100 - 2017Q1 to 2026Q4)",Holdout_Set,0.004272,0.039352,0.521590,0.515105
"RF Model4 (max_depth = 10, max_features = log2, min_samples_leaf = 20, n_estimators = 300 - 2017Q1 to 2026Q4)",Training_Set,0.002654,0.032501,0.639224,0.638545
"RF Model4 (max_depth = 10, max_features = log2, min_samples_leaf = 20, n_estimators = 300 - 2017Q1 to 2026Q4)",Holdout_Set,0.004258,0.039301,0.523205,0.516742
"RF Model4 (max_depth = 10, max_features = log2, min_samples_leaf = 20, n_estimators = 500 - 2017Q1 to 2026Q4)",Training_Set,0.002645,0.032475,0.640413,0.639736
"RF Model4 (max_depth = 10, max_features = log2, min_samples_leaf = 20, n_estimators = 500 - 2017Q1 to 2026Q4)",Holdout_Set,0.004263,0.039369,0.522661,0.516191
"RF Model4 (max_depth = 15, max_features = sqrt, min_samples_leaf = 5, n_estimators = 100 - 2017Q1 to 2026Q4)",Training_Set,0.001466,0.023652,0.800724,0.800349
"RF Model4 (max_depth = 15, max_features = sqrt, min_samples_leaf = 5, n_estimators = 100 - 2017Q1 to 2026Q4)",Holdout_Set,0.003585,0.035304,0.598555,0.593114
"RF Model4 (max_depth = 15, max_features = sqrt, min_samples_leaf = 5, n_estimators = 300 - 2017Q1 to 2026Q4)",Training_Set,0.001456,0.023482,0.802067,0.801694
"RF Model4 (max_depth = 15, max_features = sqrt, min_samples_leaf = 5, n_estimators = 300 - 2017Q1 to 2026Q4)",Holdout_Set,0.003597,0.035193,0.597204,0.591744
"RF Model4 (max_depth = 15, max_features = sqrt, min_samples_leaf = 5, n_estimators = 500 - 2017Q1 to 2026Q4)",Training_Set,0.001450,0.023429,0.802861,0.802490
"RF Model4 (max_depth = 15, max_features = sqrt, min_samples_leaf = 5, n_estimators = 500 - 2017Q1 to 2026Q4)",Holdout_Set,0.003575,0.035080,0.599623,0.594196
"RF Model4 (max_depth = 15, max_features = sqrt, min_samples_leaf = 10, n_estimators = 100 - 2017Q1 to 2026Q4)",Training_Set,0.001831,0.025952,0.751015,0.750546
"RF Model4 (max_depth = 15, max_features = sqrt, min_samples_leaf = 10, n_estimators = 100 - 2017Q1 to 2026Q4)",Holdout_Set,0.003673,0.035451,0.588661,0.583085
"RF Model4 (max_depth = 15, max_features = sqrt, min_samples_leaf = 10, n_estimators = 300 - 2017Q1 to 2026Q4)",Training_Set,0.001838,0.025960,0.750126,0.749656
"RF Model4 (max_depth = 15, max_features = sqrt, min_samples_leaf = 10, n_estimators = 300 - 2017Q1 to 2026Q4)",Holdout_Set,0.003678,0.035452,0.588126,0.582543
"RF Model4 (max_depth = 15, max_features = sqrt, min_samples_leaf = 10, n_estimators = 500 - 2017Q1 to 2026Q4)",Training_Set,0.001840,0.025936,0.749886,0.749415
"RF Model4 (max_depth = 15, max_features = sqrt, min_samples_leaf = 10, n_estimators = 500 - 2017Q1 to 2026Q4)",Holdout_Set,0.003688,0.035459,0.586995,0.581397
"RF Model4 (max_depth = 15, max_features = sqrt, min_samples_leaf = 20, n_estimators = 100 - 2017Q1 to 2026Q4)",Training_Set,0.002213,0.028544,0.699140,0.698573
"RF Model4 (max_depth = 15, max_features = sqrt, min_samples_leaf = 20, n_estimators = 100 - 2017Q1 to 2026Q4)",Holdout_Set,0.003849,0.036313,0.569026,0.563184
"RF Model4 (max_depth = 15, max_features = sqrt, min_samples_leaf = 20, n_estimators = 300 - 2017Q1 to 2026Q4)",Training_Set,0.002202,0.028360,0.700685,0.700122
"RF Model4 (max_depth = 15, max_features = sqrt, min_samples_leaf = 20, n_estimators = 300 - 2017Q1 to 2026Q4)",Holdout_Set,0.003813,0.036050,0.573056,0.567269
"RF Model4 (max_depth = 15, max_features = sqrt, min_samples_leaf = 20, n_estimators = 500 - 2017Q1 to 2026Q4)",Training_Set,0.002197,0.028303,0.701266,0.700704
"RF Model4 (max_depth = 15, max_features = sqrt, min_samples_leaf = 20, n_estimators = 500 - 2017Q1 to 2026Q4)",Holdout_Set,0.003819,0.036059,0.572380,0.566583
"RF Model4 (max_depth = 15, max_features = log2, min_samples_leaf = 5, n_estimators = 100 - 2017Q1 to 2026Q4)",Training_Set,0.001686,0.025631,0.770763,0.770331
"RF Model4 (max_depth = 15, max_features = log2, min_samples_leaf = 5, n_estimators = 100 - 2017Q1 to 2026Q4)",Holdout_Set,0.003897,0.037180,0.563653,0.557738
"RF Model4 (max_depth = 15, max_features = log2, min_samples_leaf = 5, n_estimators = 300 - 2017Q1 to 2026Q4)",Training_Set,0.001672,0.025432,0.772731,0.772303
"RF Model4 (max_depth = 15, max_features = log2, min_samples_leaf = 5, n_estimators = 300 - 2017Q1 to 2026Q4)",Holdout_Set,0.003893,0.037077,0.564060,0.558151
"RF Model4 (max_depth = 15, max_features = log2, min_samples_leaf = 5, n_estimators = 500 - 2017Q1 to 2026Q4)",Training_Set,0.001680,0.025480,0.771674,0.771244
"RF Model4 (max_depth = 15, max_features = log2, min_samples_leaf = 5, n_estimators = 500 - 2017Q1 to 2026Q4)",Holdout_Set,0.003910,0.037188,0.562130,0.556195
"RF Model4 (max_depth = 15, max_features = log2, min_samples_leaf = 10, n_estimators = 100 - 2017Q1 to 2026Q4)",Training_Set,0.002114,0.028309,0.712633,0.712092
"RF Model4 (max_depth = 15, max_features = log2, min_samples_leaf = 10, n_estimators = 100 - 2017Q1 to 2026Q4)",Holdout_Set,0.004085,0.038017,0.542571,0.536371
"RF Model4 (max_depth = 15, max_features = log2, min_samples_leaf = 10, n_estimators = 300 - 2017Q1 to 2026Q4)",Training_Set,0.002095,0.028096,0.715197,0.714660
"RF Model4 (max_depth = 15, max_features = log2, min_samples_leaf = 10, n_estimators = 300 - 2017Q1 to 2026Q4)",Holdout_Set,0.004064,0.037801,0.544890,0.538721
"RF Model4 (max_depth = 15, max_features = log2, min_samples_leaf = 10, n_estimators = 500 - 2017Q1 to 2026Q4)",Training_Set,0.002093,0.028065,0.715467,0.714931
"RF Model4 (max_depth = 15, max_features = log2, min_samples_leaf = 10, n_estimators = 500 - 2017Q1 to 2026Q4)",Holdout_Set,0.004043,0.037690,0.547282,0.541146
"RF Model4 (max_depth = 15, max_features = log2, min_samples_leaf = 20, n_estimators = 100 - 2017Q1 to 2026Q4)",Training_Set,0.002483,0.030531,0.662391,0.661755
"RF Model4 (max_depth = 15, max_features = log2, min_samples_leaf = 20, n_estimators = 100 - 2017Q1 to 2026Q4)",Holdout_Set,0.004233,0.038720,0.525985,0.519560
"RF Model4 (max_depth = 15, max_features = log2, min_samples_leaf = 20, n_estimators = 300 - 2017Q1 to 2026Q4)",Training_Set,0.002456,0.030274,0.666153,0.665525
"RF Model4 (max_depth = 15, max_features = log2, min_samples_leaf = 20, n_estimators = 300 - 2017Q1 to 2026Q4)",Holdout_Set,0.004190,0.038397,0.530777,0.524417
"RF Model4 (max_depth = 15, max_features = log2, min_samples_leaf = 20, n_estimators = 500 - 2017Q1 to 2026Q4)",Training_Set,0.002462,0.030329,0.665328,0.664698
"RF Model4 (max_depth = 15, max_features = log2, min_samples_leaf = 20, n_estimators = 500 - 2017Q1 to 2026Q4)",Holdout_Set,0.004188,0.038374,0.531082,0.524726
"XGB Model4 (learning_rate = 0.01, max_depth = 3, n_estimators = 100) - 2017Q1 to 2026Q4)",Training_Set,0.003279,0.038382,0.554175,0.553288
"XGB Model4 (learning_rate = 0.01, max_depth = 3, n_estimators = 100) - 2017Q1 to 2026Q4)",Holdout_Set,0.004296,0.042184,0.518921,0.512025
"XGB Model4 (learning_rate = 0.01, max_depth = 3, n_estimators = 300) - 2017Q1 to 2026Q4)",Training_Set,0.002265,0.029768,0.692094,0.691481
"XGB Model4 (learning_rate = 0.01, max_depth = 3, n_estimators = 300) - 2017Q1 to 2026Q4)",Holdout_Set,0.003106,0.033165,0.652246,0.647262
"XGB Model4 (learning_rate = 0.01, max_depth = 3, n_estimators = 500) - 2017Q1 to 2026Q4)",Training_Set,0.002069,0.028486,0.718740,0.718181
"XGB Model4 (learning_rate = 0.01, max_depth = 3, n_estimators = 500) - 2017Q1 to 2026Q4)",Holdout_Set,0.002940,0.032111,0.670793,0.666074
"XGB Model4 (learning_rate = 0.01, max_depth = 5, n_estimators = 100) - 2017Q1 to 2026Q4)",Training_Set,0.002876,0.036101,0.609077,0.608299
"XGB Model4 (learning_rate = 0.01, max_depth = 5, n_estimators = 100) - 2017Q1 to 2026Q4)",Holdout_Set,0.003990,0.040303,0.553191,0.546787
"XGB Model4 (learning_rate = 0.01, max_depth = 5, n_estimators = 300) - 2017Q1 to 2026Q4)",Training_Set,0.001829,0.027412,0.751313,0.750818
"XGB Model4 (learning_rate = 0.01, max_depth = 5, n_estimators = 300) - 2017Q1 to 2026Q4)",Holdout_Set,0.002890,0.032084,0.676400,0.671761
"XGB Model4 (learning_rate = 0.01, max_depth = 5, n_estimators = 500) - 2017Q1 to 2026Q4)",Training_Set,0.001623,0.026188,0.779415,0.778976
"XGB Model4 (learning_rate = 0.01, max_depth = 5, n_estimators = 500) - 2017Q1 to 2026Q4)",Holdout_Set,0.002859,0.031731,0.679878,0.675289
"XGB Model4 (learning_rate = 0.01, max_depth = 7, n_estimators = 100) - 2017Q1 to 2026Q4)",Training_Set,0.002529,0.034561,0.656146,0.655462
"XGB Model4 (learning_rate = 0.01, max_depth = 7, n_estimators = 100) - 2017Q1 to 2026Q4)",Holdout_Set,0.004012,0.039896,0.550787,0.544348
"XGB Model4 (learning_rate = 0.01, max_depth = 7, n_estimators = 300) - 2017Q1 to 2026Q4)",Training_Set,0.001350,0.024814,0.816530,0.816165
"XGB Model4 (learning_rate = 0.01, max_depth = 7, n_estimators = 300) - 2017Q1 to 2026Q4)",Holdout_Set,0.002949,0.032347,0.669796,0.665063
"XGB Model4 (learning_rate = 0.01, max_depth = 7, n_estimators = 500) - 2017Q1 to 2026Q4)",Training_Set,0.001125,0.023057,0.847109,0.846805
"XGB Model4 (learning_rate = 0.01, max_depth = 7, n_estimators = 500) - 2017Q1 to 2026Q4)",Holdout_Set,0.002941,0.032171,0.670639,0.665918
"XGB Model4 (learning_rate = 0.05, max_depth = 3, n_estimators = 100) - 2017Q1 to 2026Q4)",Training_Set,0.002064,0.028460,0.719355,0.718796
"XGB Model4 (learning_rate = 0.05, max_depth = 3, n_estimators = 100) - 2017Q1 to 2026Q4)",Holdout_Set,0.002928,0.032028,0.672090,0.667390
"XGB Model4 (learning_rate = 0.05, max_depth = 3, n_estimators = 300) - 2017Q1 to 2026Q4)",Training_Set,0.001802,0.027153,0.755038,0.754550
"XGB Model4 (learning_rate = 0.05, max_depth = 3, n_estimators = 300) - 2017Q1 to 2026Q4)",Holdout_Set,0.002809,0.031541,0.685411,0.680902
"XGB Model4 (learning_rate = 0.05, max_depth = 3, n_estimators = 500) - 2017Q1 to 2026Q4)",Training_Set,0.001671,0.026531,0.772771,0.772319
"XGB Model4 (learning_rate = 0.05, max_depth = 3, n_estimators = 500) - 2017Q1 to 2026Q4)",Holdout_Set,0.002800,0.031671,0.686476,0.681982
"XGB Model4 (learning_rate = 0.05, max_depth = 5, n_estimators = 100) - 2017Q1 to 2026Q4)",Training_Set,0.001620,0.026176,0.779699,0.779261
"XGB Model4 (learning_rate = 0.05, max_depth = 5, n_estimators = 100) - 2017Q1 to 2026Q4)",Holdout_Set,0.002873,0.031793,0.678323,0.673713
"XGB Model4 (learning_rate = 0.05, max_depth = 5, n_estimators = 300) - 2017Q1 to 2026Q4)",Training_Set,0.001244,0.024026,0.830864,0.830527
"XGB Model4 (learning_rate = 0.05, max_depth = 5, n_estimators = 300) - 2017Q1 to 2026Q4)",Holdout_Set,0.002878,0.032047,0.677753,0.673134
"XGB Model4 (learning_rate = 0.05, max_depth = 5, n_estimators = 500) - 2017Q1 to 2026Q4)",Training_Set,0.001044,0.022490,0.858098,0.857816
"XGB Model4 (learning_rate = 0.05, max_depth = 5, n_estimators = 500) - 2017Q1 to 2026Q4)",Holdout_Set,0.002911,0.032399,0.674047,0.669375
"XGB Model4 (learning_rate = 0.05, max_depth = 7, n_estimators = 100) - 2017Q1 to 2026Q4)",Training_Set,0.001132,0.023103,0.846109,0.845802
"XGB Model4 (learning_rate = 0.05, max_depth = 7, n_estimators = 100) - 2017Q1 to 2026Q4)",Holdout_Set,0.002927,0.032168,0.672208,0.667510
"XGB Model4 (learning_rate = 0.05, max_depth = 7, n_estimators = 300) - 2017Q1 to 2026Q4)",Training_Set,0.000747,0.019358,0.898439,0.898237
"XGB Model4 (learning_rate = 0.05, max_depth = 7, n_estimators = 300) - 2017Q1 to 2026Q4)",Holdout_Set,0.002967,0.032647,0.667810,0.663048
"XGB Model4 (learning_rate = 0.05, max_depth = 7, n_estimators = 500) - 2017Q1 to 2026Q4)",Training_Set,0.000526,0.016415,0.928527,0.928384
"XGB Model4 (learning_rate = 0.05, max_depth = 7, n_estimators = 500) - 2017Q1 to 2026Q4)",Holdout_Set,0.003017,0.033143,0.662110,0.657267
"XGB Model4 (learning_rate = 0.1, max_depth = 3, n_estimators = 100) - 2017Q1 to 2026Q4)",Training_Set,0.001897,0.027566,0.742167,0.741654
"XGB Model4 (learning_rate = 0.1, max_depth = 3, n_estimators = 100) - 2017Q1 to 2026Q4)",Holdout_Set,0.002860,0.031917,0.679703,0.675112
"XGB Model4 (learning_rate = 0.1, max_depth = 3, n_estimators = 300) - 2017Q1 to 2026Q4)",Training_Set,0.001607,0.026235,0.781510,0.781076
"XGB Model4 (learning_rate = 0.1, max_depth = 3, n_estimators = 300) - 2017Q1 to 2026Q4)",Holdout_Set,0.002801,0.031941,0.686375,0.681880
"XGB Model4 (learning_rate = 0.1, max_depth = 3, n_estimators = 500) - 2017Q1 to 2026Q4)",Training_Set,0.001445,0.025399,0.803571,0.803181
"XGB Model4 (learning_rate = 0.1, max_depth = 3, n_estimators = 500) - 2017Q1 to 2026Q4)",Holdout_Set,0.002817,0.032174,0.684597,0.680076
"XGB Model4 (learning_rate = 0.1, max_depth = 5, n_estimators = 100) - 2017Q1 to 2026Q4)",Training_Set,0.001394,0.024989,0.810466,0.810089
"XGB Model4 (learning_rate = 0.1, max_depth = 5, n_estimators = 100) - 2017Q1 to 2026Q4)",Holdout_Set,0.002868,0.031833,0.678810,0.674206
"XGB Model4 (learning_rate = 0.1, max_depth = 5, n_estimators = 300) - 2017Q1 to 2026Q4)",Training_Set,0.000965,0.021818,0.868768,0.868507
"XGB Model4 (learning_rate = 0.1, max_depth = 5, n_estimators = 300) - 2017Q1 to 2026Q4)",Holdout_Set,0.002931,0.032588,0.671810,0.667106
"XGB Model4 (learning_rate = 0.1, max_depth = 5, n_estimators = 500) - 2017Q1 to 2026Q4)",Training_Set,0.000740,0.019457,0.899336,0.899136
"XGB Model4 (learning_rate = 0.1, max_depth = 5, n_estimators = 500) - 2017Q1 to 2026Q4)",Holdout_Set,0.002984,0.033076,0.665809,0.661019
"XGB Model4 (learning_rate = 0.1, max_depth = 7, n_estimators = 100) - 2017Q1 to 2026Q4)",Training_Set,0.000894,0.020971,0.878432,0.878190
"XGB Model4 (learning_rate = 0.1, max_depth = 7, n_estimators = 100) - 2017Q1 to 2026Q4)",Holdout_Set,0.003076,0.032803,0.655591,0.650655
"XGB Model4 (learning_rate = 0.1, max_depth = 7, n_estimators = 300) - 2017Q1 to 2026Q4)",Training_Set,0.000434,0.015020,0.941066,0.940949
"XGB Model4 (learning_rate = 0.1, max_depth = 7, n_estimators = 300) - 2017Q1 to 2026Q4)",Holdout_Set,0.003146,0.033724,0.647687,0.642637
"XGB Model4 (learning_rate = 0.1, max_depth = 7, n_estimators = 500) - 2017Q1 to 2026Q4)",Training_Set,0.000235,0.011069,0.968020,0.967957
"XGB Model4 (learning_rate = 0.1, max_depth = 7, n_estimators = 500) - 2017Q1 to 2026Q4)",Holdout_Set,0.003186,0.034296,0.643259,0.638146
KNN Model4 - 2017Q1 to 2026Q4,Training_Set,0.000000,0.000000,1.000000,1.000000
KNN Model4 - 2017Q1 to 2026Q4,Holdout_Set,0.004241,0.040439,0.525082,0.518275
OLS Model4 - 2017Q1 to 2026Q4,Training_Set,0.002207,0.029646,0.699971,0.699374
OLS Model4 - 2017Q1 to 2026Q4,Holdout_Set,0.003082,0.035890,0.654829,0.649881
Lasso Model4 - 2017Q1 to 2026Q4,Training_Set,0.002409,0.030853,0.672510,0.671858
Lasso Model4 - 2017Q1 to 2026Q4,Holdout_Set,0.003086,0.033546,0.654484,0.649532
Ridge Model4 - 2017Q1 to 2026Q4,Training_Set,0.002207,0.029645,0.699969,0.699372
Ridge Model4 - 2017Q1 to 2026Q4,Holdout_Set,0.003074,0.035744,0.655795,0.650862
